song_name,singer,singer_id,duration,language,released_date,danceability,acousticness,energy,liveness,loudness,speechiness,tempo,mode,key,Valence,time_signature,popularity,Stream,year
En Iniya Pon Nilave,K J Yesudas,/artist/k-j-yesudas,04:18,Tamil,04-04-2002,0.8,0.849,0.467,0.17,-3.264,0.02,162.04,1,0,0.06,4,46,7160839,2002
Andhi Mazhai Pozhigirathu,S. Janaki|S. P. Balasubrahmanyam|T.V. Gopalakrishnan,/artist/s-janaki|/artist/s-p-balasubrahamanyam|/artist/tv-gopalakrishnan,04:36,Tamil,01-03-2023,0.1,0.36,0.039,0.18,-4.747,0.0677,151.99,1,5,0.0688,4,53,4329874,2023
Ilamai Ennum Poonkaatru,S. P. Balasubrahmanyam,/artist/s-p-balasubrahamanyam,04:08,Tamil,07-07-2002,0.02,0.2,0.378,0.67,-9.441,0.021,169.464,1,5,0.02,4,51,8531979,2002
Ithu Oru Ponmalai,S. P. Balasubrahmanyam,/artist/s-p-balasubrahamanyam,04:20,Tamil,04-03-2020,0.29,0.663,0.014,0.765,-12.583,0.095,145.046,1,6,0.019,4,77,4102936,2020
Senorita,S. P. Balasubrahmanyam,/artist/s-p-balasubrahamanyam,04:24,Tamil,01-06-2003,0.19,0.195,0.925,0.777,-8.851,0.014,162.149,1,1,0.056,4,71,2783036,2003
Senthazhampoovil,K J Yesudas,/artist/k-j-yesudas,04:35,Tamil,12-01-2008,0.68,0.45,0.924,0.19,-2.296,0.086,171.638,1,7,0.006,4,36,9516156,2008
Poongathave,Deepan Chakravarthy|Uma Ramanan,/artist/deepan-chakravarthy|/artist/uma-ramanan-1,04:22,Tamil,07-07-2008,0.84,0.86,0.888,0.68,-9.996,0.03,139.956,0,6,0.0181,4,27,3358489,2008
Sorgam Madhuvile,S. P. Balasubrahmanyam,/artist/s-p-balasubrahamanyam,04:34,Tamil,10-09-2008,0.95,0.552,0.224,0.97,-10.388,0.0,139.973,1,1,0.067,4,89,4972246,2008
Machaanai Paatheengala,S. Janaki,/artist/s-janaki,04:36,Tamil,02-07-2023,0.69,0.79,0.983,0.12,-10.097,0.03,114.258,0,1,0.05,4,79,9308946,2023
Oru Thanga Radhathil,Malaysia Vasudevan,/artist/malaysia-vasudevan,04:26,Tamil,08-11-2022,0.69,0.635,0.365,0.46,-10.406,0.0788,130.036,1,11,0.0623,4,77,7737042,2022
Meenkodi Theril,K J Yesudas,/artist/k-j-yesudas,04:31,Tamil,08-01-2007,0.45,0.076,0.865,0.749,-3.951,0.0884,108.963,1,7,0.096,4,59,5922764,2007
Podhuvaga En Manasu,Malaysia Vasudevan,/artist/malaysia-vasudevan,05:06,Tamil,07-06-2007,0.1,0.4,0.631,0.59,-4.172,0.048,130.032,0,3,0.0744,4,61,8942899,2007
Vizhiyile Malarndhadhu,S. P. Balasubrahmanyam,/artist/s-p-balasubrahamanyam,04:22,Tamil,11-04-2005,0.33,0.13,0.753,0.81,-9.032,0.06,200.008,1,2,0.01,4,36,10279594,2005
Muthaitharu,T.M. Soundararajan,/artist/tm-soundararajan,03:16,Tamil,04-12-2022,0.45,0.68,0.359,0.98,-10.251,0.0215,162.127,1,9,0.0208,4,93,3502986,2022
Thaaliyae Thevaiyillai,Bhavatharini|Hariharan,/artist/bhavatharini|/artist/hariharan,04:47,Tamil,09-07-2005,0.62,0.36,0.722,0.83,-2.454,0.0,155.022,0,4,0.039,4,76,9726836,2005
Neengatha Ennam,Malaysia Vasudevan|S. Janaki,/artist/malaysia-vasudevan|/artist/s-janaki,04:07,Tamil,09-06-2020,0.98,0.331,0.015,0.283,-11.301,0.055,150.009,1,5,0.03,4,89,2882889,2020
Kanmaniyae Kadhal Enbathu,S. P. Balasubrahmanyam|S. Janaki,/artist/s-p-balasubrahamanyam|/artist/s-janaki,04:25,Tamil,09-08-2023,0.82,0.3,0.129,0.36,-10.779,0.03,159.951,0,10,0.0077,4,38,743133,2023
Ithu Oru Ponmalai,S. P. Balasubrahmanyam,/artist/s-p-balasubrahamanyam,04:18,Tamil,05-01-2004,0.68,0.676,0.604,0.456,-3.967,0.02,161.05,1,8,0.08,4,100,7761372,2004
En Vaanilay,Jency,/artist/jency,04:49,Tamil,06-08-2009,0.65,0.261,0.55,0.296,-13.797,0.001,160.032,1,0,0.04,4,84,3344544,2009
Uravugal Thodarkathai,K J Yesudas,/artist/k-j-yesudas,04:27,Tamil,10-10-2022,0.53,0.9,0.619,0.31,-8.906,0.01,199.986,1,11,0.0598,4,100,2116206,2022
Oru Iniya Manathu,Sujatha Mohan,/artist/sujatha,04:22,Tamil,09-08-2001,0.34,0.155,0.922,0.348,-10.902,0.088,189.922,0,10,0.1,4,61,248279,2001
Nilai Marum Ulagil,K J Yesudas,/artist/k-j-yesudas,04:51,Tamil,10-09-2001,0.05,0.88,0.397,0.04,-13.936,0.03,141.037,0,4,0.04,4,58,1298602,2001
Chippiyirukkuthu,S. Janaki|S. P. Balasubrahmanyam,/artist/s-janaki|/artist/s-p-balasubrahamanyam,04:52,Tamil,10-08-2006,0.12,0.03,0.248,0.025,-2.616,0.04,150.044,1,2,0.063,4,50,2062009,2006
Ragangal Padhnaaru,S. P. Balasubrahmanyam,/artist/s-p-balasubrahamanyam,04:06,Tamil,08-04-2021,0.93,0.72,0.069,0.87,-8.546,0.0271,129.999,0,4,0.018,4,76,2955920,2021
Deivam Thantha,K J Yesudas,/artist/k-j-yesudas,04:37,Tamil,03-05-2005,0.42,0.44,0.107,0.46,-3.888,0.011,112.01,1,1,0.08,4,44,4027487,2005
Chuzhi Pottu,Sirkazhi Govindarajan,/artist/sirkazhi-govindarajan,03:19,Tamil,04-12-2007,0.03,0.9,0.434,0.63,-5.21,0.0638,180.026,1,1,0.093,4,97,5911260,2007
Illamai etho ehto,S. P. Balasubrahmanyam|S. Janaki,/artist/s-p-balasubrahamanyam|/artist/s-janaki,05:49,Tamil,02-10-2006,0.64,0.481,0.613,0.247,-9.784,0.0199,109.237,0,0,0.0998,4,43,7780048,2006
Unnakkenna Melae,S. P. Balasubrahmanyam,/artist/s-p-balasubrahamanyam,04:43,Tamil,01-07-2007,0.66,0.91,0.972,0.394,-8.131,0.0242,167.892,0,0,0.0814,4,70,9118198,2007
Atho Andha Paravaipola,T.M. Soundararajan,/artist/tm-soundararajan,05:05,Tamil,10-12-2020,0.5,0.31,0.477,0.87,-10.401,0.0249,166.019,0,5,0.069,4,78,859327,2020
Kovil Mani Osai,Malaysia Vasudevan|S. Janaki,/artist/malaysia-vasudevan|/artist/s-janaki,04:43,Tamil,01-04-2004,0.79,0.63,0.753,0.343,-11.488,0.01,148.028,0,0,0.0201,4,34,7933699,2004
Raman Aandaalum,S. P. Balasubrahmanyam|L.R. Anjali,/artist/s-p-balasubrahamanyam|/artist/lr-anjali,05:49,Tamil,10-02-2005,0.35,0.45,0.429,0.98,-11.537,0.08,153.967,1,9,0.09,4,34,4818147,2005
Kaatru Vaanga,T.M. Soundararajan,/artist/tm-soundararajan,03:43,Tamil,08-10-2006,0.31,0.787,0.425,0.67,-12.023,0.0361,149.964,1,8,0.01,4,67,5947679,2006
Vethalaya Potendi,M. S. Viswanathan,/artist/m-s-viswanathan-2,04:48,Tamil,07-11-2003,0.04,0.02,0.58,0.29,-12.075,0.09,129.829,1,7,0.0943,4,38,3193372,2003
Kannan Oru,P. Susheela|K J Yesudas,/artist/p-suseela-2|/artist/k-j-yesudas,04:43,Tamil,07-02-2004,0.31,0.207,0.155,0.286,-6.187,0.041,163.962,1,3,0.05,4,50,2219941,2004
Eatho Ninaivukal,Leslie,/artist/leslie,04:43,Tamil,11-04-2007,0.74,0.77,0.914,0.89,-6.858,0.0491,154.964,1,2,0.0127,4,76,10670484,2007
Avalukkenna,L.R. Eswari|T.M. Soundararajan,/artist/lr-eswari-2|/artist/tm-soundararajan,05:17,Tamil,04-04-2007,0.61,0.094,0.27,0.599,-4.094,0.0756,124.057,0,6,0.0844,4,26,602704,2007
Senthoora Poove,Leslie,/artist/leslie,04:38,Tamil,02-08-2007,0.54,0.72,0.455,0.3,-4.257,0.0566,139.059,0,11,0.003,4,25,9789667,2007
Medhuva Medhuva,S. P. Balasubrahmanyam,/artist/s-p-balasubrahamanyam,04:20,Tamil,08-08-2004,0.67,0.349,0.375,0.542,-5.486,0.01,164.064,1,2,0.0086,4,84,9672244,2004
Appane Pillaiyarappane,S. P. Balasubrahmanyam|P. Susheela,/artist/s-p-balasubrahamanyam|/artist/p-suseela-2,04:38,Tamil,12-04-2005,0.4,0.34,0.307,0.47,-5.367,0.088,180.051,1,1,0.0867,4,83,8514784,2005
Malarndhum Malaradha,T.M. Soundararajan|P. Susheela,/artist/tm-soundararajan|/artist/p-suseela-2,05:32,Tamil,09-10-2009,0.22,0.49,0.421,0.15,-7.138,0.02,195.908,0,1,0.085,4,72,630048,2009
Selai Kattum,S. P. Balasubrahmanyam|K. S. Chithra,/artist/s-p-balasubrahamanyam|/artist/chitra,04:50,Tamil,02-04-2006,0.82,0.24,0.404,0.41,-5.341,0.03,169.94,1,2,0.09,4,77,7706754,2006
Aattukkutti Muttai,Malaysia Vasudevan|S. Janaki,/artist/malaysia-vasudevan|/artist/s-janaki,04:02,Tamil,09-04-2009,0.64,0.65,0.613,0.26,-7.878,0.05,169.036,0,9,0.06,4,56,1546184,2009
Oru Sandhana Kaattukkulle,S. Janaki|Ilaiyaraaja,/artist/s-janaki|/artist/iiaiyaraaja,05:26,Tamil,08-06-2022,0.53,0.672,0.653,0.964,-11.532,0.0382,120.098,0,1,0.0864,4,39,4934377,2022
Chinna Kannan,S. Janaki,/artist/s-janaki,04:34,Tamil,02-05-2001,0.19,0.091,0.252,0.608,-5.453,0.033,174.04,1,8,0.047,4,93,7689812,2001
Bharathi Kannamma,Vani Jairam|S. P. Balasubrahmanyam,/artist/vani-jayaram|/artist/s-p-balasubrahamanyam,05:47,Tamil,04-02-2001,0.45,0.82,0.575,0.55,-8.061,0.0477,120.055,1,11,0.092,4,37,9385198,2001
Thamthananam,Jency|B.Vasantha,/artist/jency|/artist/bvasantha,04:32,Tamil,01-09-2005,0.21,0.48,0.014,0.58,-7.436,0.0199,107.674,1,11,0.061,4,63,2889592,2005
My Name Is Billa,S. P. Balasubrahmanyam,/artist/s-p-balasubrahamanyam,04:26,Tamil,05-10-2022,0.37,0.77,0.543,0.46,-10.289,0.034,179.954,0,10,0.09,4,50,5079953,2022
Kumari Pennin Ullatthile,P. Susheela|T.M. Soundararajan,/artist/p-suseela-2|/artist/tm-soundararajan,05:48,Tamil,04-02-2021,0.54,0.841,0.031,0.929,-11.161,0.055,199.932,1,1,0.05,4,65,9395977,2021
Vinayagane Vinai Theerpavane,Sirkazhi Govindarajan,/artist/sirkazhi-govindarajan,03:02,Tamil,06-05-2003,0.29,0.91,0.607,0.8,-3.147,0.0046,177.786,1,7,0.053,4,31,4065034,2003
Ullathil Nalla Ullam,Sirkazhi Govindarajan,/artist/sirkazhi-govindarajan,03:54,Tamil,12-04-2006,0.45,0.243,0.13,0.737,-5.167,0.09,140.083,1,8,0.03,4,38,9113294,2006
Aagayam Thaane,S. P. Balasubrahmanyam|Vani Jairam,/artist/s-p-balasubrahamanyam|/artist/vani-jayaram,04:48,Tamil,01-02-2008,0.54,0.51,0.878,0.35,-5.176,0.0671,179.965,0,0,0.0221,4,85,1134024,2008
Naane Naana.,Vani Jairam,/artist/vani-jayaram,04:30,Tamil,05-05-2020,0.04,0.49,0.255,0.3,-7.829,0.0277,164.02,0,6,0.047,4,31,1143200,2020
Mazhai Varuvathu,S. Janaki,/artist/s-janaki,04:43,Tamil,11-11-2003,0.45,0.983,0.778,0.07,-12.897,0.0396,204.058,1,9,0.01,4,57,2614709,2003
Vetri Vetri,S. P. Balasubrahmanyam|K. S. Chithra,/artist/s-p-balasubrahamanyam|/artist/chitra,05:03,Tamil,12-07-2022,0.97,0.234,0.731,0.281,-9.296,0.09,119.919,1,8,0.056,4,57,9661977,2022
Ucchi Vagundhedutthu,S. P. Balasubrahmanyam,/artist/s-p-balasubrahamanyam,04:51,Tamil,05-03-2021,0.68,0.572,0.965,0.388,-11.187,0.07,132.082,0,6,0.071,4,51,8642496,2021
Maamen Orunaal,S. P. Balasubrahmanyam|S. P. Sailaja,/artist/s-p-balasubrahamanyam|/artist/s-p-sailaja-2,04:43,Tamil,01-03-2021,0.95,0.522,0.203,0.115,-7.764,0.02,131.965,0,9,0.02,4,83,8276472,2021
Aagayam Thaane,S. P. Balasubrahmanyam|Vani Jairam,/artist/s-p-balasubrahamanyam|/artist/vani-jayaram,04:48,Tamil,02-03-2008,0.07,0.35,0.847,0.07,-5.867,0.099,139.054,0,7,0.02,4,34,11353306,2008
Naan Paartthathille,T.M. Soundararajan|P. Susheela,/artist/tm-soundararajan|/artist/p-suseela-2,04:04,Tamil,09-09-2022,0.2,0.253,0.846,0.361,-4.345,0.029,149.95,1,7,0.0051,4,48,7770413,2022
Roja Malarae Rajakumari,P.B. Sreenivas|P. Susheela,/artist/pb-sreenivas|/artist/p-suseela-2,03:29,Tamil,04-10-2009,0.75,0.596,0.949,0.306,-11.304,0.0084,175.023,1,8,0.04,4,95,10743711,2009
Thenpandi Cheemayile,Ilaiyaraaja|Kamal Haasan,/artist/iiaiyaraaja|/artist/kamal-haasan,04:32,Tamil,07-10-2022,0.81,0.82,0.525,0.34,-13.212,0.088,180.036,1,4,0.06,4,42,4098734,2022
Samayal Paadame,S. P. Balasubrahmanyam|S. P. Sailaja,/artist/s-p-balasubrahamanyam|/artist/s-p-sailaja-2,05:50,Tamil,07-02-2009,0.32,0.426,0.274,0.177,-3.442,0.037,141.991,1,0,0.068,4,29,8884916,2009
Inbamae Undhanper,P. Susheela|T.M. Soundararajan,/artist/p-suseela-2|/artist/tm-soundararajan,05:01,Tamil,12-04-2007,0.68,0.33,0.118,0.33,-9.141,0.0048,181.13,1,11,0.061,4,34,315338,2007
Ooru Sanam Thoongidichu,S. P. Balasubrahmanyam|S. Janaki,/artist/s-p-balasubrahamanyam|/artist/s-janaki,04:38,Tamil,03-08-2005,0.31,0.12,0.841,0.567,-13.89,0.0982,131.982,1,8,0.078,4,50,6111760,2005
Naan Pesa Ninaippathellaam,T.M. Soundararajan|P. Susheela,/artist/tm-soundararajan|/artist/p-suseela-2,03:12,Tamil,07-06-2008,0.59,0.33,0.582,0.93,-13.117,0.056,120.041,1,9,0.0512,4,84,716555,2008
Ponmaalai Pozhuthu,S. P. Balasubrahmanyam,/artist/s-p-balasubrahamanyam,04:24,Tamil,09-08-2008,0.21,0.307,0.845,0.777,-2.64,0.083,149.982,0,5,0.046,4,72,10157642,2008
Kashmir Beautiful,T.M. Soundararajan,/artist/tm-soundararajan,07:27,Tamil,08-12-2006,0.94,0.32,0.28,0.47,-2.087,0.032,121.793,1,4,0.0702,4,89,8818916,2006
Mookuthi Poomele (Happy),S. Janaki|K J Yesudas,/artist/s-janaki|/artist/k-j-yesudas,04:52,Tamil,03-03-2002,0.1,0.47,0.765,0.8,-7.028,0.01,130.071,1,0,0.048,4,51,1832119,2002
Thottaal Poomalarum,P. Susheela|T.M. Soundararajan,/artist/p-suseela-2|/artist/tm-soundararajan,04:46,Tamil,02-02-2021,0.66,0.13,0.888,0.08,-5.982,0.023,125.008,0,5,0.0,4,51,1676239,2021
Rajaavin Paarvai,P. Susheela|T.M. Soundararajan,/artist/p-suseela-2|/artist/tm-soundararajan,04:51,Tamil,03-03-2007,0.14,0.992,0.786,0.975,-6.32,0.0932,138.149,1,1,0.01,4,72,11167479,2007
Manithan Enbavan,P.B. Sreenivas,/artist/pb-sreenivas,03:27,Tamil,12-04-2008,0.92,0.29,0.101,0.0,-2.434,0.06,130.034,1,1,0.026,4,39,2795559,2008
Aayiram Kodi,M. Balamuralikrishna,/artist/m-balamuralikrishna-1,03:30,Tamil,05-09-2022,0.68,0.73,0.53,0.959,-7.641,0.0907,122.013,1,6,0.084,4,98,2432942,2022
Neengatha Ennam,Malaysia Vasudevan|S. Janaki,/artist/malaysia-vasudevan|/artist/s-janaki,04:07,Tamil,03-10-2002,0.74,0.315,0.547,0.143,-6.448,0.0951,191.872,0,10,0.08,4,73,423323,2002
Poga Poga Theriyum,P.B. Sreenivas|P. Susheela,/artist/pb-sreenivas|/artist/p-suseela-2,04:27,Tamil,01-04-2003,0.67,0.08,0.947,0.09,-6.485,0.02,122.948,1,1,0.03,4,65,7748046,2003
Kavithai Arangerum Neram,P. Jayachandran|S. Janaki,/artist/p-jayachandran-1|/artist/s-janaki,04:39,Tamil,09-03-2008,0.52,0.852,0.916,0.746,-11.782,0.068,200.034,1,10,0.0496,4,71,8958052,2008
Kallelam Maanikka,L.R. Eswari|T M S Selvakumar,/artist/lr-eswari-2|/artist/t-m-s-selvakumar,03:17,Tamil,07-04-2020,0.56,0.8,0.743,0.45,-8.491,0.073,140.009,0,11,0.04,4,66,10930077,2020
Yetho Ninaivugal,K J Yesudas|S. P. Sailaja,/artist/k-j-yesudas|/artist/s-p-sailaja-2,04:24,Tamil,03-02-2005,0.94,0.963,0.337,0.11,-10.112,0.0911,145.938,1,2,0.0559,4,26,9058145,2005
Kadavul Amaithu Vaitha,S. P. Balasubrahmanyam|Saibaba|Pattom Sadan,/artist/s-p-balasubrahamanyam|/artist/saibaba|/artist/pattom-sadan,06:15,Tamil,07-09-2002,0.54,0.79,0.287,0.15,-11.305,0.02,162.172,1,8,0.0,4,38,5995113,2002
Kanne Kalaimaane,K J Yesudas,/artist/k-j-yesudas,04:06,Tamil,11-01-2023,0.59,0.672,0.097,0.207,-3.926,0.0889,106.01,1,1,0.01,4,50,6569833,2023
Bhoopalam,Leslie,/artist/leslie,03:58,Tamil,05-10-2004,0.48,0.43,0.048,0.11,-5.124,0.0703,134.988,1,1,0.0415,4,61,9447066,2004
Vechikkava Unna Mattum,Malaysia Vasudevan|S. Janaki,/artist/malaysia-vasudevan|/artist/s-janaki,04:29,Tamil,10-08-2009,0.67,0.19,0.063,0.44,-6.552,0.069,190.022,1,5,0.016,4,31,7839184,2009
Perai Sollavaa,S. P. Balasubrahmanyam,/artist/s-p-balasubrahamanyam,04:47,Tamil,12-06-2021,0.97,0.277,0.786,0.348,-10.682,0.0702,170.011,0,11,0.01,4,49,322849,2021
Vizhiyele Malarndadhu,S. P. Balasubrahmanyam,/artist/s-p-balasubrahamanyam,04:23,Tamil,11-03-2006,0.17,0.03,0.084,0.32,-3.955,0.036,153.985,0,8,0.053,4,92,10100599,2006
Andanaal Njapakam,T.M. Soundararajan,/artist/tm-soundararajan,05:46,Tamil,11-12-2008,0.6,0.227,0.246,0.094,-11.875,0.0941,186.786,0,10,0.07,4,29,2473013,2008
Vaartha (Ennadi Meenakshi),S. P. Balasubrahmanyam,/artist/s-p-balasubrahamanyam,04:07,Tamil,03-10-2009,0.96,0.79,0.736,0.45,-3.359,0.05,197.922,1,1,0.0674,4,79,7702356,2009
Naan Aalana,S. Janaki,/artist/s-janaki,04:05,Tamil,03-10-2001,0.07,0.131,0.178,0.432,-10.737,0.016,159.941,1,1,0.0172,4,79,9804360,2001
Thillumullu Thillumullu,S. P. Balasubrahmanyam,/artist/s-p-balasubrahamanyam,01:35,Tamil,08-06-2008,0.32,0.77,0.265,0.52,-9.684,0.07,185.07,1,1,0.1,4,68,10185427,2008
Kaakum Kadavul,Sirkazhi Govindarajan,/artist/sirkazhi-govindarajan,03:28,Tamil,06-08-2007,0.98,0.58,0.5,0.561,-5.728,0.0022,139.949,1,2,0.0402,4,36,1938161,2007
Kannai Nambathey,Gana Bala,/artist/gana-bala,04:21,Tamil,08-02-2004,0.96,0.42,0.488,0.53,-2.226,0.0622,129.997,1,8,0.08,4,53,8018065,2004
Thalattudhe Vanam,P. Jayachandran|S. Janaki,/artist/p-jayachandran-1|/artist/s-janaki,04:27,Tamil,08-05-2004,0.93,0.87,0.701,0.74,-7.18,0.051,149.956,0,10,0.0207,4,96,8114485,2004
Yaarukkaaga,T.M. Soundararajan,/artist/tm-soundararajan,03:34,Tamil,05-04-2003,0.84,0.379,0.661,0.393,-3.57,0.0522,154.983,0,9,0.0202,4,65,980373,2003
Aayiram Nilave Vaa,S. P. Balasubrahmanyam|P. Susheela,/artist/s-p-balasubrahamanyam|/artist/p-suseela-2,06:02,Tamil,01-04-2008,0.07,0.17,0.374,0.87,-2.214,0.025,131.412,0,1,0.08,4,87,9718012,2008
Oru Koppaiyile,T.M. Soundararajan,/artist/tm-soundararajan,03:03,Tamil,04-06-2000,0.52,0.341,0.173,0.323,-10.664,0.0495,160.033,1,2,0.02,4,47,3896143,2000
Pattu Vanna Rosavaam (Male),Malaysia Vasudevan,/artist/malaysia-vasudevan,04:45,Tamil,05-12-2009,0.02,0.25,0.137,0.75,-10.319,0.039,183.856,0,10,0.05,4,89,680522,2009
Super Star Yarnu Ketta,S. P. Balasubrahmanyam|S. P. Sailaja,/artist/s-p-balasubrahamanyam|/artist/s-p-sailaja-2,04:24,Tamil,08-04-2007,0.68,0.923,0.848,0.472,-7.718,0.089,129.954,1,7,0.0672,4,52,9892301,2007
Oro Poovanathiley,S. P. Balasubrahmanyam,/artist/s-p-balasubrahamanyam,04:26,Tamil,10-02-2009,0.32,0.186,0.832,0.695,-13.246,0.015,106.016,1,1,0.099,4,85,10593162,2009
Panivizhum Malar Vanam,S. P. Balasubrahmanyam,/artist/s-p-balasubrahamanyam,04:33,Tamil,12-10-2021,0.12,0.03,0.965,0.43,-6.692,0.03,160.035,1,8,0.02,4,76,9357314,2021
Adi Ennadi Raakkamma,T.M. Soundararajan,/artist/tm-soundararajan,03:39,Tamil,03-01-2002,0.15,0.349,0.849,0.843,-3.328,0.053,165.532,1,0,0.089,4,39,9827728,2002
Vaan Nila Nila,S. P. Balasubrahmanyam,/artist/s-p-balasubrahamanyam,05:48,Tamil,03-02-2002,0.91,0.39,0.811,0.16,-10.987,0.05,126.181,0,9,0.07,4,35,9115339,2002
Thanga Changili,Malaysia Vasudevan|S. Janaki,/artist/malaysia-vasudevan|/artist/s-janaki,03:59,Tamil,01-02-2003,0.11,0.492,0.76,0.28,-5.604,0.0086,140.083,1,1,0.004,4,86,3925243,2003
Kaathodu Poovurasa,P. Susheela|S. P. Balasubrahmanyam,/artist/p-suseela-2|/artist/s-p-balasubrahamanyam,04:34,Tamil,08-05-2008,0.52,0.756,0.473,0.135,-10.119,0.0813,131.983,0,8,0.04,4,75,509589,2008
Sorgam Madhuvile,Leslie,/artist/leslie,05:39,Tamil,11-01-2021,0.31,0.874,0.91,0.879,-5.282,0.011,145.99,1,9,0.0736,4,84,6660274,2021
Vantha Naal Muthal (Happy),T.M. Soundararajan,/artist/tm-soundararajan,05:15,Tamil,01-11-2022,0.88,0.56,0.362,0.89,-8.314,0.07,117.532,1,8,0.004,4,84,5685807,2022
Alli Thantha,Leslie,/artist/leslie,06:02,Tamil,03-11-2008,0.38,0.506,0.98,0.173,-13.916,0.0982,175.985,1,7,0.0318,4,34,2772902,2008
Kumarippennin,P Suhseela|T M S Selvakumar,/artist/p-suhseela|/artist/t-m-s-selvakumar,05:41,Tamil,10-02-2009,0.44,0.3,0.648,0.213,-13.444,0.08,158.062,1,9,0.093,4,73,8748363,2009
Antha Sivagaami,T.M. Soundararajan|P. Susheela,/artist/tm-soundararajan|/artist/p-suseela-2,06:13,Tamil,04-06-2007,0.79,0.8,0.879,0.18,-8.607,0.007,159.98,0,10,0.08,4,45,817265,2007
Poththi Vachcha,S. P. Balasubrahmanyam|S. Janaki,/artist/s-p-balasubrahamanyam|/artist/s-janaki,04:19,Tamil,07-04-2020,1.0,0.311,0.694,0.84,-7.146,0.03,165.212,1,5,0.083,4,75,1570703,2020
Indha Pacchaikkilikkoru,K J Yesudas,/artist/k-j-yesudas,04:28,Tamil,03-12-2022,0.58,0.82,0.965,0.61,-9.567,0.016,157.99,1,1,0.012,4,80,10918348,2022
Thottaal Poomalarum,T.M. Soundararajan|P. Susheela,/artist/tm-soundararajan|/artist/p-suseela-2,04:46,Tamil,08-03-2007,0.01,0.389,0.961,0.379,-7.657,0.095,131.95,0,10,0.07,4,42,5799541,2007
Itho Enthan Deivam,S. Janaki|T.M. Soundararajan,/artist/s-janaki|/artist/tm-soundararajan,04:46,Tamil,10-04-2002,0.19,0.705,0.347,0.407,-10.887,0.05,120.017,0,1,0.06,4,71,5858065,2002
Ulagam Azhagu,S. Janaki|T.M. Soundararajan,/artist/s-janaki|/artist/tm-soundararajan,03:04,Tamil,12-03-2021,0.74,0.27,0.611,0.83,-6.537,0.02,147.021,0,1,0.006,4,79,4712513,2021
Nenjam Marappathillai (Female),P. Susheela,/artist/p-suseela-2,04:23,Tamil,03-09-2022,0.69,0.969,0.005,0.328,-11.565,0.073,168.197,1,8,0.064,4,26,9643399,2022
Chittukku Chella Chittuku,K J Yesudas,/artist/k-j-yesudas,04:39,Tamil,06-04-2004,0.87,0.56,0.921,0.89,-13.269,0.04,200.046,1,7,0.1,4,82,6402427,2004
Raja Raja Sri,P.B. Sreenivas|L.R. Eswari,/artist/pb-sreenivas|/artist/lr-eswari-2,03:25,Tamil,05-03-2004,0.94,0.706,0.848,0.67,-11.627,0.04,134.039,0,4,0.045,4,31,10360563,2004
Ithu Oru Ponmalai,S. P. Balasubrahmanyam,/artist/s-p-balasubrahamanyam,04:18,Tamil,03-10-2007,0.58,0.51,0.002,0.77,-4.096,0.084,131.026,0,9,0.0451,4,86,7483389,2007
Paadaatha Paattelam,P.B. Sreenivas|S. Janaki,/artist/pb-sreenivas|/artist/s-janaki,03:19,Tamil,03-04-2023,0.82,0.252,0.036,0.22,-12.197,0.0165,105.219,0,10,0.004,4,84,7334403,2023
Koodayile,Malaysia Vasudevan,/artist/malaysia-vasudevan,03:25,Tamil,11-03-2020,0.25,0.898,0.122,0.031,-2.583,0.052,160.223,1,9,0.076,4,30,10563754,2020
Ninaivaale Silai Seithu,Vani Jairam|K J Yesudas,/artist/vani-jayaram|/artist/k-j-yesudas,04:38,Tamil,05-05-2009,0.19,0.9,0.48,0.43,-7.399,0.0219,154.886,1,8,0.03,4,41,3948529,2009
Kannaale Pesi Pesi,P.B. Sreenivas,/artist/pb-sreenivas,03:27,Tamil,12-10-2022,0.35,0.367,0.088,0.996,-9.794,0.06,199.996,1,0,0.001,4,54,1576501,2022
Yaarai Engae,T.M. Soundararajan,/artist/tm-soundararajan,03:35,Tamil,02-03-2004,0.92,0.78,0.238,0.59,-10.743,0.073,170.025,1,0,0.017,4,59,3757392,2004
Azhagiya Mithilai,P.B. Sreenivas|P. Susheela,/artist/pb-sreenivas|/artist/p-suseela-2,03:45,Tamil,06-05-2009,0.86,0.662,0.712,0.385,-7.755,0.018,160.07,1,8,0.03,4,39,6479702,2009
Poovizhi Vaasalalil,S. Janaki|K J Yesudas,/artist/s-janaki|/artist/k-j-yesudas,04:31,Tamil,09-10-2003,0.84,0.48,0.554,0.61,-11.503,0.058,136.114,0,10,0.0508,4,40,2266066,2003
Thottam Konda Rajave,Jency Anthony,/artist/jency-anthony,04:13,Tamil,05-02-2004,0.17,0.902,0.588,0.367,-2.847,0.02,194.056,0,3,0.0808,4,37,7471548,2004
Kathal Malar,T.M. Soundararajan,/artist/tm-soundararajan,03:58,Tamil,12-02-2020,0.56,0.16,0.86,0.959,-8.54,0.03,159.956,1,8,0.09,4,54,10572425,2020
Vizhiyae Kathai Ezhuthu,P. Susheela|K J Yesudas,/artist/p-suseela-2|/artist/k-j-yesudas,04:47,Tamil,05-03-2008,0.79,0.22,0.25,0.73,-4.958,0.018,155.896,1,1,0.0104,4,46,3352739,2008
Kaalai Kaalai Moorutu Kaalai,S. P. Balasubrahmanyam|S. P. Sailaja,/artist/s-p-balasubrahamanyam|/artist/s-p-sailaja-2,04:09,Tamil,08-08-2004,0.2,0.342,0.522,0.484,-13.608,0.016,184.978,1,1,0.064,4,97,7158401,2004
Mayakkamaa Kalakkama,P.B. Sreenivas,/artist/pb-sreenivas,02:04,Tamil,04-01-2004,0.42,0.45,0.691,0.54,-7.188,0.0434,138.809,1,10,0.01,4,100,3239272,2004
Anbe Vaa,T.M. Soundararajan,/artist/tm-soundararajan,04:02,Tamil,10-04-2006,0.52,0.284,0.633,0.121,-3.665,0.084,136.108,0,1,0.0,4,80,3406224,2006
Ninaivo Oru,S. Janaki|Kamal Haasan,/artist/s-janaki|/artist/kamal-haasan,04:46,Tamil,07-03-2003,0.39,0.73,0.754,0.61,-6.942,0.0906,200.024,0,0,0.0261,4,76,8824820,2003
Kannirendum Minna Minna,L.R. Eswari|P.B. Sreenivas,/artist/lr-eswari-2|/artist/pb-sreenivas,03:36,Tamil,03-07-2006,0.93,0.307,0.116,0.713,-3.608,0.015,158.962,1,1,0.0668,4,30,5332095,2006
Vizhiyele Malarndadhu,S. P. Balasubrahmanyam,/artist/s-p-balasubrahamanyam,04:23,Tamil,06-12-2008,0.14,0.62,0.179,0.98,-7.083,0.05,142.04,1,1,0.0297,4,64,8329625,2008
Thayillamal Nanillai,T.M. Soundararajan,/artist/tm-soundararajan,03:03,Tamil,08-07-2009,0.98,0.855,0.588,0.509,-4.504,0.06,174.006,1,8,0.07,4,79,11225514,2009
Adi Pennae,Jency Anthony,/artist/jency-anthony,04:29,Tamil,10-03-2002,0.16,0.19,0.869,0.95,-10.381,0.0521,174.528,1,0,0.0675,4,65,5890796,2002
Mounamana Neram,S. P. Balasubrahmanyam|S. Janaki,/artist/s-p-balasubrahamanyam|/artist/s-janaki,04:28,Tamil,06-04-2024,0.6,0.338,0.779,0.26,-10.918,0.099,162.064,1,10,0.029,4,88,10471040,2024
Unga Ponnaana Kaigal,P.B. Sreenivas,/artist/pb-sreenivas,03:26,Tamil,03-01-2009,0.17,0.01,0.114,0.96,-9.387,0.029,156.004,0,1,0.012,4,29,9982027,2009
Ponnoviyam,S. Janaki|Ilaiyaraaja,/artist/s-janaki|/artist/iiaiyaraaja,04:09,Tamil,08-05-2005,0.45,0.909,0.686,0.158,-3.982,0.0993,135.012,0,10,0.0446,4,41,9060435,2005
Malarendra Mugamondru,L.R. Eswari|M.S. Raju,/artist/lr-eswari-2|/artist/ms-raju-8,03:28,Tamil,12-03-2020,0.41,0.37,0.08,0.96,-10.739,0.0997,154.894,0,1,0.04,4,100,3635488,2020
Andru Vanthathum,T.M. Soundararajan|P. Susheela,/artist/tm-soundararajan|/artist/p-suseela-2,04:15,Tamil,01-04-2006,0.82,0.885,0.588,0.834,-9.866,0.0996,164.932,1,2,0.09,4,95,8905091,2006
Paarttha Gnaabagam (Happy),P. Susheela,/artist/p-suseela-2,04:12,Tamil,12-07-2002,0.17,0.05,0.382,0.39,-8.044,0.043,161.972,0,11,0.0355,4,76,9532471,2002
Oho Endhan Baby,S. Janaki|A. M. Rajah,/artist/s-janaki|/artist/a-m-rajah-1,03:56,Tamil,02-03-2002,0.7,0.43,0.04,0.296,-5.365,0.017,177.964,1,10,0.0157,4,33,2430474,2002
Mayakkamenna,T.M. Soundararajan|P. Susheela,/artist/tm-soundararajan|/artist/p-suseela-2,03:34,Tamil,08-03-2006,0.69,0.467,0.314,0.866,-12.148,0.04,168.01,1,1,0.038,4,80,6880356,2006
Anbulla Maan Vizhiye,T.M. Soundararajan|P. Susheela,/artist/tm-soundararajan|/artist/p-suseela-2,03:36,Tamil,07-09-2002,0.95,0.69,0.41,0.55,-5.221,0.09,154.831,0,6,0.08,4,87,3862773,2002
Vasantham Paadi Vara (S. Janaki),S. Janaki,/artist/s-janaki,04:47,Tamil,11-11-2005,0.45,0.65,0.06,0.69,-10.26,0.009,192.008,1,1,0.06,4,25,5680170,2005
Vedam Anuvilum,S. P. Balasubrahmanyam|S. P. Sailaja,/artist/s-p-balasubrahamanyam|/artist/s-p-sailaja-2,05:17,Tamil,03-11-2023,0.05,0.511,0.83,0.142,-9.175,0.041,199.93,1,1,0.043,4,77,7120931,2023
Indha Mandrathil Odi Vidum - Pathos,P.B. Sreenivas|P. Susheela,/artist/pb-sreenivas|/artist/p-suseela-2,03:01,Tamil,04-09-2009,0.02,0.94,0.046,0.8,-11.554,0.085,169.919,1,1,0.0776,4,98,10183295,2009
Hey Thanni,S. Janaki|Ilaiyaraaja,/artist/s-janaki|/artist/iiaiyaraaja,04:05,Tamil,04-08-2008,0.15,0.447,0.097,0.995,-11.124,0.0175,200.084,0,6,0.048,4,75,2629797,2008
Mudhal Mudhalaaga,S. Janaki|S. P. Balasubrahmanyam,/artist/s-janaki|/artist/s-p-balasubrahamanyam,04:22,Tamil,01-08-2021,0.98,0.93,0.585,0.71,-8.942,0.014,144.008,1,0,0.0674,4,87,10310262,2021
Oru Raja Raaniyidam,P Suhseela|T M S Selvakumar,/artist/p-suhseela|/artist/t-m-s-selvakumar,06:14,Tamil,11-05-2021,0.41,0.528,0.557,0.647,-4.552,0.01,140.078,0,6,0.076,4,56,757082,2021
Kaatru Vanthaal,P.B. Sreenivas|P. Susheela,/artist/pb-sreenivas|/artist/p-suseela-2,03:34,Tamil,03-01-2002,0.92,0.3,0.1,0.93,-9.266,0.0438,163.998,0,9,0.05,4,59,7445880,2002
Ponmagal Vanthaal,T.M. Soundararajan,/artist/tm-soundararajan,03:53,Tamil,10-03-2021,0.42,0.97,0.68,0.84,-5.052,0.0265,119.98,1,1,0.09,4,63,4073940,2021
Kaaverikkarai (Ponnula Ponnula),S. P. Balasubrahmanyam,/artist/s-p-balasubrahamanyam,04:22,Tamil,03-10-2001,0.98,0.848,0.299,0.43,-2.261,0.07,190.056,1,6,0.021,4,92,3983920,2001
Iravinil Aattam,T.M. Soundararajan,/artist/tm-soundararajan,03:42,Tamil,05-05-2004,0.17,0.15,0.728,0.75,-7.838,0.0093,168.177,1,7,0.0815,4,46,10298818,2004
Malanimele,T.M. Soundararajan,/artist/tm-soundararajan,03:07,Tamil,05-03-2024,0.18,0.707,0.168,0.384,-12.204,0.045,110.486,1,1,0.081,4,97,726722,2024
Naan Manthoppil,L.R. Eswari|T.M. Soundararajan,/artist/lr-eswari-2|/artist/tm-soundararajan,06:32,Tamil,12-11-2005,0.48,0.29,0.953,0.33,-11.859,0.08,130.092,0,10,0.0942,4,63,7674878,2005
Satti Suttathada,T.M. Soundararajan,/artist/tm-soundararajan,04:34,Tamil,05-02-2003,0.35,0.22,0.02,0.75,-4.479,0.074,183.23,1,9,0.0585,4,65,7219178,2003
Pesuvathu Kiliya,T.M. Soundararajan|S. Janaki,/artist/tm-soundararajan|/artist/s-janaki,04:04,Tamil,07-12-2001,0.52,0.757,0.896,0.936,-5.323,0.037,180.026,0,10,0.039,4,82,4218863,2001
Kanmaniyae Kadhal Enbathu,S. P. Balasubrahmanyam|S. Janaki,/artist/s-p-balasubrahamanyam|/artist/s-janaki,04:22,Tamil,08-08-2023,0.01,0.35,0.04,0.69,-2.172,0.0902,131.964,0,4,0.03,4,97,3964093,2023
Yaathum Oorey,S. P. Balasubrahmanyam|P. Susheela,/artist/s-p-balasubrahamanyam|/artist/p-suseela-2,06:39,Tamil,11-10-2022,0.35,0.97,0.612,0.38,-11.754,0.01,145.093,1,1,0.02,4,26,6648582,2022
Thaalaattu Naan Poranthen,Malaysia Vasudevan,/artist/malaysia-vasudevan,04:07,Tamil,07-02-2008,0.65,0.346,0.341,0.21,-4.737,0.02,205.895,1,1,0.03,4,84,6952914,2008
Paalirukkum Pazhmirukkum,P.B. Sreenivas|P Suhseela,/artist/pb-sreenivas|/artist/p-suhseela,03:26,Tamil,05-09-2008,0.77,0.34,0.334,0.8,-5.133,0.1,170.039,0,5,0.031,4,97,3602768,2008
Thaamarai Kannangal,P.B. Sreenivas|P. Susheela,/artist/pb-sreenivas|/artist/p-suseela-2,04:08,Tamil,04-04-2007,0.04,0.4,0.4,0.06,-9.165,0.07,133.014,1,2,0.019,4,93,11034481,2007
Kinnathil Then Vaditthu,S. Janaki|K J Yesudas,/artist/s-janaki|/artist/k-j-yesudas,03:57,Tamil,07-05-2007,0.6,0.5,0.045,0.8,-12.45,0.007,179.912,0,10,0.0978,4,46,10037119,2007
Adada Maamarakiliye,S. Janaki,/artist/s-janaki,04:12,Tamil,10-03-2005,0.15,0.775,0.081,0.871,-4.999,0.022,147.904,1,1,0.058,4,35,526979,2005
Dhoorathili Naan Kanda,S. Janaki,/artist/s-janaki,05:04,Tamil,11-10-2007,0.55,0.86,0.254,0.32,-3.606,0.079,169.973,0,5,0.001,4,66,7404810,2007
Paattu Paadava,A. M. Rajah,/artist/a-m-rajah-1,03:33,Tamil,07-02-2007,0.36,0.3,0.26,0.77,-2.876,0.0106,109.995,0,0,0.0426,4,33,532906,2007
Engengosellum,S. Janaki|S. P. Balasubrahmanyam,/artist/s-janaki|/artist/s-p-balasubrahamanyam,04:03,Tamil,10-10-2004,0.93,0.774,0.304,0.993,-10.267,0.042,167.871,1,0,0.0377,4,77,6596760,2004
Adi Raakkaayee,S. Janaki,/artist/s-janaki,04:15,Tamil,08-11-2004,0.26,0.95,0.054,0.97,-4.535,0.04,205.092,0,6,0.05,4,30,2368704,2004
Malargalaipol,T.M. Soundararajan,/artist/tm-soundararajan,04:56,Tamil,12-06-2006,0.46,0.675,0.199,0.222,-3.171,0.0036,199.892,0,1,0.06,4,65,1325417,2006
Thanga Padhakkathin Mele,P. Susheela|T.M. Soundararajan,/artist/p-suseela-2|/artist/tm-soundararajan,04:18,Tamil,04-01-2003,0.48,0.36,0.22,0.9,-4.837,0.0895,188.115,1,0,0.01,4,52,3448156,2003
Love Birds,P. Susheela,/artist/p-suseela-2,03:38,Tamil,04-05-2004,0.5,0.688,0.543,0.759,-7.835,0.021,194.908,1,1,0.03,4,35,4948113,2004
Buddan Yesu,T.M. Soundararajan,/artist/tm-soundararajan,03:22,Tamil,07-06-2005,0.28,0.72,0.227,0.06,-8.504,0.094,130.022,1,7,0.0,4,34,72962,2005
Neeym Bommai,K J Yesudas,/artist/k-j-yesudas,03:56,Tamil,05-10-2001,0.21,0.508,0.811,0.602,-10.206,0.0804,143.999,1,8,0.034,4,72,7836283,2001
Un Azhagukku,Shankar Mahadevan|Sujatha Mohan,/artist/shankar-mahadevan|/artist/sujatha,02:58,Tamil,05-12-2020,0.41,0.764,0.002,0.247,-13.358,0.03,159.98,1,6,0.053,4,51,7953939,2020
Ponaal Pogattum,T.M. Soundararajan,/artist/tm-soundararajan,05:43,Tamil,04-03-2004,0.99,0.228,0.998,0.839,-13.12,0.0,129.512,0,7,0.0693,4,33,4907571,2004
Iyarkai Ennum,S. P. Balasubrahmanyam|P. Susheela,/artist/s-p-balasubrahamanyam|/artist/p-suseela-2,03:36,Tamil,06-10-2002,0.77,0.021,0.713,0.683,-6.716,0.073,107.063,0,10,0.0,4,40,9589894,2002
Manmathan,Jolly Abraham,/artist/jolly-abraham,04:14,Tamil,11-11-2001,0.18,0.514,0.346,0.592,-12.564,0.008,203.998,1,5,0.0179,4,64,5358407,2001
Guruvayoorappa,Sirkazhi Govindarajan,/artist/sirkazhi-govindarajan,03:34,Tamil,01-08-2003,0.5,0.13,0.655,0.15,-5.747,0.02,187.985,0,4,0.02,4,58,7193976,2003
Noolumillai,T.M. Soundararajan,/artist/tm-soundararajan,05:27,Tamil,05-06-2003,0.65,0.07,0.268,0.02,-13.354,0.0693,154.904,0,11,0.087,4,87,9049668,2003
Thangangale Thambigale,Malaysia Vasudevan,/artist/malaysia-vasudevan,04:02,Tamil,11-07-2003,0.83,0.559,0.336,0.107,-13.964,0.03,184.046,0,0,0.0103,4,33,7473395,2003
Thangatthil Mugamedutthu,Vani Jairam|K J Yesudas,/artist/vani-jayaram|/artist/k-j-yesudas,03:15,Tamil,12-01-2020,0.24,0.05,0.469,0.08,-10.557,0.09,193.206,0,2,0.044,4,66,2853178,2020
Atho Vaaraandi,S. P. Balasubrahmanyam,/artist/s-p-balasubrahamanyam,04:37,Tamil,03-03-2003,0.16,0.58,0.753,0.39,-4.469,0.0242,178.462,1,0,0.03,4,93,10849207,2003
Lilly Malarukku,T.M. Soundararajan|P. Susheela,/artist/tm-soundararajan|/artist/p-suseela-2,05:24,Tamil,03-03-2005,0.55,0.657,0.649,0.824,-3.035,0.0872,179.921,1,2,0.041,4,68,874341,2005
Naan Yaar Theriyuma,T.M. Soundararajan,/artist/tm-soundararajan,03:57,Tamil,09-11-2020,0.91,0.96,0.003,0.05,-9.763,0.03,199.85,1,6,0.0386,4,86,5585400,2020
Dhil Dhil Dhil Manadhil Dhal Dhal,S. P. Balasubrahmanyam|P. Susheela,/artist/s-p-balasubrahamanyam|/artist/p-suseela-2,04:41,Tamil,11-03-2022,0.91,0.2,0.892,0.55,-7.847,0.09,164.998,0,10,0.0446,4,25,5123769,2022
Kadavul Vaazhum,P. Jayachandran,/artist/p-jayachandran-1,05:00,Tamil,05-02-2009,0.98,0.764,0.023,0.212,-5.646,0.0177,150.136,1,0,0.05,4,34,1556547,2009
Pudhiya Padhai (Full Length Audio Cinema) Part-1,S. P. Balasubrahmanyam|Others,/artist/s-p-balasubrahamanyam|/artist/others,01:09:52,Tamil,07-02-2009,0.92,0.79,0.195,0.83,-6.228,0.04,159.801,1,1,0.0412,4,58,8657291,2009
Thirumaalin Thirumaarbil,Vani Jairam|K J Yesudas,/artist/vani-jayaram|/artist/k-j-yesudas,04:58,Tamil,12-05-2008,0.72,0.301,0.904,0.162,-4.357,0.0188,190.06,1,8,0.04,4,70,10520288,2008
Thakita Thadhimi,S. P. Balasubrahmanyam,/artist/s-p-balasubrahamanyam,04:09,Tamil,08-01-2023,0.96,0.75,0.034,0.11,-2.083,0.0223,179.014,1,1,0.056,4,77,7527073,2023
Sangathil Padaatha,Ilaiyaraaja|S. Janaki,/artist/iiaiyaraaja|/artist/s-janaki,04:18,Tamil,05-02-2002,0.97,0.95,0.36,0.197,-6.565,0.078,111.044,1,0,0.01,4,53,3053470,2002
Poo Malayil,P Suhseela|T M S Selvakumar,/artist/p-suhseela|/artist/t-m-s-selvakumar,03:44,Tamil,09-06-2005,0.38,0.475,0.674,0.109,-9.571,0.1,125.232,1,11,0.03,4,75,7722739,2005
Vaasi Vaasi Endru And Ondranavan,K.B. Sundarambal|Sivaji Ganesan|K.R. Vijaya,/artist/kb-sundarambal|/artist/sivaji-ganesan|/artist/kr-vijaya,04:05,Tamil,08-05-2006,0.91,0.08,0.115,0.42,-4.414,0.045,127.085,1,1,0.097,4,71,6526508,2006
Nalla Perai,T.M. Soundararajan|L.R. Anjali|S.N. Shobha,/artist/tm-soundararajan|/artist/lr-anjali|/artist/sn-shobha-5,04:04,Tamil,12-12-2004,0.33,0.83,0.619,0.24,-13.65,0.0749,149.016,1,1,0.087,4,50,9792358,2004
Kattiloru Singakkuttiyam,S. P. Balasubrahmanyam,/artist/s-p-balasubrahamanyam,03:12,Tamil,12-01-2020,0.85,0.902,0.638,0.24,-11.919,0.09,167.963,1,5,0.09,4,91,9817103,2020
Valarntha Kalai,P.B. Sreenivas|P. Susheela,/artist/pb-sreenivas|/artist/p-suseela-2,03:41,Tamil,08-10-2007,0.6,0.02,0.156,0.945,-12.553,0.03,172.094,1,1,0.03,4,34,744507,2007
Chella Kiligalam Palliyile,T.M. Soundararajan,/artist/tm-soundararajan,03:29,Tamil,05-09-2006,0.39,0.365,0.882,0.857,-10.822,0.0178,155.056,1,8,0.05,4,42,8865798,2006
Naan Ungal Veettu Pillai,T.M. Soundararajan,/artist/tm-soundararajan,03:36,Tamil,10-10-2023,0.4,0.39,0.172,0.07,-6.6,0.05,104.98,1,8,0.0554,4,31,2557151,2023
En Vaanilay,Jency,/artist/jency,04:47,Tamil,05-10-2022,0.4,0.432,0.85,0.915,-8.139,0.033,139.994,1,1,0.01,4,38,7912957,2022
Aval Paranthu Ponale,T.M. Soundararajan|P.B. Sreenivas,/artist/tm-soundararajan|/artist/pb-sreenivas,05:03,Tamil,12-03-2003,0.69,0.49,0.436,0.38,-8.014,0.04,159.986,1,1,0.02,4,69,8820854,2003
Akkarai Seemai,K J Yesudas,/artist/k-j-yesudas,04:30,Tamil,06-05-2008,0.52,0.398,0.005,0.264,-4.503,0.067,170.427,0,11,0.042,4,48,3926450,2008
Aadaatha Manamum,A. M. Rajah|P. Susheela,/artist/a-m-rajah-1|/artist/p-suseela-2,03:35,Tamil,01-12-2005,0.01,0.65,0.422,0.9,-5.891,0.0602,141.796,0,9,0.0588,4,54,5843469,2005
Nethu raathiri yamma,S. P. Balasubrahmanyam|S. Janaki,/artist/s-p-balasubrahamanyam|/artist/s-janaki,04:31,Tamil,11-04-2006,0.2,0.83,0.713,0.61,-13.12,0.069,139.973,0,6,0.03,4,95,481107,2006
Neerodum Vaigaiyile,T.M. Soundararajan|P. Susheela,/artist/tm-soundararajan|/artist/p-suseela-2,04:37,Tamil,09-11-2000,0.83,0.628,0.406,0.735,-4.821,0.089,125.011,0,10,0.07,4,30,8953363,2000
Mouname Paarvaiyaal,P.B. Sreenivas|P Suhseela,/artist/pb-sreenivas|/artist/p-suhseela,03:32,Tamil,12-10-2008,0.59,0.17,0.455,0.79,-4.146,0.06,124.983,1,1,0.0898,4,86,2393531,2008
Vazhve Maayam Intha Vazhve,K J Yesudas,/artist/k-j-yesudas,04:32,Tamil,03-07-2007,0.29,0.955,0.818,0.534,-12.824,0.076,170.05,0,0,0.04,4,90,11381562,2007
En Iniya Pon Nilave (Version),Mohammed Rafi,/artist/mohammad-rafi,03:04,Tamil,01-08-2004,0.19,0.686,0.465,0.931,-9.827,0.049,120.012,1,7,0.024,4,69,8802177,2004
Yaarukku Yaar Sondam,K J Yesudas,/artist/k-j-yesudas,03:24,Tamil,04-04-2023,0.12,0.184,0.203,0.424,-10.654,0.024,196.088,1,7,0.07,4,78,3260354,2023
Kaakki Siraginiley,K J Yesudas,/artist/k-j-yesudas,02:43,Tamil,01-04-2003,0.43,0.24,0.344,0.35,-11.984,0.058,127.528,1,1,0.092,4,47,930990,2003
Solla Solla,P. Susheela,/artist/p-suseela-2,03:23,Tamil,12-05-2005,0.71,0.08,0.431,0.905,-6.509,0.0431,138.024,1,6,0.09,4,53,10552408,2005
Nadhiyoram,P. Susheela|S. P. Balasubrahmanyam,/artist/p-suseela-2|/artist/s-p-balasubrahamanyam,04:29,Tamil,02-02-2004,0.32,0.211,0.016,0.664,-8.336,0.075,148.006,1,0,0.0959,4,47,8061684,2004
Nee Engey Enn,T M S Selvakumar,/artist/t-m-s-selvakumar,02:22,Tamil,05-10-2022,0.79,0.56,0.23,0.5,-8.392,0.0932,130.04,1,1,0.04,4,92,512831,2022
Oh Kathal Ennai,S. P. Balasubrahmanyam|K. S. Chithra,/artist/s-p-balasubrahamanyam|/artist/chitra,04:16,Tamil,04-02-2008,0.39,0.97,0.395,0.94,-2.67,0.03,147.884,1,1,0.0037,4,48,4460334,2008
Mellla Nada Mella Nada,T.M. Soundararajan,/artist/tm-soundararajan,03:13,Tamil,03-12-2001,0.4,0.02,0.335,0.78,-2.905,0.0749,188.422,1,7,0.02,4,72,8163707,2001
Deiveega Raagam,Jency,/artist/jency,04:22,Tamil,05-12-2003,0.97,0.283,0.94,0.408,-11.065,0.0308,144.994,1,11,0.01,4,29,2767476,2003
Marainthirunthu,P. Susheela,/artist/p-suseela-2,05:13,Tamil,12-04-2008,1.0,0.06,0.357,0.25,-7.111,0.1,140.036,1,3,0.03,4,55,10854432,2008
Nilave Ennidam,P.B. Sreenivas,/artist/pb-sreenivas,04:04,Tamil,09-01-2009,0.59,0.77,0.83,0.41,-3.355,0.0218,196.043,0,3,0.0228,4,92,378824,2009
Pasumai Niraintha,T.M. Soundararajan|P. Susheela,/artist/tm-soundararajan|/artist/p-suseela-2,03:46,Tamil,05-09-2007,0.51,0.42,0.513,0.94,-7.694,0.06,139.913,0,6,0.095,4,97,8621809,2007
Naane Naana.,Vani Jairam,/artist/vani-jayaram,04:27,Tamil,03-10-2007,0.54,0.75,0.71,0.99,-4.27,0.02,154.962,0,11,0.0204,4,56,8418860,2007
Maallai Nera Thedral,P. Susheela|S. P. Balasubrahmanyam,/artist/p-suseela-2|/artist/s-p-balasubrahamanyam,04:34,Tamil,02-09-2020,0.79,0.28,0.589,0.57,-8.346,0.0712,140.071,0,5,0.05,4,71,6973425,2020
Oru Kinnathai,T.M. Soundararajan|B. Vasantha,/artist/tm-soundararajan|/artist/b-vasantha-1,03:18,Tamil,05-04-2021,0.2,0.89,0.753,0.79,-5.844,0.07,149.962,1,0,0.0413,4,73,4398417,2021
Aval Oru Navarasa,S. P. Balasubrahmanyam,/artist/s-p-balasubrahamanyam,03:33,Tamil,04-08-2001,0.11,0.766,0.627,0.454,-10.079,0.02,126.056,0,0,0.0402,4,29,389368,2001
Daddy Daddy,S. Janaki|Malaysia Vasudevan,/artist/s-janaki|/artist/malaysia-vasudevan,04:03,Tamil,11-10-2007,0.98,0.05,0.213,0.93,-3.325,0.034,143.974,0,2,0.0751,4,50,1635714,2007
Unnai Solli Kutramillai,T.M. Soundararajan,/artist/tm-soundararajan,03:32,Tamil,11-05-2009,0.24,0.079,0.088,0.897,-9.356,0.06,127.049,1,10,0.02,4,71,11352704,2009
Thol Kanden,P.B. Sreenivas|P Suhseela,/artist/pb-sreenivas|/artist/p-suhseela,04:20,Tamil,05-11-2021,0.32,0.43,0.337,0.71,-5.068,0.019,135.018,1,7,0.0413,4,43,7476753,2021
Ponnai Virumbum,T.M. Soundararajan,/artist/tm-soundararajan,04:01,Tamil,08-06-2020,0.53,0.678,0.911,0.937,-4.642,0.06,189.88,1,11,0.0099,4,30,4910913,2020
Un Vizhiyum,T.M. Soundararajan|L.R. Eswari,/artist/tm-soundararajan|/artist/lr-eswari-2,03:18,Tamil,09-04-2007,0.26,0.188,0.404,0.517,-12.396,0.03,164.988,1,8,0.06,4,30,7115400,2007
Kallelaam Maanikka,T.M. Soundararajan|L.R. Eswari,/artist/tm-soundararajan|/artist/lr-eswari-2,05:04,Tamil,10-05-2022,0.44,0.48,0.542,0.55,-8.912,0.02,160.011,1,7,0.0043,4,70,3101589,2022
Raja Embaar,S. Janaki|S. P. Balasubrahmanyam,/artist/s-janaki|/artist/s-p-balasubrahamanyam,04:32,Tamil,05-03-2003,0.15,0.99,0.706,0.596,-10.571,0.06,199.95,0,11,0.001,4,41,4319211,2003
Naayagan Avan,K J Yesudas|S. Janaki,/artist/k-j-yesudas|/artist/s-janaki,04:13,Tamil,12-06-2002,0.07,0.25,0.109,0.55,-6.529,0.021,171.945,1,8,0.03,4,38,5083436,2002
Iru Paravaigal,Jency,/artist/jency,04:03,Tamil,07-01-2021,0.85,0.726,0.349,0.35,-2.245,0.02,152.927,0,1,0.079,4,25,2148988,2021
Samsaram Enbathu,S. P. Balasubrahmanyam,/artist/s-p-balasubrahamanyam,04:27,Tamil,07-04-2005,0.2,0.53,0.753,0.65,-8.126,0.09,176.052,0,6,0.055,4,94,5250964,2005
Unnidathil,S. Janaki,/artist/s-janaki,03:38,Tamil,11-03-2021,0.23,0.653,0.46,0.531,-13.214,0.03,192.008,0,10,0.0224,4,25,7311384,2021
Vaazha Ninaiththaal,P. Susheela,/artist/p-suseela-2,02:11,Tamil,08-01-2023,0.07,0.32,0.895,0.03,-13.805,0.0,155.978,1,9,0.0309,4,41,8067640,2023
Thakita Thadhimi,S. P. Balasubrahmanyam,/artist/s-p-balasubrahamanyam,04:09,Tamil,06-12-2021,0.99,0.381,0.885,0.553,-6.396,0.0232,110.035,0,4,0.021,4,95,1636026,2021
Kel Vigaley Nee Kettkirayae - Story And Dialogues,Sivaji Ganesan|Savitri|Nagesh|K. R. Vijaya|R. Muthuraman|K. B. Sundarambal,/artist/sivaji-ganesan|/artist/savitri|/artist/nagesh|/artist/k-r-vijaya-1|/artist/r-muthuraman|/artist/k-b-sundarambal-1,07:05,Tamil,03-11-2009,0.62,0.03,0.659,0.7,-12.174,0.0802,130.008,0,8,0.09,4,51,2007447,2009
Malargale,Malaysia Vasudevan|S. Janaki,/artist/malaysia-vasudevan|/artist/s-janaki,04:03,Tamil,03-01-2009,0.57,0.472,0.427,0.111,-7.629,0.0008,164.116,1,2,0.07,4,25,2505402,2009
Mama Unnakku Oru Thoodu,S. P. Balasubrahmanyam,/artist/s-p-balasubrahamanyam,04:10,Tamil,09-06-2020,0.65,0.43,0.542,0.6,-9.133,0.048,140.038,1,8,0.0577,4,61,7915867,2020
Neela Vaanam Odaiyil,S. P. Balasubrahmanyam,/artist/s-p-balasubrahamanyam,04:35,Tamil,06-11-2005,0.06,0.004,0.542,0.201,-13.478,0.0,139.971,1,1,0.023,4,58,8993434,2005
Naan Oru,T.M. Soundararajan,/artist/tm-soundararajan,04:24,Tamil,05-01-2020,0.37,0.138,0.076,0.036,-5.577,0.0,180.297,0,11,0.09,4,36,468811,2020
Ullam Enbathu,T.M. Soundararajan,/artist/tm-soundararajan,03:25,Tamil,02-12-2020,0.08,0.28,0.621,0.17,-10.975,0.0899,154.928,1,2,0.034,4,94,398053,2020
En Maapillaikku,T M S Selvakumar,/artist/t-m-s-selvakumar,03:30,Tamil,05-01-2006,0.29,0.89,0.267,0.8,-4.01,0.056,163.935,0,5,0.0995,4,27,7886568,2006
Yezhu Swarangalukkul,Vani Jairam,/artist/vani-jayaram,06:09,Tamil,03-08-2008,0.4,0.955,0.232,0.198,-9.301,0.09,161.464,1,7,0.032,4,66,6264204,2008
Raththiri Neraththu,B.S. Sasirekha,/artist/bs-sasirekha-1,04:47,Tamil,12-08-2020,0.62,0.86,0.544,0.71,-2.479,0.03,139.97,0,4,0.001,4,100,1895360,2020
Ninaivo Oru.,Pradeep|Sowmya,/artist/pradeep|/artist/sowmya,06:03,Tamil,01-03-2005,0.36,0.11,0.45,0.436,-8.108,0.0762,180.046,1,1,0.05,4,77,4202244,2005
En Kathai,T.M. Soundararajan,/artist/tm-soundararajan,03:24,Tamil,11-04-2004,0.25,0.735,0.421,0.269,-7.216,0.07,183.682,1,8,0.09,4,66,3058231,2004
Elanthapazham,L.R. Eswari,/artist/lr-eswari-2,03:46,Tamil,11-02-2009,0.5,0.954,0.046,0.678,-2.879,0.0231,120.148,0,5,0.0696,4,96,5005795,2009
Devalogam Azhaiththaalum,S. Janaki,/artist/s-janaki,05:36,Tamil,02-03-2020,0.91,0.24,0.966,0.29,-6.864,0.0146,200.028,1,1,0.0754,4,88,8006797,2020
Paalum Pazhamum,T.M. Soundararajan,/artist/tm-soundararajan,03:29,Tamil,06-02-2004,0.56,0.9,0.758,0.28,-10.737,0.072,109.977,0,6,0.045,4,97,9006686,2004
Vasanthakala Nadhigalile,S. Janaki|P. Jayachandran,/artist/s-janaki|/artist/p-jayachandran-1,03:21,Tamil,09-04-2007,0.26,0.099,0.765,0.196,-3.134,0.095,148.023,1,2,0.027,4,58,3076072,2007
Oru Naal Pothuma,M. Balamuralikrishna,/artist/m-balamuralikrishna-1,05:44,Tamil,02-05-2021,0.95,0.52,0.913,0.97,-12.621,0.02,124.942,1,1,0.1,4,82,8053704,2021
Kattruvaanga Ponen,T.M. Soundararajan,/artist/tm-soundararajan,03:24,Tamil,06-03-2002,0.67,0.778,0.211,0.193,-11.354,0.09,171.993,0,8,0.045,4,67,1183965,2002
Gangai Yamunai,Vani Jairam|K J Yesudas,/artist/vani-jayaram|/artist/k-j-yesudas,04:42,Tamil,10-12-2006,0.25,0.45,0.71,0.18,-2.571,0.0436,142.031,0,10,0.061,4,61,5959873,2006
Amaithikku Peyarthaan,T.M. Soundararajan,/artist/tm-soundararajan,05:17,Tamil,02-05-2004,0.95,0.696,0.577,0.711,-3.259,0.059,139.778,1,1,0.08,4,66,5769462,2004
Anbu Nadamaadum,P Suhseela|T M S Selvakumar,/artist/p-suhseela|/artist/t-m-s-selvakumar,05:00,Tamil,09-08-2002,0.69,0.9,0.695,0.51,-8.762,0.06,191.934,1,1,0.007,4,54,11106361,2002
Azhagukku,S. Janaki|T.M. Soundararajan,/artist/s-janaki|/artist/tm-soundararajan,05:00,Tamil,02-10-2006,0.11,0.601,0.597,0.86,-8.165,0.065,108.951,1,0,0.06,4,99,9147761,2006
Paarappa Pazhaniappa,T.M. Soundararajan,/artist/tm-soundararajan,04:06,Tamil,09-04-2006,0.19,0.58,0.764,0.37,-4.206,0.09,160.067,1,8,0.08,4,78,1046580,2006
Kalyan Ramaan,S. P. Balasubrahmanyam|S. Janaki,/artist/s-p-balasubrahamanyam|/artist/s-janaki,04:21,Tamil,02-06-2020,0.64,0.768,0.544,0.617,-7.097,0.07,160.976,1,0,0.0115,4,58,8316772,2020
Vizhiyal Kathal Kaditham,T.M. Soundararajan|P. Susheela,/artist/tm-soundararajan|/artist/p-suseela-2,04:48,Tamil,12-01-2006,0.2,0.166,0.668,0.857,-11.04,0.03,138.039,0,4,0.03,4,98,2722996,2006
Chittukkuruvi,P. Susheela,/artist/p-suseela-2,05:01,Tamil,04-11-2009,0.41,0.63,0.839,0.75,-3.643,0.057,151.024,0,9,0.058,4,28,10206914,2009
Thangapadhakkathin Mele,P Suhseela|T M S Selvakumar,/artist/p-suhseela|/artist/t-m-s-selvakumar,04:06,Tamil,01-01-2003,0.03,0.676,0.851,0.72,-6.881,0.07,203.122,1,9,0.024,4,44,6594204,2003
Kannirandum Minnaminna,P.B. Sreenivas|P Suhseela,/artist/pb-sreenivas|/artist/p-suhseela,03:34,Tamil,04-02-2003,0.03,0.029,0.964,0.118,-9.473,0.01,119.948,0,1,0.04,4,33,5632279,2003
Paadum Podhu,S. P. Balasubrahmanyam,/artist/s-p-balasubrahamanyam,03:03,Tamil,01-12-2007,0.46,0.372,0.309,0.087,-5.415,0.0934,150.046,0,4,0.0499,4,25,7695433,2007
Pallinginal Oru,L.R. Eswari,/artist/lr-eswari-2,03:45,Tamil,09-07-2021,0.61,0.35,0.142,0.1,-3.227,0.02,169.852,0,10,0.0856,4,66,8195086,2021
Radha Enna Manichurma - Story And Dialogues,Sivaji Ganesan|Savitri|Gemini Ganesan,/artist/sivaji-ganesan|/artist/savitri|/artist/gemini-ganesan,04:53,Tamil,12-02-2021,0.58,0.023,0.74,0.504,-3.751,0.0702,104.174,1,0,0.0556,4,83,2872414,2021
Manam Padaitthaen,P. Susheela,/artist/p-suseela-2,04:13,Tamil,05-09-2001,0.95,0.4,0.728,0.68,-2.564,0.085,112.496,1,9,0.02,4,97,3748054,2001
Vetri Meethu Vetri Vandhu,S. P. Balasubrahmanyam,/artist/s-p-balasubrahamanyam,03:04,Tamil,08-03-2003,0.8,0.675,0.494,0.704,-9.559,0.06,155.007,1,6,0.08,4,31,5336783,2003
Ethu Kuzhanthai,S. P. Balasubrahmanyam,/artist/s-p-balasubrahamanyam,04:38,Tamil,09-02-2009,0.65,0.9,0.01,0.259,-7.583,0.04,140.056,0,10,0.03,4,98,3700101,2009
Adi Ennadi Ulagam,L.R. Eswari,/artist/lr-eswari-2,04:23,Tamil,07-03-2003,0.86,0.065,0.039,0.243,-2.689,0.05,143.477,1,7,0.05,4,36,10685931,2003
Agattumda Thambi,T.M. Soundararajan,/artist/tm-soundararajan,03:38,Tamil,07-05-2006,0.84,0.824,0.612,0.051,-3.771,0.076,168.112,1,0,0.0908,4,50,541672,2006
Moondram Pirai,P. Susheela,/artist/p-suseela-2,04:53,Tamil,03-01-2020,0.95,0.74,0.873,0.62,-8.646,0.03,168.942,1,0,0.0906,4,50,6585529,2020
Muttham Ennum,Malaysia Vasudevan|Vani Jairam,/artist/malaysia-vasudevan|/artist/vani-jayaram,04:53,Tamil,01-03-2020,0.51,0.42,0.1,0.92,-10.035,0.031,175.014,1,1,0.05,4,90,3141233,2020
Pattu Vanna Rosavaam (Female),S. Janaki,/artist/s-janaki,04:47,Tamil,04-12-2003,0.26,0.93,0.73,0.58,-7.858,0.04,151.986,1,1,0.0145,4,88,8711962,2003
Vetrivel Veeravel Sutri Vandha,T.M. Soundararajan,/artist/tm-soundararajan,02:41,Tamil,04-03-2023,0.59,0.64,0.009,0.12,-13.676,0.03,128.18,1,1,0.052,4,40,4173159,2023
Kalyana Ponnu Kannana,T M S Selvakumar,/artist/t-m-s-selvakumar,04:55,Tamil,06-09-2020,0.16,0.377,0.648,0.153,-7.666,0.07,139.913,1,1,0.1,4,89,3353185,2020
Oho Enthan Baby,Anupama Deshapande|Srinivas,/artist/anupama|/artist/srinivas,04:52,Tamil,12-03-2004,0.93,0.65,0.638,0.42,-6.247,0.055,169.904,0,10,0.0062,4,55,7725133,2004
Ponnezhil Poothathu,T.M. Soundararajan|P. Susheela,/artist/tm-soundararajan|/artist/p-suseela-2,04:46,Tamil,08-02-2020,0.46,0.21,0.319,0.41,-3.036,0.03,184.932,1,2,0.09,4,46,11288715,2020
Nadaswara Osaiyile,T.M. Soundararajan,/artist/tm-soundararajan,03:37,Tamil,06-01-2020,0.85,0.09,0.945,0.86,-7.987,0.0333,141.016,0,6,0.0992,4,69,7186440,2020
Paneer Pushpangale,Kamal Haasan,/artist/kamal-haasan,03:21,Tamil,11-08-2023,0.06,0.452,0.317,0.122,-13.948,0.07,173.58,1,11,0.067,4,70,5468340,2023
Enakkoru Kadhali,S. P. Balasubrahmanyam|M. S. Viswanathan,/artist/s-p-balasubrahamanyam|/artist/m-s-viswanathan-2,06:05,Tamil,01-10-2009,0.09,0.22,0.221,0.99,-6.953,0.04,200.02,1,1,0.043,4,41,1563028,2009
Sorgam Madhuvile,S. P. Balasubrahmanyam,/artist/s-p-balasubrahamanyam,04:34,Tamil,04-10-2003,0.14,0.736,0.8,0.492,-12.693,0.098,200.054,0,5,0.096,4,78,7951798,2003
Maathamo Aavani,S. P. Balasubrahmanyam|P. Susheela,/artist/s-p-balasubrahamanyam|/artist/p-suseela-2,04:18,Tamil,01-12-2022,0.38,0.55,0.586,0.01,-8.738,0.06,200.068,1,1,0.0,4,30,6500368,2022
Aarupadai Veedu,Sirkazhi Govindarajan,/artist/sirkazhi-govindarajan,07:02,Tamil,10-01-2008,0.73,0.369,0.958,0.055,-2.15,0.04,159.578,1,4,0.08,4,26,10083630,2008
Sondham Illai,P. Susheela,/artist/p-suseela-2,04:06,Tamil,11-12-2004,0.04,0.04,0.74,0.61,-4.71,0.02,144.989,1,8,0.019,4,83,1392177,2004
Ennarugae Neeyirundhal,P.B. Sreenivas|P. Susheela,/artist/pb-sreenivas|/artist/p-suseela-2,03:07,Tamil,08-01-2003,0.99,0.934,0.271,0.761,-9.121,0.03,130.032,0,11,0.0077,4,69,1716148,2003
Muthana Muruganukku,T.M. Soundararajan,/artist/tm-soundararajan,04:04,Tamil,07-04-2008,0.69,0.17,0.464,0.65,-6.877,0.0344,174.922,1,7,0.065,4,49,9470546,2008
Paattukku Paatteduthu,P. Susheela|T.M. Soundararajan,/artist/p-suseela-2|/artist/tm-soundararajan,06:02,Tamil,03-09-2022,0.06,0.208,0.602,0.64,-11.645,0.002,172.034,1,2,0.06,4,76,11352423,2022
Aattuvittaal,T.M. Soundararajan,/artist/tm-soundararajan,04:12,Tamil,01-09-2005,0.14,0.35,0.74,0.33,-8.047,0.088,165.004,0,11,0.0586,4,28,1091482,2005
Athikkai Kaai,Jamuna Rani|T.M. Soundararajan|P.B. Sreenivas|P. Susheela,/artist/jamuna-rani|/artist/tm-soundararajan|/artist/pb-sreenivas|/artist/p-suseela-2,04:31,Tamil,08-07-2021,0.7,0.956,0.796,0.348,-12.736,0.03,154.158,1,5,0.0459,4,82,6051731,2021
Nandavanatthil Vandha,S. P. Balasubrahmanyam,/artist/s-p-balasubrahamanyam,04:34,Tamil,01-10-2021,0.9,0.05,0.374,0.97,-12.517,0.0782,130.02,1,10,0.004,4,42,3759130,2021
Thanimayilae Inimai Kaana,A. M. Rajah|P. Susheela,/artist/a-m-rajah-1|/artist/p-suseela-2,04:13,Tamil,08-04-2008,0.83,0.8,0.56,0.38,-5.715,0.04,133.995,0,8,0.004,4,87,2620094,2008
Aadungal,S. P. Balasubrahmanyam|Chorus,/artist/s-p-balasubrahamanyam|/artist/chorus,04:52,Tamil,06-01-2008,0.63,0.9,0.958,0.83,-2.144,0.047,143.015,0,5,0.02,4,26,7495926,2008
Thanga Padhakkathin Mele,T.M. Soundararajan|P. Susheela,/artist/tm-soundararajan|/artist/p-suseela-2,04:18,Tamil,04-11-2007,0.84,0.206,0.529,0.52,-11.528,0.087,176.005,1,2,0.005,4,63,505702,2007
Vaada Vattudhu,Ilaiyaraaja,/artist/iiaiyaraaja,04:06,Tamil,06-04-2020,0.5,0.53,0.628,0.28,-11.53,0.028,140.114,0,10,0.047,4,75,8109427,2020
Azhage Unnai,P. Jayachandran,/artist/p-jayachandran-1,02:10,Tamil,08-05-2003,0.64,0.097,0.132,0.087,-10.069,0.0588,204.194,0,5,0.01,4,93,10686347,2003
Kanna Neeyum Naanuma,T M S Selvakumar,/artist/t-m-s-selvakumar,04:36,Tamil,02-04-2023,0.21,0.17,0.077,0.71,-6.265,0.012,129.991,1,2,0.0138,4,80,3494477,2023
Yennai Theriyuma,T.M. Soundararajan,/artist/tm-soundararajan,03:36,Tamil,06-09-2008,0.83,0.19,0.502,0.48,-3.892,0.0,194.016,1,11,0.05,4,85,6396471,2008
Nee Pogumidamellaam,P.B. Sreenivas|P. Susheela,/artist/pb-sreenivas|/artist/p-suseela-2,04:41,Tamil,03-02-2007,0.41,0.54,0.458,0.96,-11.509,0.0176,110.033,0,5,0.0414,4,78,1373484,2007
Naan Pongal,Mano|S. Janaki,/artist/mano|/artist/s-janaki,04:13,Tamil,08-01-2006,0.85,0.714,0.65,0.321,-7.399,0.0575,139.831,0,10,0.001,4,95,1049372,2006
Illathathondrillai,T.R. Mahalingam,/artist/tr-mahalingam,03:38,Tamil,06-11-2007,0.15,0.717,0.862,0.691,-12.742,0.0342,150.06,1,1,0.09,4,47,9861969,2007
Dhravida Munnetra Kazhagam,S. C. Krishnan,/artist/s-c-krishnan-1,03:31,Tamil,06-12-2023,0.94,0.77,0.232,0.75,-13.663,0.1,158.006,0,6,0.02,4,62,8404159,2023
Nenjam Undu,T.M. Soundararajan,/artist/tm-soundararajan,03:58,Tamil,11-11-2004,0.2,0.21,0.686,0.773,-8.913,0.039,159.864,1,0,0.06,4,61,2855224,2004
Raja Chinna Roja,S. P. Balasubrahmanyam,/artist/s-p-balasubrahamanyam,04:45,Tamil,08-12-2002,0.95,0.58,0.971,0.05,-10.23,0.0421,195.988,0,11,0.08,4,56,10059899,2002
Unnai Naan Paarthathu,S. P. Balasubrahmanyam,/artist/s-p-balasubrahamanyam,03:28,Tamil,08-10-2000,0.07,0.82,0.345,0.085,-7.685,0.03,129.949,1,1,0.0554,4,81,5761153,2000
Idhu Oru Ponmaalai,Mohammed Rafi,/artist/mohammad-rafi,05:46,Tamil,08-06-2009,0.47,0.01,0.382,0.71,-5.851,0.059,160.068,1,2,0.03,4,25,2719365,2009
Vettaiyaadu Vilaiyadu,T.M. Soundararajan|P. Susheela,/artist/tm-soundararajan|/artist/p-suseela-2,05:46,Tamil,06-11-2003,0.91,0.418,0.875,0.67,-6.096,0.07,162.014,1,1,0.05,4,59,1282549,2003
Paruva Kaalangalin,Malaysia Vasudevan|S. Janaki,/artist/malaysia-vasudevan|/artist/s-janaki,03:07,Tamil,11-10-2008,0.09,0.431,0.214,0.785,-3.9,0.03,161.909,1,8,0.07,4,53,9321491,2008
Ada Yaaro,S. P. Balasubrahmanyam,/artist/s-p-balasubrahamanyam,04:36,Tamil,02-03-2006,0.72,0.12,0.679,0.07,-6.801,0.04,200.038,1,2,0.0074,4,77,479207,2006
Malarukku Thendral,L.R. Eswari|P Suhseela,/artist/lr-eswari-2|/artist/p-suhseela,03:31,Tamil,09-06-2008,0.3,0.784,0.833,0.603,-4.211,0.0183,109.93,1,6,0.009,4,83,2142692,2008
Janani Janani,P. Jayachandran|S. P. Sailaja,/artist/p-jayachandran-1|/artist/s-p-sailaja-2,05:05,Tamil,11-10-2005,0.15,0.05,0.2,0.89,-13.013,0.018,177.906,0,4,0.051,4,70,4259804,2005
Ella Malarilum,Lalitha|T.M. Soundararajan,/artist/lalitha|/artist/tm-soundararajan,03:51,Tamil,06-03-2006,0.23,0.912,0.058,0.109,-11.304,0.06,189.94,1,6,0.0885,4,79,2576088,2006
Kadaloram,T.M. Soundararajan,/artist/tm-soundararajan,03:23,Tamil,01-01-2020,0.05,0.7,0.416,0.88,-10.509,0.065,175.974,1,1,0.0297,4,37,212281,2020
Amuthey Thamizh,P. Susheela|Uma Ramanan,/artist/p-suseela-2|/artist/uma-ramanan-1,04:48,Tamil,02-03-2001,0.0,0.49,0.772,0.28,-12.847,0.083,175.046,1,1,0.09,4,88,6706109,2001
Dhoorathili Naan Kanda,S. Janaki,/artist/s-janaki,05:05,Tamil,09-09-2006,0.83,0.63,0.503,0.119,-2.538,0.05,134.964,0,1,0.07,4,49,3256318,2006
Aarumuga Saravana,P. Susheela,/artist/p-suseela-2,00:54,Tamil,07-03-2005,0.1,0.98,0.483,0.01,-13.424,0.07,158.008,1,1,0.086,4,59,4723486,2005
Ada Poiyaa,Vani Jairam,/artist/vani-jayaram,04:45,Tamil,06-07-2020,0.38,0.706,0.615,0.328,-2.516,0.07,157.994,0,6,0.026,4,49,2345352,2020
Endhan Paadalgalil,K J Yesudas|B.S. Sasirekha|Chorus,/artist/k-j-yesudas|/artist/bs-sasirekha-1|/artist/chorus,05:03,Tamil,02-11-2008,0.02,0.6,0.603,0.44,-8.608,0.059,142.079,1,8,0.012,4,100,10442842,2008
Malaimel Irunthu,T.M. Soundararajan,/artist/tm-soundararajan,03:05,Tamil,03-11-2009,0.42,0.845,0.266,0.952,-12.909,0.1,156.978,1,2,0.0355,4,100,8934705,2009
Oru Jeevanthan - Happy,S. P. Balasubrahmanyam|S. Janaki,/artist/s-p-balasubrahamanyam|/artist/s-janaki,04:48,Tamil,01-11-2007,0.44,0.9,0.58,0.48,-3.688,0.062,184.188,0,1,0.073,4,79,6134812,2007
Indha Minminikku,S. Janaki|Malaysia Vasudevan,/artist/s-janaki|/artist/malaysia-vasudevan,04:27,Tamil,11-01-2022,0.36,0.347,0.404,0.224,-8.94,0.0454,196.05,1,7,0.039,4,78,10464379,2022
Om Nama Shivaya,S. Janaki,/artist/s-janaki,04:38,Tamil,05-03-2009,0.48,0.67,0.233,0.62,-12.464,0.05,163.961,0,5,0.0302,4,37,9172154,2009
Kadavul Manithanaaga,T.M. Soundararajan,/artist/tm-soundararajan,03:21,Tamil,11-03-2022,0.62,0.632,0.347,0.879,-8.505,0.001,200.596,1,7,0.086,4,69,5620712,2022
Irumanam Konda,S. P. Balasubrahmanyam|Pattom Sadan,/artist/s-p-balasubrahamanyam|/artist/pattom-sadan,06:08,Tamil,08-03-2020,0.19,0.97,0.829,0.4,-10.503,0.08,195.754,1,9,0.005,4,71,1700000,2020
Unnai Naan Santhithen,P. Susheela,/artist/p-suseela-2,03:23,Tamil,07-10-2006,0.9,1.0,0.688,0.34,-12.917,0.02,155.004,1,2,0.0862,4,66,9848697,2006
Aasaiye Kaathule,S. P. Sailaja,/artist/s-p-sailaja-2,04:37,Tamil,08-07-2004,0.19,0.863,0.665,0.529,-10.171,0.0819,141.013,1,8,0.01,4,59,1706077,2004
Thatti Ketka,S. P. Balasubrahmanyam,/artist/s-p-balasubrahamanyam,01:18,Tamil,09-03-2005,0.68,0.549,0.746,0.047,-7.596,0.09,151.844,1,7,0.0877,4,73,8694739,2005
Yae Paadal Ondru,Pradeep|Saindhavi,/artist/pradeep|/artist/saindhavi,06:48,Tamil,01-02-2000,0.59,0.91,0.372,0.18,-12.055,0.045,164.06,1,1,0.0454,4,90,7241453,2000
Ennakoduppan,P.B. Sreenivas,/artist/pb-sreenivas,01:02,Tamil,04-03-2009,0.63,0.312,0.105,0.749,-10.523,0.02,144.256,0,5,0.082,4,91,3489332,2009
Paattu Oru Paattu,P. Susheela|T.M. Soundararajan,/artist/p-suseela-2|/artist/tm-soundararajan,03:33,Tamil,09-10-2005,0.45,0.307,0.598,0.108,-8.099,0.098,145.06,1,9,0.014,4,76,2654941,2005
Azhaikkindrar Anna,Nagore E. M. Hanifa|K. Rani,/artist/nagore-e-m-hanifa|/artist/k-rani-18,03:24,Tamil,01-11-2021,0.8,0.529,0.687,0.22,-6.92,0.07,150.147,1,2,0.069,4,94,2817421,2021
Kannum Kannum,S. Janaki|K J Yesudas,/artist/s-janaki|/artist/k-j-yesudas,04:53,Tamil,07-08-2005,0.81,0.662,0.754,0.074,-12.805,0.0182,189.922,1,1,0.05,4,69,8247356,2005
Pattu Selai Kaatthaada,P. Susheela|T.M. Soundararajan,/artist/p-suseela-2|/artist/tm-soundararajan,03:03,Tamil,03-06-2002,0.55,0.399,0.108,0.61,-7.381,0.019,146.013,0,11,0.001,4,72,5934039,2002
Neeyeunakku Endrum,T.M. Soundararajan|M. S. Raju,/artist/tm-soundararajan|/artist/m-s-raju-1,06:13,Tamil,03-04-2002,0.44,0.051,0.362,0.258,-11.465,0.01,149.978,1,1,0.0518,4,85,4461139,2002
Aalayamanyin,P. Susheela,/artist/p-suseela-2,03:34,Tamil,12-12-2004,0.09,0.31,0.393,0.72,-12.451,0.003,163.057,1,6,0.0765,4,61,176634,2004
Megame Megame,Vani Jairam,/artist/vani-jayaram,04:35,Tamil,11-05-2007,0.25,0.21,0.613,0.5,-10.956,0.048,149.945,1,10,0.1,4,39,2760179,2007
Naanaga Naanillai Thaye 1,Ilaiyaraaja,/artist/iiaiyaraaja,04:34,Tamil,09-06-2007,0.28,0.66,0.387,0.04,-10.647,0.07,136.989,1,1,0.05,4,58,845846,2007
Solam Vedhaikkayile,Ilaiyaraaja,/artist/iiaiyaraaja,02:46,Tamil,11-09-2001,0.41,0.94,0.186,0.87,-12.692,0.0905,200.15,0,4,0.038,4,85,6666133,2001
Megame Thoodhaga Vaa,S. P. Balasubrahmanyam,/artist/s-p-balasubrahamanyam,03:12,Tamil,12-09-2022,0.14,0.416,0.379,0.385,-5.127,0.04,157.99,0,10,0.0483,4,79,596131,2022
Kannan Endhan,T.M. Soundararajan|P. Susheela,/artist/tm-soundararajan|/artist/p-suseela-2,03:15,Tamil,09-04-2009,0.64,0.83,0.716,0.35,-7.436,0.0235,160.055,1,5,0.08,4,83,8214615,2009
Amman kovil kizhakkale,Ilaiyaraaja,/artist/iiaiyaraaja,03:39,Tamil,10-09-2021,0.65,0.06,0.009,0.3,-11.803,0.067,200.094,1,2,0.007,4,33,8075626,2021
Africa Kattu Puli,Nandhini,/artist/nandhini,04:57,Tamil,04-09-2021,0.61,0.689,0.67,0.592,-4.126,0.0138,160.02,1,9,0.0108,4,38,2641686,2021
Thattippaarthen,T Rajendar,/artist/t-rajendar,04:47,Tamil,01-10-2008,0.58,0.84,0.664,0.26,-13.182,0.0562,159.915,1,0,0.045,4,55,1212121,2008
Amma Endral Anbu,Jayalalithaa,/artist/jayalalithaa-9,05:04,Tamil,02-02-2002,0.89,0.546,0.586,0.171,-13.729,0.02,151.108,0,10,0.0568,4,97,8889424,2002
Oththa Ruba,Malaysia Vasudevan|S. Janaki,/artist/malaysia-vasudevan|/artist/s-janaki,04:02,Tamil,03-06-2008,0.95,0.495,0.733,0.1,-9.322,0.091,142.063,0,7,0.052,4,68,21384,2008
Singara Velane,S. Janaki|Gemini Ganesan,/artist/s-janaki|/artist/gemini-ganesan,05:05,Tamil,04-01-2007,0.98,0.27,0.745,0.09,-3.025,0.0876,140.886,1,10,0.0664,4,37,8227137,2007
Enna Enna Vaarthaigalo,P. Susheela|T.M. Soundararajan,/artist/p-suseela-2|/artist/tm-soundararajan,03:42,Tamil,02-09-2006,0.42,0.733,0.012,0.424,-7.897,0.058,130.837,0,11,0.0115,4,40,6435150,2006
Unnaikkandu Naan Aada,P. Susheela,/artist/p-suseela-2,03:26,Tamil,05-04-2004,0.07,0.86,0.717,0.73,-5.554,0.004,146.098,1,9,0.057,4,25,4758391,2004
Ennuyir Nee Thaane,K J Yesudas|Jency,/artist/k-j-yesudas|/artist/jency,04:51,Tamil,04-01-2008,0.14,0.267,0.471,0.836,-11.544,0.099,201.978,0,4,0.03,4,98,7073685,2008
Katta vandi katta vandi 2,Malaysia Vasudevan,/artist/malaysia-vasudevan,04:31,Tamil,02-02-2021,0.14,0.37,0.569,0.98,-7.31,0.07,156.974,1,7,0.07,4,86,10685961,2021
Mathana Mohana,S. P. Sailaja|Malaysia Vasudevan,/artist/s-p-sailaja-2|/artist/malaysia-vasudevan,04:49,Tamil,04-09-2021,0.01,0.09,0.539,0.58,-11.824,0.05,112.007,1,11,0.092,4,51,9617483,2021
Kadellaam,Ilaiyaraaja,/artist/iiaiyaraaja,04:31,Tamil,11-04-2020,0.01,0.872,0.664,0.663,-4.622,0.077,143.085,1,0,0.031,4,29,996806,2020
Oru Pakkam Paakira,T.M. Soundararajan,/artist/tm-soundararajan,03:12,Tamil,06-01-2020,0.48,0.42,0.75,0.14,-6.637,0.09,163.98,1,8,0.0894,4,96,6163081,2020
Poopole Un Punnagaiyil,S. P. Balasubrahmanyam,/artist/s-p-balasubrahamanyam,03:32,Tamil,04-09-2004,0.88,0.88,0.285,0.07,-13.039,0.09,110.048,1,2,0.022,4,42,11549,2004
Kannai Namadhey,T.M. Soundararajan,/artist/tm-soundararajan,03:27,Tamil,10-07-2022,0.64,0.41,0.924,0.14,-4.087,0.0604,124.104,0,5,0.0268,4,80,3107426,2022
Paalakkaattu Pakkathile,P. Susheela|T.M. Soundararajan,/artist/p-suseela-2|/artist/tm-soundararajan,03:55,Tamil,12-03-2007,0.63,0.304,0.962,0.568,-12.555,0.037,150.024,1,6,0.049,4,34,1831363,2007
Aasaiye Kaathule,Saindhavi,/artist/saindhavi,04:27,Tamil,08-09-2006,0.95,0.9,0.993,0.98,-2.135,0.09,119.969,1,2,0.0223,4,82,1414537,2006
Satti Suttathada,T.M. Soundararajan,/artist/tm-soundararajan,04:34,Tamil,01-08-2020,1.0,0.27,0.262,0.69,-2.165,0.066,195.048,0,11,0.0732,4,51,9503853,2020
Hello Hello,L.R. Eswari,/artist/lr-eswari-2,03:16,Tamil,04-03-2004,0.89,0.793,0.651,0.286,-8.272,0.059,146.274,0,10,0.0346,4,47,1200643,2004
Mazhaikkala Megam,Vani Jairam|Chandra Bose,/artist/vani-jayaram|/artist/chandra-bose,04:53,Tamil,12-10-2002,0.5,0.48,0.166,0.19,-7.094,0.0311,200.28,0,10,0.01,4,84,3719325,2002
Endhan Pon Vanname,T.M. Soundararajan,/artist/tm-soundararajan,04:52,Tamil,04-07-2005,0.54,0.06,0.863,0.76,-12.018,0.0347,130.033,1,6,0.06,4,92,10990758,2005
Madhurai Arasaalum,Sirkazhi Govindarajan|L.R. Eswari|M.R. Vijaya,/artist/sirkazhi-govindarajan|/artist/lr-eswari-2|/artist/mr-vijaya-11,05:49,Tamil,05-04-2020,0.25,0.47,0.286,0.044,-8.233,0.03,188.106,1,9,0.0104,4,25,7175252,2020
Vaazhkkayae,P. Jayachandran,/artist/p-jayachandran-1,04:25,Tamil,01-02-2002,0.24,0.42,0.299,0.09,-11.121,0.0726,127.914,1,2,0.0139,4,46,7208559,2002
Thannilavu Theniraikka,P. Susheela,/artist/p-suseela-2,03:03,Tamil,05-01-2001,0.25,0.038,0.618,0.169,-2.968,0.019,160.084,1,6,0.08,4,91,6744683,2001
Kannan Varuvan,P. Susheela,/artist/p-suseela-2,05:22,Tamil,05-02-2023,0.89,0.668,0.384,0.202,-2.585,0.08,130.029,1,6,0.03,4,37,447609,2023
Kanmani Nillu,B.S. Sasirekha|S.N. Surendar,/artist/bs-sasirekha-1|/artist/sn-surendar-1,04:48,Tamil,12-05-2022,0.37,0.36,0.618,0.57,-6.536,0.09,167.008,0,5,0.023,4,36,3528109,2022
Aavaram Poo,S. Janaki|Malaysia Vasudevan,/artist/s-janaki|/artist/malaysia-vasudevan,04:31,Tamil,11-08-2022,0.55,0.08,0.409,0.902,-8.803,0.0,119.955,1,6,0.03,4,52,8470209,2022
Aasai Raja,Uma Ramanan,/artist/uma-ramanan-1,01:04,Tamil,07-05-2021,0.46,0.79,0.755,0.61,-5.216,0.085,130.038,1,8,0.065,4,90,9217380,2021
Thanjai Periya Koil,T.R. Mahalingam|Sirkazhi Govindarajan|S. Varalakshmi,/artist/tr-mahalingam|/artist/sirkazhi-govindarajan|/artist/s-varalakshmi-1,04:03,Tamil,03-02-2005,0.6,0.067,0.707,0.357,-4.808,0.091,192.602,1,2,0.077,4,84,266131,2005
Oru Thaai Makkal,T M S Selvakumar,/artist/t-m-s-selvakumar,03:03,Tamil,05-09-2002,0.03,0.45,0.439,0.72,-3.125,0.0093,129.936,1,8,0.0901,4,98,1870746,2002
Deiveega Raagam,Jency,/artist/jency,04:22,Tamil,03-04-2001,0.93,0.676,0.446,0.444,-11.407,0.0616,140.005,1,10,0.086,4,38,1379869,2001
Sankaran Maindhane,Sirkazhi Govindarajan,/artist/sirkazhi-govindarajan,01:28,Tamil,05-01-2008,0.28,0.03,0.76,0.41,-10.092,0.0609,171.98,1,5,0.0378,4,95,9286410,2008
Ennai Yaar Endru,T.M. Soundararajan|P. Susheela,/artist/tm-soundararajan|/artist/p-suseela-2,03:26,Tamil,04-09-2008,0.16,0.725,0.118,0.076,-6.923,0.0115,180.274,0,8,0.02,4,89,1388903,2008
En Kalyana,Vani Jairam,/artist/vani-jayaram,04:00,Tamil,05-01-2006,0.27,0.35,0.063,0.15,-10.72,0.0315,181.76,0,1,0.0351,4,44,3145981,2006
Santhosham,Bharathi Paul,/artist/bharathi-paul,03:14,Tamil,09-02-2023,0.85,0.908,0.59,0.2,-5.548,0.097,146.018,1,6,0.0152,4,62,10119523,2023
Yae Paadal Ondru,S. Janaki|K J Yesudas,/artist/s-janaki|/artist/k-j-yesudas,04:38,Tamil,12-09-2021,0.47,0.782,0.884,0.392,-7.881,0.0176,183.682,0,4,0.05,4,79,470631,2021
Chiththirame,S. Janaki|P.B. Sreenivas,/artist/s-janaki|/artist/pb-sreenivas,03:44,Tamil,12-11-2005,0.56,0.56,0.015,0.61,-9.532,0.0735,109.904,0,5,0.095,4,46,7721799,2005
Kadhal Oviyam,Sujatha Mohan,/artist/sujatha,03:36,Tamil,09-01-2002,0.28,0.16,0.745,0.65,-6.482,0.0265,150.124,0,3,0.0551,4,78,4136234,2002
Athikaai Kaai,Jamuna Rani|P.B. Sreenivas|P Suhseela|T M S Selvakumar,/artist/jamuna-rani|/artist/pb-sreenivas|/artist/p-suhseela|/artist/t-m-s-selvakumar,04:31,Tamil,05-11-2008,0.29,0.944,0.618,0.669,-5.846,0.089,133.064,0,8,0.0428,4,38,9646398,2008
En Arumai Kathalikku,T.M. Soundararajan,/artist/tm-soundararajan,03:33,Tamil,09-05-2000,0.74,0.851,0.654,0.971,-11.094,0.039,147.774,1,2,0.05,4,52,4318588,2000
Chippiyirukkuthu,S. Janaki|S. P. Balasubrahmanyam,/artist/s-janaki|/artist/s-p-balasubrahamanyam,04:52,Tamil,01-03-2023,0.9,0.88,0.464,0.88,-12.774,0.0359,144.1,0,11,0.0959,4,77,3805413,2023
Ennanga Sollunga,T.M. Soundararajan|P. Susheela,/artist/tm-soundararajan|/artist/p-suseela-2,03:32,Tamil,11-04-2008,0.26,0.757,0.39,0.353,-10.653,0.089,114.005,0,4,0.0359,4,26,6917134,2008
Kakki Sattai Potta Machan,Malaysia Vasudevan|S. P. Sailaja,/artist/malaysia-vasudevan|/artist/s-p-sailaja-2,04:33,Tamil,11-08-2000,0.85,0.01,0.956,0.61,-5.335,0.019,173.904,1,8,0.038,4,94,4595215,2000
Muthana Muthallavo,P. Susheela,/artist/p-suseela-2,02:06,Tamil,03-02-2003,0.14,0.021,0.874,0.823,-9.605,0.075,123.01,1,1,0.0706,4,44,2670550,2003
Thenna Marathula,P. Susheela|Ilaiyaraaja,/artist/p-suseela-2|/artist/iiaiyaraaja,03:48,Tamil,04-05-2004,0.79,0.888,0.347,0.441,-3.326,0.09,120.028,1,0,0.08,4,89,224344,2004
Chithirai Sevaanam,P. Jayachandran,/artist/p-jayachandran-1,04:05,Tamil,08-05-2022,0.22,0.455,0.067,0.721,-2.639,0.0617,180.028,0,1,0.06,4,59,1918999,2022
Bethlehem Oorinil,Helen Satya|Betty Prince,/artist/helen-satya|/artist/betty-prince,05:05,Tamil,04-10-2022,0.21,0.18,0.668,0.05,-13.065,0.0242,142.989,0,10,0.098,4,39,3228153,2022
Sangae Muzhangu,Sirkazhi Govindarajan|P. Susheela,/artist/sirkazhi-govindarajan|/artist/p-suseela-2,04:53,Tamil,07-11-2020,0.44,0.332,0.368,0.599,-3.483,0.0335,187.848,1,11,0.09,4,54,5135532,2020
Neramithu,P Suhseela|T M S Selvakumar,/artist/p-suhseela|/artist/t-m-s-selvakumar,04:35,Tamil,09-11-2008,0.88,0.13,0.783,0.47,-10.72,0.006,200.094,1,1,0.072,4,86,35495,2008
Aymbathilum,T M S Selvakumar,/artist/t-m-s-selvakumar,04:36,Tamil,09-03-2008,0.38,0.112,0.325,0.032,-3.583,0.0259,124.993,1,11,0.0,4,65,2747571,2008
Aadi Vaa,T.M. Soundararajan,/artist/tm-soundararajan,03:31,Tamil,05-04-2008,0.21,0.214,0.415,0.891,-12.885,0.0984,176.01,1,8,0.0,4,91,9450863,2008
Kandathai Sollogiren,M. S. Viswanathan,/artist/m-s-viswanathan-2,03:13,Tamil,05-12-2002,0.08,0.175,0.583,0.911,-10.292,0.079,123.049,0,11,0.0,4,96,8488495,2002
Ullam Enbadhu Aamai,T.M. Soundararajan,/artist/tm-soundararajan,03:23,Tamil,09-02-2024,0.99,0.915,0.818,0.201,-9.066,0.0884,129.954,1,7,0.039,4,61,4278374,2024
Paruthi Edukkaiyile,T.M. Soundararajan|P. Susheela,/artist/tm-soundararajan|/artist/p-suseela-2,04:39,Tamil,11-10-2002,0.45,0.743,0.863,0.166,-6.987,0.07,164.963,1,0,0.0807,4,82,170940,2002
Kanne Kaniye,T.M. Soundararajan|P. Susheela,/artist/tm-soundararajan|/artist/p-suseela-2,03:51,Tamil,07-04-2023,0.79,0.128,0.636,0.761,-10.474,0.0478,196.03,1,8,0.062,4,37,9438717,2023
Nilavu Oru Pennaagi,T.M. Soundararajan,/artist/tm-soundararajan,04:23,Tamil,10-07-2021,0.39,0.4,0.2,0.73,-12.023,0.084,122.016,1,1,0.077,4,86,4170274,2021
Iravum Nilavum,T.M. Soundararajan|P. Susheela,/artist/tm-soundararajan|/artist/p-suseela-2,03:46,Tamil,06-12-2007,0.36,0.55,0.857,0.44,-8.214,0.0033,159.997,1,11,0.04,4,73,8314866,2007
Kettavaram,K.B. Sundarambal,/artist/kb-sundarambal,03:13,Tamil,05-04-2022,0.1,0.865,0.648,0.033,-10.69,0.077,187.988,1,7,0.0932,4,76,6008710,2022
Anbu Megame,S. P. Balasubrahmanyam|Vani Jairam,/artist/s-p-balasubrahamanyam|/artist/vani-jayaram,03:03,Tamil,08-06-2003,0.87,0.78,0.282,0.601,-2.327,0.03,107.609,0,10,0.0745,4,29,6364173,2003
Antha Maanai,K J Yesudas|Vani Jairam,/artist/k-j-yesudas|/artist/vani-jayaram,04:19,Tamil,09-03-2008,0.02,0.75,0.075,0.94,-8.873,0.056,129.953,0,6,0.0616,4,37,9933710,2008
Munthaanai,S. P. Balasubrahmanyam,/artist/s-p-balasubrahamanyam,04:36,Tamil,09-03-2021,0.45,0.39,0.797,0.65,-12.03,0.08,139.927,1,1,0.045,4,86,3258531,2021
Amaidhiyana Nadhiyinile Pathos,P Suhseela|T M S Selvakumar,/artist/p-suhseela|/artist/t-m-s-selvakumar,03:11,Tamil,06-07-2006,0.98,0.641,0.134,0.563,-5.918,0.091,135.968,1,0,0.0029,4,87,6136841,2006
Verkattil,L.R. Eswari,/artist/lr-eswari-2,04:37,Tamil,11-10-2008,0.62,0.57,0.415,0.69,-6.515,0.091,162.087,1,11,0.0027,4,48,1947502,2008
Malligai Mullai,T.M. Soundararajan,/artist/tm-soundararajan,04:46,Tamil,06-05-2006,0.36,0.426,0.385,0.099,-4.895,0.08,119.935,1,5,0.0425,4,54,459693,2006
Kannile Enna Undu,S. Janaki,/artist/s-janaki,04:02,Tamil,12-03-2023,0.77,0.99,0.365,0.94,-5.763,0.014,201.466,0,6,0.039,4,84,4641587,2023
Nila kayuthu neram nalla neram 2,Malaysia Vasudevan|S. Janaki,/artist/malaysia-vasudevan|/artist/s-janaki,04:33,Tamil,04-01-2002,0.29,0.215,0.396,0.422,-4.682,0.057,163.984,1,0,0.08,4,60,1359713,2002
Ammadi Chinna,Malaysia Vasudevan|T.l. Maharajan,/artist/malaysia-vasudevan|/artist/tl-maharajan,04:11,Tamil,02-10-2007,0.1,0.344,0.495,0.882,-9.843,0.07,107.517,1,2,0.06,4,49,1774458,2007
Radha Kathal Varadha,S. P. Balasubrahmanyam,/artist/s-p-balasubrahamanyam,06:29,Tamil,09-04-2021,0.01,0.1,0.106,0.43,-9.463,0.075,129.987,1,2,0.003,4,95,7306214,2021
Azhagiya Kanne,S. Janaki,/artist/s-janaki,04:52,Tamil,12-08-2000,0.48,0.347,0.085,0.594,-6.768,0.073,124.584,0,11,0.063,4,29,2872724,2000
Paal Vannam,P.B. Sreenivas|P Suhseela,/artist/pb-sreenivas|/artist/p-suhseela,04:02,Tamil,03-02-2002,0.29,0.58,0.649,0.48,-6.851,0.09,114.042,1,6,0.1,4,81,5329805,2002
Ranga Rangaiyya,P. Susheela,/artist/p-suseela-2,03:05,Tamil,03-06-2006,0.63,0.774,0.93,0.127,-6.544,0.044,164.974,1,2,0.1,4,98,4448917,2006
Andru Oomai Pennallo,P. Susheela|A.L. Raghavan,/artist/p-suseela-2|/artist/al-raghavan-1,07:07,Tamil,08-12-2007,0.66,0.47,0.93,0.65,-8.728,0.0965,117.101,1,6,0.01,4,34,8418107,2007
Oru Vanavil Pole,S. Janaki|P. Jayachandran,/artist/s-janaki|/artist/p-jayachandran-1,04:01,Tamil,07-03-2003,0.27,0.983,0.983,0.982,-7.487,0.0564,162.931,0,0,0.0811,4,66,8420713,2003
Poovizhi Vaasalalil,S. Janaki|K J Yesudas,/artist/s-janaki|/artist/k-j-yesudas,04:31,Tamil,03-09-2001,0.85,0.38,0.063,0.04,-13.946,0.0044,167.036,0,6,0.04,4,98,57295,2001
Mamanthan,Malaysia Vasudevan|K. S. Chithra,/artist/malaysia-vasudevan|/artist/chitra,04:23,Tamil,07-06-2023,0.09,0.025,0.548,0.178,-3.75,0.024,145.067,0,0,0.0064,4,49,1325842,2023
Chinna Chinna Kannanukku,P.B. Sreenivas,/artist/pb-sreenivas,03:28,Tamil,09-04-2009,0.84,0.75,0.08,0.84,-5.764,0.098,153.075,0,1,0.028,4,65,6486483,2009
Sollungal Ayyappan,Sirkazhi Govindarajan,/artist/sirkazhi-govindarajan,02:03,Tamil,03-03-2021,0.41,0.744,0.42,0.428,-5.772,0.05,114.991,0,6,0.0919,4,93,654743,2021
Yeththanai Yeththnai,P.B. Sreenivas,/artist/pb-sreenivas,02:59,Tamil,11-04-2002,0.35,0.75,0.323,0.05,-9.419,0.05,159.94,0,6,0.039,4,98,6280654,2002
Thamizhe Thamizhe,S. P. Balasubrahmanyam,/artist/s-p-balasubrahamanyam,04:26,Tamil,12-10-2020,0.58,0.32,0.562,0.0,-5.238,0.002,157.153,1,9,0.045,4,94,841586,2020
Yendha Poovilum,S. Janaki,/artist/s-janaki,04:15,Tamil,02-11-2002,0.77,0.994,0.363,0.533,-6.204,0.0625,145.941,1,11,0.0721,4,35,207058,2002
Panivizhum,K J Yesudas,/artist/k-j-yesudas,04:44,Tamil,04-05-2008,0.25,0.5,0.231,0.23,-9.881,0.0664,153.958,0,7,0.076,4,88,166641,2008
Ennullil Engo,Vani Jairam,/artist/vani-jayaram,04:05,Tamil,01-11-2020,0.32,0.7,0.192,0.69,-7.335,0.071,121.829,0,8,0.1,4,48,10493745,2020
Aanandam,S. Janaki,/artist/s-janaki,04:15,Tamil,12-06-2007,0.31,0.367,0.496,0.691,-6.771,0.09,126.018,1,7,0.09,4,53,4035778,2007
Kurudaana Kavingnanukku,T.M. Soundararajan|B.S.Sasirekha,/artist/tm-soundararajan|/artist/bssasirekha-1,04:57,Tamil,10-10-2008,0.15,0.358,0.27,0.114,-2.975,0.08,122.448,1,1,0.087,4,94,9071108,2008
Degam Pattu Sirikum Mottu,S. P. Balasubrahmanyam|S. P. Sailaja,/artist/s-p-balasubrahamanyam|/artist/s-p-sailaja-2,05:34,Tamil,05-11-2001,0.03,0.657,0.64,0.37,-5.594,0.04,153.986,0,0,0.07,4,57,6385534,2001
Ninaithaale Inikkum Sugame,L.R. Eswari,/artist/lr-eswari-2,04:16,Tamil,06-11-2004,0.33,0.292,0.859,0.8,-9.097,0.0141,155.961,0,9,0.0881,4,33,3366890,2004
Madurayil Pirantha,T.M. Soundararajan,/artist/tm-soundararajan,04:08,Tamil,02-11-2003,0.69,0.19,0.978,0.11,-10.083,0.016,180.848,1,11,0.051,4,63,11153693,2003
Moongilile,S. P. Balasubrahmanyam,/artist/s-p-balasubrahamanyam,05:01,Tamil,02-01-2022,0.03,0.494,0.945,0.202,-12.152,0.01,109.013,1,1,0.049,4,80,10734998,2022
Sorgam Madhuvile,S. P. Balasubrahmanyam,/artist/s-p-balasubrahamanyam,04:34,Tamil,10-03-2007,0.81,0.794,0.84,0.978,-12.064,0.035,146.056,0,11,0.055,4,26,1570687,2007
Buddhi Ulla Manitharellam,J.P. Chandrababu,/artist/jp-chandrababu-36,04:12,Tamil,11-12-2021,0.01,0.761,0.056,0.661,-6.31,0.07,119.985,1,2,0.066,4,73,4542058,2021
Kalaimagal,P. Susheela,/artist/p-suseela-2,03:33,Tamil,05-05-2000,0.18,0.272,0.18,0.727,-2.687,0.081,177.806,1,6,0.083,4,68,1671735,2000
Maadimele,P.B. Sreenivas|Chorus,/artist/pb-sreenivas|/artist/chorus,03:27,Tamil,05-01-2009,0.89,0.21,0.132,0.33,-11.987,0.03,184.01,0,1,0.0283,4,83,437976,2009
Gnayiru Oli Mazhaiyil,Kamal Haasan,/artist/kamal-haasan,03:28,Tamil,02-03-2004,0.85,0.124,0.551,0.116,-11.431,0.04,192.084,0,11,0.0993,4,91,3764961,2004
Vaanathe Paarthein _ sad,S. P. Balasubrahmanyam,/artist/s-p-balasubrahamanyam,04:30,Tamil,04-08-2001,0.09,0.28,0.663,0.6,-6.26,0.05,155.061,1,5,0.071,4,87,2602969,2001
Aththaan Ennathaan,P. Susheela,/artist/p-suseela-2,04:41,Tamil,11-01-2020,0.05,0.486,0.213,0.595,-12.619,0.0277,121.067,0,1,0.024,4,68,701817,2020
Ethanaiyo Piravi,T.M. Soundararajan,/artist/tm-soundararajan,03:17,Tamil,11-04-2008,0.46,0.391,0.875,0.68,-9.617,0.06,148.004,1,7,0.056,4,79,677285,2008
Enga Veetu Pillai,S. P. Balasubrahmanyam,/artist/s-p-balasubrahamanyam,04:01,Tamil,07-11-2006,0.97,0.642,0.016,0.979,-6.813,0.099,156.018,1,1,0.0532,4,29,2384173,2006
Sing Swing,Kalyani,/artist/kalyani,04:57,Tamil,07-02-2007,0.21,0.66,0.024,0.13,-12.877,0.01,140.017,0,4,0.0688,4,80,2984761,2007
Aan Pillai Endralum,B.S. Sasirekha|S. P. Sailaja,/artist/bs-sasirekha-1|/artist/s-p-sailaja-2,04:29,Tamil,07-08-2022,0.43,0.391,0.844,0.59,-11.962,0.083,135.97,1,1,0.076,4,78,5811686,2022
Ennai Thaney Thanjam,K J Yesudas,/artist/k-j-yesudas,01:10,Tamil,11-10-2008,0.21,0.94,0.474,0.59,-13.009,0.056,140.071,1,5,0.0736,4,53,1734920,2008
Ondrodu Ondranom,P. Susheela,/artist/p-suseela-2,03:13,Tamil,04-04-2008,0.2,0.512,0.286,0.294,-11.248,0.059,153.987,1,10,0.0809,4,69,4867387,2008
Muthu Pavazham,T.M. Soundararajan|P. Susheela,/artist/tm-soundararajan|/artist/p-suseela-2,03:47,Tamil,01-11-2021,0.68,0.5,0.424,0.49,-5.371,0.044,140.059,1,7,0.0443,4,100,1477730,2021
Yennarugae Neeyirundhal,P.B. Sreenivas|P. Susheela,/artist/pb-sreenivas|/artist/p-suseela-2,03:22,Tamil,12-03-2003,0.33,0.793,0.02,0.558,-9.359,0.05,130.013,1,1,0.0526,4,37,4070189,2003
Kallelaam Maanikka,T M S Selvakumar,/artist/t-m-s-selvakumar,03:17,Tamil,04-01-2022,0.16,0.081,0.417,0.936,-6.178,0.0406,129.98,0,8,0.02,4,76,7154179,2022
Idhu Kaala Kaalam,P. Jayachandran|S. Janaki,/artist/p-jayachandran-1|/artist/s-janaki,04:31,Tamil,11-04-2003,0.51,0.13,0.323,0.28,-4.255,0.0025,196.02,1,9,0.08,4,37,8067570,2003
Pachchai Maram Ondru (Female),P. Susheela,/artist/p-suseela-2,02:56,Tamil,06-09-2020,0.67,0.1,0.611,0.69,-13.613,0.048,168.095,0,8,0.09,4,55,3590391,2020
Kaathal Vaibhogame,S. Janaki|Malaysia Vasudevan,/artist/s-janaki|/artist/malaysia-vasudevan,03:44,Tamil,11-05-2005,1.0,0.482,0.502,0.048,-9.419,0.02,170.07,0,1,0.01,4,64,2163177,2005
Vaanam Polea Vannam,S. P. Balasubrahmanyam|S. P. Sailaja,/artist/s-p-balasubrahamanyam|/artist/s-p-sailaja-2,04:30,Tamil,02-01-2024,0.2,0.91,0.948,0.4,-7.496,0.026,141.073,1,2,0.002,4,91,7590584,2024
Kattiloru Singakkuttiyam,S. P. Balasubrahmanyam,/artist/s-p-balasubrahamanyam,03:12,Tamil,10-05-2005,0.09,0.221,0.993,0.188,-5.254,0.05,146.023,1,5,0.1,4,100,2896356,2005
Kudu Kuduththa Kizhavanukku,Abavanan|Krishnachandran|S.N. Surendar,/artist/abavanan|/artist/krishnachandran|/artist/sn-surendar-1,04:02,Tamil,09-07-2021,0.12,0.25,0.527,0.5,-5.678,0.015,189.954,0,10,0.034,4,77,952218,2021
Mookkutthi Poomele Pathos,Malaysia Vasudevan,/artist/malaysia-vasudevan,02:54,Tamil,12-07-2009,0.65,0.823,0.004,0.768,-5.413,0.07,195.98,1,8,0.03,4,61,2341707,2009
Achcham Enbathu,T.M. Soundararajan,/artist/tm-soundararajan,04:49,Tamil,09-03-2023,0.33,0.72,0.474,0.47,-5.217,0.09,130.122,1,6,0.0,4,74,10521485,2023
Thottukkollava,T.M. Soundararajan|P. Susheela,/artist/tm-soundararajan|/artist/p-suseela-2,03:02,Tamil,02-05-2003,0.1,0.466,0.711,0.238,-3.287,0.072,105.029,0,8,0.012,4,86,6638113,2003
Kelviyin Naayagane,Vani Jairam|B.S. Sasirekha,/artist/vani-jayaram|/artist/bs-sasirekha-1,07:28,Tamil,11-12-2002,0.27,0.017,0.089,0.728,-2.491,0.0183,139.939,0,9,0.089,4,66,1154084,2002
Maalaiyil Malar Solayil,P.B. Sreenivas,/artist/pb-sreenivas,03:31,Tamil,02-09-2022,0.31,0.39,0.256,0.9,-2.452,0.009,159.88,1,0,0.093,4,32,3127943,2022
Ondru Engal Jaadhiyae,T.M. Soundararajan|L.R. Eswari,/artist/tm-soundararajan|/artist/lr-eswari-2,04:03,Tamil,06-11-2009,0.26,0.422,0.458,0.991,-8.606,0.02,144.942,0,6,0.0087,4,89,10182075,2009
Pachchai Maram Ondru (Duet),P. Susheela|P.B. Sreenivas,/artist/p-suseela-2|/artist/pb-sreenivas,03:04,Tamil,04-10-2003,0.15,0.76,0.785,0.88,-10.27,0.055,167.964,1,5,0.01,4,32,9602963,2003
Vekkali,L.R. Eswari,/artist/lr-eswari-2,06:00,Tamil,04-03-2004,0.02,0.046,0.492,0.29,-6.59,0.0845,169.033,1,8,0.093,4,29,4097934,2004
Pudhiya Padhai (Full Length Audio Cinema) Part-2,S. P. Balasubrahmanyam|Others,/artist/s-p-balasubrahamanyam|/artist/others,01:15:45,Tamil,02-04-2023,0.92,0.9,0.084,0.14,-4.923,0.09,141.044,1,7,0.088,4,70,10062857,2023
Endrum Pathinaaru,T.M. Soundararajan|P. Susheela,/artist/tm-soundararajan|/artist/p-suseela-2,03:33,Tamil,09-04-2020,0.17,0.95,0.507,0.14,-11.074,0.008,146.658,1,0,0.071,4,43,10310356,2020
Thookam Un Kangalai,S. Janaki,/artist/s-janaki,03:29,Tamil,10-07-2002,0.69,0.044,0.875,0.163,-12.408,0.047,135.933,0,10,0.06,4,89,11302750,2002
Samsaram Adhu Minsaram,S. P. Balasubrahmanyam,/artist/s-p-balasubrahamanyam,06:25,Tamil,02-04-2024,0.44,0.08,0.724,0.78,-11.28,0.0867,140.082,1,7,0.016,4,49,1843517,2024
Malargalile Aaradhanai,S. Janaki|Malaysia Vasudevan,/artist/s-janaki|/artist/malaysia-vasudevan,04:40,Tamil,09-01-2002,0.89,0.3,0.362,0.373,-10.259,0.0523,192.144,1,1,0.068,4,36,10740859,2002
Azhage Thamizhe Nee,Dharapuram Sundararajan|Manorama|Sarala|Sirkazhi Govindarajan|L.R. Anjali|A.L. Raghavan|M.R. Vijaya,/artist/dharapuram-sundararajan|/artist/manorama|/artist/sarala|/artist/sirkazhi-govindarajan|/artist/lr-anjali|/artist/al-raghavan-1|/artist/mr-vijaya-10,06:15,Tamil,11-04-2022,0.72,0.609,0.822,0.658,-5.664,0.07,177.874,0,6,0.064,4,80,10604575,2022
Vaikiren Vaikiren,Sunanda|T.K.S.Natarajan,/artist/p-sunanda|/artist/tksnatarajan,03:32,Tamil,08-02-2007,0.47,0.05,0.174,0.58,-7.02,0.0564,103.995,1,1,0.0212,4,70,8907176,2007
Oru Naal Yaaro,P. Susheela,/artist/p-suseela-2,03:34,Tamil,12-06-2003,0.34,0.637,0.012,0.802,-12.074,0.07,120.078,1,1,0.0946,4,36,8365913,2003
Mannil Vantha Nilave,P. Susheela,/artist/p-suseela-2,04:05,Tamil,06-10-2004,0.13,0.41,0.393,0.63,-3.69,0.09,170.075,0,1,0.01,4,53,6369635,2004
Muthu Muthu Penna,K. S. Chithra,/artist/chitra,04:21,Tamil,12-11-2022,0.82,0.143,0.87,0.513,-5.498,0.0237,146.023,0,9,0.057,4,29,9889327,2022
Uchchi Vagundhedutthu,S. P. Balasubrahmanyam|S. P. Sailaja,/artist/s-p-balasubrahamanyam|/artist/s-p-sailaja-2,04:05,Tamil,10-04-2004,0.52,0.57,0.574,0.37,-5.514,0.04,119.871,1,2,0.001,4,68,1696435,2004
Thennai Ilam Kitruniley,T.M. Soundararajan|P. Susheela,/artist/tm-soundararajan|/artist/p-suseela-2,03:09,Tamil,05-03-2001,0.94,0.89,0.788,0.34,-8.266,0.0071,119.966,1,2,0.048,4,83,10012962,2001
Kavalai Illada Manitahan,J. P. Chandrababu,/artist/j-p-chandrababu-1,03:02,Tamil,09-02-2003,0.96,0.518,0.177,0.759,-3.073,0.0696,131.907,1,11,0.04,4,89,6401240,2003
Kaathodu Poovurasa,P. Susheela|S. P. Balasubrahmanyam,/artist/p-suseela-2|/artist/s-p-balasubrahamanyam,04:34,Tamil,03-08-2009,0.95,0.579,0.835,0.471,-2.842,0.1,159.834,1,6,0.02,4,55,2718351,2009
Oru Nanbanin,S. P. Balasubrahmanyam,/artist/s-p-balasubrahamanyam,04:04,Tamil,01-02-2008,0.78,0.52,0.129,0.47,-11.773,0.0633,111.921,1,1,0.028,4,71,8492425,2008
Story And Dialogues Part - 1 - Enga Veettu Pillai,Sakthi T. K. Krishnasamy,/artist/sakthi-t-k-krishnasamy,28:37:00,Tamil,02-05-2021,0.3,0.305,0.268,0.198,-11.782,0.03,173.976,1,1,0.0302,4,72,6490964,2021
Paattukku Paatteduthu,T.M. Soundararajan|P. Susheela,/artist/tm-soundararajan|/artist/p-suseela-2,06:02,Tamil,11-01-2020,0.79,0.11,0.06,0.13,-11.411,0.017,119.958,0,4,0.07,4,51,3142942,2020
Naam Oruvarai Oruvar,T.M. Soundararajan|L.R. Eswari,/artist/tm-soundararajan|/artist/lr-eswari-2,04:22,Tamil,12-12-2023,0.66,0.057,0.47,0.661,-11.388,0.012,126.007,0,3,0.0694,4,87,1379808,2023
Kalyana Naal Paarkka,T.M. Soundararajan|P. Susheela,/artist/tm-soundararajan|/artist/p-suseela-2,04:28,Tamil,12-01-2004,0.42,0.61,0.039,0.97,-8.121,0.0588,155.961,1,2,0.062,4,76,6846265,2004
Anbu Malar,M. S. Viswanathan,/artist/m-s-viswanathan-2,02:31,Tamil,12-03-2023,0.52,0.966,0.194,0.602,-11.554,0.0832,167.806,1,0,0.0479,4,80,8929702,2023
Thannandhani Kattukkulle,K. S. Chithra|Chorus|S. P. Balasubrahmanyam,/artist/chitra|/artist/chorus|/artist/s-p-balasubrahamanyam,04:49,Tamil,09-03-2023,0.81,0.36,0.692,0.75,-7.608,0.07,157.0,1,1,0.0,4,33,1612745,2023
Naan Paada,S. Janaki,/artist/s-janaki,04:56,Tamil,10-09-2022,0.04,0.2,0.526,0.561,-4.929,0.079,146.002,0,10,0.091,4,60,4197076,2022
Vandhanam Yen Vandhanam,S. P. Balasubrahmanyam,/artist/s-p-balasubrahamanyam,04:47,Tamil,07-05-2022,0.48,0.3,0.823,0.7,-10.365,0.0111,179.898,1,11,0.0242,4,51,6214812,2022
Kanchi Pattuduthi,K J Yesudas|Savitri,/artist/k-j-yesudas|/artist/savitri,05:51,Tamil,07-11-2023,0.21,0.93,0.026,0.85,-12.933,0.0099,199.908,1,1,0.059,4,54,6483808,2023
Aazh Kadalil,S. P. Balasubrahmanyam,/artist/s-p-balasubrahamanyam,04:27,Tamil,11-09-2005,0.47,0.335,0.819,0.2,-2.47,0.0381,125.999,1,6,0.05,4,27,5026065,2005
Moddithirantha,T.M. Soundararajan|P. Susheela,/artist/tm-soundararajan|/artist/p-suseela-2,03:07,Tamil,07-02-2004,0.96,0.433,0.091,0.505,-2.78,0.09,136.949,1,11,0.08,4,72,10393926,2004
Kaadhalikka Neramillai,Sirkazhi Govindarajan,/artist/sirkazhi-govindarajan,05:13,Tamil,12-11-2004,0.68,0.43,0.043,0.81,-11.97,0.09,143.96,1,1,0.04,4,82,10667236,2004
Paattondru Ketten,Jamuna Rani,/artist/jamuna-rani,04:33,Tamil,02-11-2007,0.7,0.716,0.006,0.344,-11.007,0.02,131.921,1,1,0.08,4,73,1328055,2007
Kettely Angey,Gayatri|P Suhseela,/artist/gayatri|/artist/p-suhseela,04:41,Tamil,06-07-2003,0.91,0.25,0.23,0.83,-10.258,0.01,110.034,0,1,0.0263,4,88,7804826,2003
Naane Naana,Sowmya,/artist/sowmya,06:11,Tamil,04-03-2020,0.87,0.391,0.501,0.796,-10.25,0.0482,170.861,1,0,0.09,4,79,3704204,2020
Naan Aathankarai,S. Janaki|Chorus,/artist/s-janaki|/artist/chorus,04:28,Tamil,04-09-2006,0.88,0.66,0.654,0.23,-12.12,0.0521,155.084,0,6,0.04,4,68,3575390,2006
Om Nama Shivaya,S. Janaki,/artist/s-janaki,04:38,Tamil,11-04-2003,0.06,0.501,0.482,0.234,-6.211,0.09,173.935,0,9,0.0655,4,36,4853441,2003
Engey Nimmathi,T.M. Soundararajan,/artist/tm-soundararajan,06:26,Tamil,01-04-2009,0.9,0.403,0.443,0.282,-5.796,0.01,119.432,0,1,0.041,4,74,6029130,2009
Subbanna Sonnaranna,Malaysia Vasudevan,/artist/malaysia-vasudevan,04:41,Tamil,06-10-2022,0.61,0.71,0.438,0.89,-12.184,0.0802,186.068,0,10,0.085,4,68,9255202,2022
Kovilile,S. P. Balasubrahmanyam|L.R. Anjali,/artist/s-p-balasubrahamanyam|/artist/lr-anjali,04:38,Tamil,07-07-2003,0.09,0.578,0.479,0.017,-11.45,0.05,149.762,1,1,0.043,4,72,2981103,2003
Naane Endrum Raja,S. P. Balasubrahmanyam,/artist/s-p-balasubrahamanyam,04:42,Tamil,11-08-2006,0.28,0.942,0.149,0.724,-12.977,0.02,181.94,1,7,0.054,4,40,1298403,2006
Thottaal,T.M. Soundararajan|P. Susheela,/artist/tm-soundararajan|/artist/p-suseela-2,03:23,Tamil,03-09-2005,0.95,0.77,0.868,0.97,-6.232,0.0552,167.972,0,4,0.046,4,37,4364324,2005
Hei Oraayiram,S. P. Balasubrahmanyam,/artist/s-p-balasubrahamanyam,03:47,Tamil,01-03-2020,0.91,0.366,0.825,0.943,-11.564,0.06,115.934,0,10,0.02,4,98,10142555,2020
Kangalum Kaavadi,L.R. Eswari,/artist/lr-eswari-2,05:06,Tamil,07-01-2024,0.44,0.79,0.67,0.48,-6.725,0.02,155.131,1,0,0.039,4,76,6466472,2024
Enakkum Unakkumthaan,P. Susheela|T.M. Soundararajan,/artist/p-suseela-2|/artist/tm-soundararajan,03:43,Tamil,04-01-2020,0.08,0.546,0.552,0.925,-5.065,0.0671,127.837,1,10,0.09,4,71,7722045,2020
Silai Edutthan Oru,P. Susheela,/artist/p-suseela-2,05:16,Tamil,11-05-2021,0.11,0.74,0.68,0.03,-6.943,0.085,189.891,1,8,0.03,4,61,1467510,2021
Yamuna Nathi Ingey,P. Susheela|S. P. Balasubrahmanyam,/artist/p-suseela-2|/artist/s-p-balasubrahamanyam,04:25,Tamil,04-12-2006,0.18,0.548,0.543,0.625,-13.169,0.024,142.032,0,5,0.0242,4,62,3899248,2006
Poi Vaa Nadhiyalaiyae,K J Yesudas|T.k. Kala,/artist/k-j-yesudas|/artist/tk-kala,03:18,Tamil,01-09-2001,0.98,0.7,0.424,0.03,-11.835,0.0,127.076,1,9,0.0344,4,93,10844216,2001
Alli Thandha Vaanam,Malaysia Vasudevan,/artist/malaysia-vasudevan,04:26,Tamil,05-11-2020,0.67,0.575,0.599,0.418,-12.693,0.042,116.967,1,4,0.0,4,98,9990019,2020
Ninaitthadhai Nadatthiyae,T.M. Soundararajan|L.R. Eswari,/artist/tm-soundararajan|/artist/lr-eswari-2,06:56,Tamil,06-03-2024,0.17,0.44,0.667,0.04,-11.916,0.041,186.562,1,0,0.019,4,25,8323616,2024
Malarukku Thendral,L.R. Eswari|P. Susheela,/artist/lr-eswari-2|/artist/p-suseela-2,04:56,Tamil,06-03-2003,0.79,0.219,0.776,0.457,-11.217,0.04,187.994,1,9,0.0719,4,73,6888517,2003
Kavalai Illada Manitahan,J. P. Chandrababu,/artist/j-p-chandrababu-1,03:02,Tamil,02-10-2022,0.0,0.51,0.244,0.21,-6.866,0.07,175.694,1,1,0.066,4,70,2834926,2022
Thaalaattu,S. P. Balasubrahmanyam|P. Susheela,/artist/s-p-balasubrahamanyam|/artist/p-suseela-2,03:05,Tamil,09-11-2007,0.2,0.54,0.889,0.27,-2.079,0.1,199.972,1,1,0.09,4,68,1214747,2007
Aayiram Ennam Kondu,T.M. Soundararajan|P. Susheela,/artist/tm-soundararajan|/artist/p-suseela-2,05:52,Tamil,02-09-2002,0.92,0.98,0.541,0.35,-6.168,0.0965,178.401,0,11,0.053,4,87,4028337,2002
Nalladhu Kanna,T.M. Soundararajan|P. Susheela,/artist/tm-soundararajan|/artist/p-suseela-2,04:34,Tamil,06-02-2006,0.7,0.763,0.744,0.716,-3.444,0.073,120.013,1,9,0.0967,4,72,6931661,2006
Comedy Sequence From Anbe Vaa,Manorama|Nagesh|M. G. Ramachandran,/artist/manorama|/artist/nagesh|/artist/m-g-ramachandran-2,20:09,Tamil,10-03-2004,0.72,0.838,0.551,0.229,-13.103,0.0381,129.992,0,6,0.099,4,78,3207974,2004
Thuyilaadha Penn,A. M. Rajah|P. Susheela,/artist/a-m-rajah-1|/artist/p-suseela-2,03:06,Tamil,10-03-2008,0.35,0.22,0.283,0.16,-6.855,0.06,155.015,1,11,0.0001,4,29,2271463,2008
Kurinji Malaril,Vani Jairam|S. P. Balasubrahmanyam,/artist/vani-jayaram|/artist/s-p-balasubrahamanyam,04:25,Tamil,06-02-2008,0.36,0.034,0.646,0.597,-6.899,0.077,144.983,0,2,0.05,4,83,5012301,2008
Ennai Marandhadhaen,P. Susheela,/artist/p-suseela-2,03:36,Tamil,08-01-2009,0.43,0.7,0.506,0.69,-8.161,0.007,168.298,1,1,0.0527,4,86,9905522,2009
Vilakkuvecha Nerathile Mama,Ilaiyaraaja|S. Janaki,/artist/iiaiyaraaja|/artist/s-janaki,03:52,Tamil,04-02-2021,0.77,0.951,0.291,0.434,-9.192,0.0321,112.027,1,10,0.07,4,46,9123138,2021
Mangayaril Maharani,S. P. Balasubrahmanyam|P. Susheela,/artist/s-p-balasubrahamanyam|/artist/p-suseela-2,04:26,Tamil,11-12-2009,0.62,0.416,0.47,0.009,-9.192,0.029,142.963,1,2,0.09,4,50,10540107,2009
Kodutthathellam Kodutthan,T.M. Soundararajan,/artist/tm-soundararajan,04:13,Tamil,09-06-2001,0.48,0.32,0.016,0.19,-13.689,0.096,131.99,1,1,0.04,4,59,3873032,2001
Tharaimel Pirakkavaitthan,T.M. Soundararajan,/artist/tm-soundararajan,05:05,Tamil,04-03-2022,0.49,0.15,0.186,0.98,-6.107,0.05,178.16,1,0,0.0447,4,45,10177108,2022
Poo Mazhai Thoovi,T.M. Soundararajan,/artist/tm-soundararajan,06:12,Tamil,02-05-2007,0.34,0.87,0.53,0.68,-9.832,0.0281,180.074,1,9,0.036,4,63,3424294,2007
Aadhiparasakthi Thayae,L.R. Eswari,/artist/lr-eswari-2,04:15,Tamil,07-07-2020,0.85,0.567,0.273,0.29,-7.906,0.088,152.038,1,1,0.03,4,99,7119409,2020
Idhayam,Vani Jairam,/artist/vani-jayaram,05:06,Tamil,05-12-2006,0.73,0.013,0.217,0.574,-10.047,0.007,145.083,0,6,0.08,4,65,6172548,2006
Nandooruthu,T.M. Soundararajan,/artist/tm-soundararajan,03:02,Tamil,09-06-2002,0.45,0.31,0.306,0.02,-11.284,0.076,158.932,1,0,0.067,4,31,1419771,2002
Endru Thaniyum,Tiruchi Loganathan,/artist/tiruchi-loganathan,02:35,Tamil,10-02-2005,0.98,0.039,0.201,0.861,-2.496,0.0163,161.997,1,8,0.061,4,54,1025397,2005
Kaasi Visalakshi,L.R. Eswari,/artist/lr-eswari-2,03:36,Tamil,10-06-2020,0.56,0.84,0.419,0.39,-6.308,0.0585,159.985,0,4,0.005,4,55,2686637,2020
Kannanennum,P. Susheela,/artist/p-suseela-2,04:08,Tamil,02-08-2007,0.29,0.21,0.787,0.91,-10.034,0.04,169.976,1,8,0.072,4,61,10278062,2007
Thai Maatha Makara Vilakku,Sirkazhi Govindarajan,/artist/sirkazhi-govindarajan,04:05,Tamil,12-11-2022,0.47,0.33,0.432,0.15,-5.46,0.02,163.71,1,1,0.046,4,44,2267978,2022
Aalaana Aalillayo,Vani Jairam|Malaysia Vasudevan,/artist/vani-jayaram|/artist/malaysia-vasudevan,04:18,Tamil,07-12-2003,0.35,0.633,0.534,0.143,-3.33,0.093,149.594,1,2,0.06,4,43,1771063,2003
Maalaiyum Iravum,S. Janaki|P.B. Sreenivas,/artist/s-janaki|/artist/pb-sreenivas,03:35,Tamil,01-05-2008,0.3,0.935,0.017,0.549,-3.937,0.0637,129.89,1,0,0.1,4,88,7292665,2008
Deivam Irupathu - Story And Dialogues,Sivaji Ganesan|K. R. Vijaya|Savitri|Gemini Ganesan|Nagesh,/artist/sivaji-ganesan|/artist/k-r-vijaya-1|/artist/savitri|/artist/gemini-ganesan|/artist/nagesh,12:59,Tamil,05-02-2005,0.04,0.81,0.441,0.22,-8.851,0.078,120.033,0,10,0.034,4,59,9651204,2005
Samayapura,L.R. Eswari,/artist/lr-eswari-2,06:29,Tamil,11-12-2008,0.21,0.23,0.424,0.78,-8.349,0.075,158.06,0,4,0.074,4,26,4821558,2008
Poove Unnai Nesithen,S. P. Balasubrahmanyam|S. Janaki,/artist/s-p-balasubrahamanyam|/artist/s-janaki,04:14,Tamil,08-01-2004,0.86,0.981,0.366,0.539,-9.145,0.058,169.984,0,7,0.032,4,60,4764682,2004
Santhaana Pushpa,T.M. Soundararajan,/artist/tm-soundararajan,02:23,Tamil,03-08-2008,0.62,0.28,0.492,0.44,-10.232,0.06,180.062,0,0,0.0896,4,34,6518795,2008
Pahelendrum Iravendrum,B.S. Sasirekha|S. P. Balasubrahmanyam,/artist/bs-sasirekha-1|/artist/s-p-balasubrahamanyam,04:56,Tamil,05-01-2024,0.97,0.134,0.583,0.39,-6.743,0.0489,140.043,1,0,0.05,4,82,6149588,2024
Aadumadi Thottil,P. Susheela,/artist/p-suseela-2,04:34,Tamil,06-05-2007,0.38,0.01,0.091,0.232,-6.078,0.087,154.962,1,9,0.059,4,95,10590126,2007
Amma Nee Sumandha,T.M. Soundararajan,/artist/tm-soundararajan,04:24,Tamil,07-04-2024,0.03,0.94,0.812,0.57,-9.285,0.09,139.943,1,1,0.003,4,43,8652940,2024
Muruga Endrazhaikkava,T.M. Soundararajan,/artist/tm-soundararajan,05:29,Tamil,02-12-2009,0.89,0.08,0.208,0.06,-4.951,0.071,134.99,0,10,0.06,4,84,2613507,2009
Aani Muththu,P. Susheela|L.R. Eswari|Sulamangalam R Rajalakshmi,/artist/p-suseela-2|/artist/lr-eswari-2|/artist/sulamangalam-r-rajalakshmi,03:03,Tamil,07-08-2021,0.79,0.177,0.098,0.435,-4.442,0.08,107.994,1,8,0.0771,4,74,7532419,2021
Vaanilae Medai,S. P. Balasubrahmanyam,/artist/s-p-balasubrahamanyam,02:23,Tamil,12-04-2006,0.27,0.147,0.281,0.302,-8.253,0.02,200.072,1,7,0.003,4,36,2633595,2006
Aarambam Indrey Aagattum,L.R. Eswari|S. P. Balasubrahmanyam,/artist/lr-eswari-2|/artist/s-p-balasubrahamanyam,03:21,Tamil,09-08-2008,0.94,0.34,0.355,0.99,-13.223,0.092,108.993,1,1,0.0152,4,64,356903,2008
Vizhiye Vizhiye,T.M. Soundararajan|P. Susheela,/artist/tm-soundararajan|/artist/p-suseela-2,03:43,Tamil,03-10-2002,0.79,0.599,0.2,0.25,-13.298,0.0364,146.995,1,2,0.0126,4,67,37952,2002
Thendralil Aadidum,K J Yesudas|P. Susheela,/artist/k-j-yesudas|/artist/p-suseela-2,04:35,Tamil,06-08-2007,0.35,0.19,0.846,0.05,-9.183,0.027,115.986,1,1,0.065,4,29,8498087,2007
Mayakkamaa Kalakkama - Remix,Mohammed Rafi,/artist/mohammad-rafi,04:45,Tamil,07-03-2008,0.48,0.54,0.85,0.84,-2.514,0.09,110.018,1,8,0.033,4,62,7648520,2008
Kannirunthum,T.M. Soundararajan,/artist/tm-soundararajan,02:39,Tamil,11-07-2001,0.67,0.158,0.002,0.937,-4.808,0.019,135.994,0,11,0.0789,4,79,5290563,2001
Ulagamellam,L.R. Eswari,/artist/lr-eswari-2,04:26,Tamil,07-02-2020,0.47,0.308,0.716,0.138,-3.84,0.027,144.33,0,5,0.03,4,55,6715440,2020
Nalla Manam Vaazhga,K J Yesudas,/artist/k-j-yesudas,03:26,Tamil,04-06-2006,0.65,0.12,0.144,0.17,-7.17,0.019,133.908,1,7,0.0998,4,97,7649496,2006
Pesuvathu Kiliya,T.M. Soundararajan|P. Susheela,/artist/tm-soundararajan|/artist/p-suseela-2,04:09,Tamil,09-11-2008,0.83,0.484,0.703,0.74,-12.513,0.0216,127.0,1,2,0.03,4,70,3146332,2008
Nagumo Nadaswaram,M.P.N. Ponnuswamy|M.P.N. Sethuraman,/artist/mpn-ponnuswamy-36|/artist/mpn-sethuraman-37,05:21,Tamil,11-02-2008,0.54,0.06,0.826,0.29,-9.866,0.0413,149.96,0,1,0.065,4,31,3418198,2008
Yanai Poojai,L.R. Eswari,/artist/lr-eswari-2,03:18,Tamil,12-01-2022,0.73,0.85,0.275,0.24,-12.107,0.047,204.046,1,4,0.04,4,30,10438182,2022
Pachamulaka Adhu Karamilla,Malaysia Vasudevan|S. Janaki,/artist/malaysia-vasudevan|/artist/s-janaki,04:42,Tamil,12-04-2007,0.08,0.273,0.307,0.923,-6.655,0.05,130.024,1,3,0.09,4,98,4209406,2007
Suprabhatham & Mangala Sasanam,L.R. Eswari,/artist/lr-eswari-2,22:10,Tamil,07-03-2005,0.29,0.51,0.978,0.43,-11.464,0.0484,181.67,1,7,0.02,4,35,2065023,2005
Vandharai Vazhavaikum,Silambarasan,/artist/silambarasan,04:55,Tamil,08-04-2024,0.83,0.634,0.584,0.737,-3.232,0.069,138.951,0,4,0.0259,4,64,7418344,2024
Kanni Orutthi Midiyil,T.M. Soundararajan|P. Susheela,/artist/tm-soundararajan|/artist/p-suseela-2,03:26,Tamil,04-07-2005,0.08,0.7,0.846,0.76,-12.06,0.0064,123.964,0,6,0.04,4,36,4650982,2005
Kalvari Ange,V. Nataraja Mudaliar,/artist/v-nataraja-mudaliar-1,03:07,Tamil,03-01-2020,0.37,0.42,0.15,0.59,-6.923,0.07,104.998,0,1,0.059,4,71,7739328,2020
Neengal Athanai Perum,T.M. Soundararajan,/artist/tm-soundararajan,03:45,Tamil,05-08-2009,0.36,0.01,0.572,0.36,-2.044,0.0827,150.344,1,1,0.031,4,38,1064356,2009
Sirippu Varuthu,J.P. Chandrababu,/artist/jp-chandrababu-39,03:33,Tamil,02-07-2006,0.21,0.218,0.908,0.162,-8.317,0.01,148.042,1,2,0.0327,4,77,77671,2006
Paadatha Pattellam Remix,Abilash,/artist/abilash,03:14,Tamil,11-02-2003,0.94,0.249,0.794,0.216,-3.016,0.048,119.963,1,11,0.028,4,43,11322405,2003
Vaa Vaa Vathiyare Vanchukodi,Malaysia Vasudevan|S. P. Sailaja,/artist/malaysia-vasudevan|/artist/s-p-sailaja-2,04:35,Tamil,03-04-2022,0.97,0.523,0.672,0.556,-4.705,0.0,142.057,1,8,0.073,4,63,4267243,2022
Abhisheka,S. P. Balasubrahmanyam,/artist/s-p-balasubrahamanyam,04:26,Tamil,01-09-2002,0.76,0.85,0.104,0.32,-9.982,0.0793,130.966,1,2,0.09,4,53,4203520,2002
Pirakkum Pothum,J. P. Chandrababu,/artist/j-p-chandrababu-1,03:09,Tamil,12-07-2007,0.61,0.33,0.361,0.839,-3.842,0.03,150.058,1,1,0.048,4,55,7151833,2007
Yetho Nadakiradhu,K J Yesudas|K. S. Chithra,/artist/k-j-yesudas|/artist/chitra,04:44,Tamil,11-07-2022,0.94,0.963,0.297,0.351,-13.962,0.1,159.93,0,11,0.0091,4,86,3078958,2022
Thirupathi Malaivaazhum,Sirkazhi Govindarajan,/artist/sirkazhi-govindarajan,03:02,Tamil,09-01-2009,0.09,0.34,0.557,0.24,-8.705,0.01,188.032,0,5,0.04,4,68,7172552,2009
Ponal Pogattum Poda,Koundamani,/artist/koundamani,05:22,Tamil,06-05-2022,0.21,0.592,0.515,0.032,-4.164,0.056,128.026,1,9,0.06,4,76,1305863,2022
Perai Sollavaa.,Raagini|Pradeep,/artist/raagini|/artist/pradeep,07:06,Tamil,07-01-2003,0.51,0.603,0.835,0.874,-3.673,0.1,200.024,1,2,0.05,4,91,11302938,2003
Ponnezhil Poothathu,P. Susheela|T.M. Soundararajan,/artist/p-suseela-2|/artist/tm-soundararajan,04:46,Tamil,10-02-2007,0.97,0.03,0.548,0.04,-12.078,0.0967,199.952,1,2,0.02,4,56,2381520,2007
Muthukulikka Vaareegala,T.M. Soundararajan|L.R. Eswari,/artist/tm-soundararajan|/artist/lr-eswari-2,03:33,Tamil,04-04-2022,0.48,0.015,0.722,0.035,-4.401,0.059,158.037,1,1,0.079,4,63,3176078,2022
Kannil Therigindra Vaanam,T.M. Soundararajan|L.R. Eswari,/artist/tm-soundararajan|/artist/lr-eswari-2,03:38,Tamil,02-06-2001,0.78,0.53,0.792,0.17,-8.726,0.0397,182.704,0,2,0.0976,4,49,578790,2001
Siriththaal Thangappadumai,T.M. Soundararajan|P. Susheela,/artist/tm-soundararajan|/artist/p-suseela-2,03:22,Tamil,07-11-2006,0.4,0.732,0.333,0.922,-8.348,0.049,159.95,1,1,0.09,4,80,5450452,2006
Chinnappayalae,T.M. Soundararajan,/artist/tm-soundararajan,03:58,Tamil,06-04-2002,0.92,0.95,0.538,0.88,-6.634,0.03,120.064,1,2,0.02,4,41,104186,2002
Vizhigalil Kodi,S. P. Balasubrahmanyam|K. S. Chithra,/artist/s-p-balasubrahamanyam|/artist/chitra,04:20,Tamil,02-04-2005,0.18,0.433,0.279,0.209,-12.721,0.0711,106.054,1,1,0.0047,4,81,420045,2005
Kaathal Siragai,P. Susheela,/artist/p-suseela-2,03:36,Tamil,02-05-2003,0.62,0.06,0.218,0.46,-10.901,0.0621,160.004,1,8,0.025,4,91,7114806,2003
Nallathoru Kudumbam,T.M. Soundararajan|P. Susheela,/artist/tm-soundararajan|/artist/p-suseela-2,04:08,Tamil,03-04-2006,0.97,0.922,0.595,0.799,-2.881,0.0046,199.898,0,1,0.06,4,62,5599828,2006
Anghayarkanni,L.R. Eswari,/artist/lr-eswari-2,03:05,Tamil,06-02-2000,0.21,0.69,0.36,0.15,-8.627,0.04,139.952,1,1,0.06,4,35,6885586,2000
Annai Mozhi,Nagore E. M. Hanifa|K. Rani,/artist/nagore-e-m-hanifa|/artist/k-rani-18,03:25,Tamil,07-01-2008,0.72,0.264,0.895,0.378,-12.497,0.012,148.264,1,2,0.0686,4,65,2077466,2008
Yesurajan,Bharathi Paul,/artist/bharathi-paul,03:03,Tamil,11-04-2009,0.48,0.16,0.258,0.51,-3.677,0.076,148.914,1,8,0.057,4,99,6151816,2009
Oru Madamagum Oruvanumagi,T.M. Soundararajan,/artist/tm-soundararajan,04:55,Tamil,02-07-2004,0.13,0.306,0.326,0.645,-12.876,0.05,187.02,1,8,0.006,4,53,6733119,2004
Iyarkai Ennum,S. P. Balasubrahmanyam|P. Susheela,/artist/s-p-balasubrahamanyam|/artist/p-suseela-2,03:36,Tamil,12-02-2023,0.31,0.44,0.728,0.61,-3.467,0.003,150.032,1,11,0.004,4,30,3733893,2023
Unnaye Gathi Enru,P. Jayachandran,/artist/p-jayachandran-1,04:22,Tamil,10-10-2020,0.86,0.2,0.15,0.43,-2.424,0.0,199.996,1,1,0.0239,4,82,8989161,2020
Entha Poovilum,S. Janaki,/artist/s-janaki,04:14,Tamil,06-10-2022,0.55,0.215,0.481,0.376,-8.53,0.023,171.388,1,1,0.07,4,70,8511553,2022
Kaiya Pudikanum Sami Kanna,Malaysia Vasudevan|S. Janaki,/artist/malaysia-vasudevan|/artist/s-janaki,04:35,Tamil,10-05-2007,0.93,0.346,0.873,0.177,-2.834,0.0089,200.126,0,8,0.0088,4,54,541074,2007
Vettri Venduma,Sirkazhi Govindarajan,/artist/sirkazhi-govindarajan,03:31,Tamil,08-11-2020,0.56,0.07,0.1,0.4,-10.895,0.049,125.98,1,8,0.0382,4,98,7737839,2020
Naanamo - Instrumental,Kunnakudi Vaidyanathan,/artist/kunnakkudi-baidyanathan,03:56,Tamil,01-08-2022,0.76,0.258,0.622,0.445,-9.583,0.073,150.842,1,8,0.088,4,71,1799108,2022
Kaatru Veliyidai,P. Susheela|P.B. Sreenivas,/artist/p-suseela-2|/artist/pb-sreenivas,03:44,Tamil,04-01-2003,0.6,0.26,0.692,0.39,-8.764,0.009,197.98,1,1,0.051,4,32,6167095,2003
Atho Antha Paravai,U. Thiyagarajan|Orchestra,/artist/u-thiyagarajan-1|/artist/orchestra,05:43,Tamil,04-01-2022,0.71,0.306,0.737,0.368,-12.772,0.0423,134.699,1,6,0.001,4,43,1191929,2022
Azhage Azhagu Deivathai,K J Yesudas,/artist/k-j-yesudas,04:28,Tamil,10-06-2008,0.21,0.122,0.891,0.787,-4.739,0.08,119.988,0,11,0.0053,4,64,6424146,2008
Unnai Naan Paarthathu,S. P. Balasubrahmanyam,/artist/s-p-balasubrahamanyam,03:28,Tamil,06-08-2005,0.6,0.08,0.421,0.68,-6.126,0.057,200.022,1,0,0.08,4,52,6705105,2005
Abhisheka,S. P. Balasubrahmanyam,/artist/s-p-balasubrahamanyam,04:23,Tamil,01-11-2022,0.05,0.08,0.397,0.12,-6.711,0.07,160.007,1,0,0.066,4,76,9795652,2022
Neela Chelai,P. Susheela,/artist/p-suseela-2,04:45,Tamil,07-02-2004,0.56,0.545,0.413,0.186,-9.85,0.013,105.951,1,1,0.027,4,89,8170748,2004
Vetkamillai,P. Susheela,/artist/p-suseela-2,03:31,Tamil,02-01-2003,0.25,0.814,0.02,0.336,-7.489,0.0075,122.008,1,1,0.093,4,41,3745083,2003
Kadavul Ennum,T.M. Soundararajan,/artist/tm-soundararajan,03:33,Tamil,07-11-2007,0.98,0.27,0.737,0.03,-9.294,0.06,139.893,0,4,0.056,4,55,3668483,2007
Happy Indrumudal Happy,T.M. Soundararajan|P. Susheela,/artist/tm-soundararajan|/artist/p-suseela-2,04:34,Tamil,03-12-2020,0.18,0.45,0.871,0.52,-8.104,0.01,115.208,0,0,0.0195,4,72,9943477,2020
ENTHAN PARUVATHIN - 1987,P.B. Sreenivas|S. Janaki,/artist/pb-sreenivas|/artist/s-janaki,03:29,Tamil,06-03-2002,0.78,0.632,0.759,0.358,-9.656,0.07,111.048,1,9,0.0274,4,63,5760374,2002
Meladai Megaththil,Kousalya|P. Jayachandran,/artist/kousalya|/artist/p-jayachandran-1,04:17,Tamil,10-10-2022,0.36,0.84,0.909,0.34,-4.14,0.028,139.926,0,10,0.04,4,99,4020330,2022
Annavin Thalaimaiyile,S. C. Krishnan,/artist/s-c-krishnan-1,03:06,Tamil,11-03-2022,0.38,0.992,0.778,0.12,-5.121,0.0036,129.377,1,11,0.011,4,78,8844060,2022
Nethu Poothale,T.M. Soundararajan,/artist/tm-soundararajan,04:27,Tamil,07-09-2007,0.8,0.16,0.919,0.6,-8.334,0.0625,145.045,1,7,0.093,4,65,8964940,2007
O Maanida Jaathiye,T.M. Soundararajan,/artist/tm-soundararajan,02:05,Tamil,05-06-2000,0.86,0.12,0.652,0.2,-9.287,0.007,171.956,1,1,0.0672,4,77,4464983,2000
Ulagam Aayiram,T.M. Soundararajan,/artist/tm-soundararajan,03:37,Tamil,02-12-2020,0.92,0.48,0.901,0.499,-4.546,0.098,203.932,1,7,0.01,4,54,2535168,2020
Naanichivanthana,Tiruchi Loganathan,/artist/tiruchi-loganathan,01:16,Tamil,05-08-2022,0.42,0.02,0.314,0.04,-10.555,0.05,200.026,0,10,0.086,4,98,8727902,2022
Unnaiththaney,P. Susheela|T.M. Soundararajan,/artist/p-suseela-2|/artist/tm-soundararajan,03:18,Tamil,04-07-2003,0.47,0.544,0.841,0.944,-4.77,0.0886,109.648,1,4,0.0777,4,38,7117292,2003
Malligai Mullai Poopanthal,Vani Jairam,/artist/vani-jayaram,03:03,Tamil,06-02-2024,0.08,0.85,0.637,0.38,-2.897,0.04,120.0,0,1,0.03,4,50,8426289,2024
Karagattam Kamakshi,L.R. Anjali|M.R. Chandran Babu|B.V.U. Raghupathy,/artist/lr-anjali|/artist/mr-chandran-babu-4|/artist/bvu-raghupathy-3,05:51,Tamil,12-09-2022,0.42,0.48,0.267,0.447,-4.935,0.0442,123.962,1,1,0.0933,4,66,1046563,2022
Kaathal Oru,S. Janaki|S. P. Balasubrahmanyam,/artist/s-janaki|/artist/s-p-balasubrahamanyam,04:52,Tamil,02-11-2002,0.52,0.851,0.371,0.895,-3.637,0.046,117.043,0,10,0.09,4,80,3663599,2002
Aduthathu Ambujathai,T.M. Soundararajan|P. Susheela,/artist/tm-soundararajan|/artist/p-suseela-2,03:57,Tamil,03-04-2021,0.76,0.31,0.891,0.98,-4.152,0.0238,169.929,0,11,0.066,4,33,7048854,2021
Thirisoola Nayagi,Uma Ramanan,/artist/uma-ramanan-1,04:20,Tamil,03-04-2004,0.38,0.852,0.764,0.598,-4.218,0.07,150.07,0,9,0.0749,4,90,10166063,2004
Pillayar Soozhi,Seergazhi G.Sivachidambaram,/artist/seergazhi-gsivachidambaram,05:40,Tamil,01-09-2002,0.12,0.644,0.788,0.235,-3.915,0.008,135.005,0,10,0.069,4,27,8928442,2002
Indha Pachchaikilikkoru,K J Yesudas,/artist/k-j-yesudas,01:59,Tamil,12-10-2022,0.32,0.785,0.946,0.411,-3.524,0.08,158.865,0,8,0.0092,4,92,7604882,2022
Aadavendum Mayile,S. Janaki|T.M. Soundararajan,/artist/s-janaki|/artist/tm-soundararajan,03:16,Tamil,05-06-2001,0.68,0.963,0.498,0.927,-6.129,0.0084,129.854,1,7,0.008,4,89,5069859,2001
Nalla Nalla Nilam,T.M. Soundararajan,/artist/tm-soundararajan,03:53,Tamil,08-11-2001,0.24,0.28,0.444,0.22,-2.171,0.0696,139.947,0,10,0.063,4,51,7773888,2001
Story And Dialogues Part Ii,Sivaji Ganesan|Vanisri|K. Balaji,/artist/sivaji-ganesan|/artist/vanisri|/artist/k-balaji,19:54,Tamil,05-06-2000,0.6,0.713,0.624,0.096,-12.938,0.03,140.028,1,9,0.02,4,82,517763,2000
Swargam Pakkathil,L.R. Eswari|T.M. Soundararajan,/artist/lr-eswari-2|/artist/tm-soundararajan,03:31,Tamil,09-05-2006,0.77,0.383,0.854,0.967,-9.502,0.0551,132.96,1,11,0.0699,4,40,7143326,2006
Engamma Magarasi,T.M. Soundararajan,/artist/tm-soundararajan,06:14,Tamil,09-02-2022,0.57,0.39,0.439,0.75,-4.641,0.065,159.786,1,1,0.0747,4,39,5577143,2022
Silar Sirippaar,T.M. Soundararajan,/artist/tm-soundararajan,05:46,Tamil,03-09-2006,0.6,0.315,0.381,0.981,-6.205,0.01,174.174,1,0,0.019,4,53,5346254,2006
Kannum Kannum - Duet,T.M. Soundararajan|P. Susheela,/artist/tm-soundararajan|/artist/p-suseela-2,06:22,Tamil,08-03-2003,0.73,0.83,0.439,0.62,-4.891,0.05,140.028,1,9,0.0176,4,81,5013296,2003
Deva Gana Geethame,S. P. Balasubrahmanyam|Vani Jairam,/artist/s-p-balasubrahamanyam|/artist/vani-jayaram,04:36,Tamil,09-05-2000,0.22,0.53,0.409,0.21,-6.61,0.029,129.021,1,11,0.007,4,90,3598052,2000
Devi Sridevi vun Thirumal,S. P. Balasubrahmanyam|Vani Jairam,/artist/s-p-balasubrahamanyam|/artist/vani-jayaram,04:33,Tamil,04-04-2009,0.36,0.189,0.427,0.973,-2.968,0.0913,138.132,0,4,0.096,4,61,6368430,2009
Devamrudham,S. P. Balasubrahmanyam|Vani Jairam,/artist/s-p-balasubrahamanyam|/artist/vani-jayaram,05:23,Tamil,04-03-2009,0.6,0.91,0.353,0.46,-2.027,0.01,156.066,1,1,0.0803,4,83,8261885,2009
Siritthu Vaazha Vendum,T.M. Soundararajan|Chorus,/artist/tm-soundararajan|/artist/chorus,04:42,Tamil,08-03-2001,0.1,0.695,0.173,0.232,-7.181,0.081,135.02,1,1,0.0987,4,27,11385191,2001
Thirupadhi Malayil,M. S. Viswanathan,/artist/m-s-viswanathan-2,04:13,Tamil,05-06-2001,0.65,0.32,0.539,0.43,-12.425,0.0312,111.792,1,9,0.0884,4,80,1971489,2001
Bansayee,T.M. Soundararajan|L.R. Eswari,/artist/tm-soundararajan|/artist/lr-eswari-2,04:44,Tamil,05-02-2008,0.21,0.644,0.339,0.942,-3.46,0.1,200.042,1,1,0.06,4,88,7687402,2008
L O V E - Lovethaan,S. P. Balasubrahmanyam|S. P. Sailaja,/artist/s-p-balasubrahamanyam|/artist/s-p-sailaja-2,04:19,Tamil,09-07-2022,0.85,0.67,0.323,0.43,-6.038,0.041,168.156,0,8,0.0019,4,75,568736,2022
Naanoru Kuzhandhai,T.M. Soundararajan,/artist/tm-soundararajan,03:44,Tamil,07-07-2002,0.15,0.443,0.287,0.331,-8.85,0.028,109.116,0,11,0.0969,4,63,9660290,2002
Kodi Assainthathum,T.M. Soundararajan|P. Susheela,/artist/tm-soundararajan|/artist/p-suseela-2,03:38,Tamil,05-11-2000,0.62,0.226,0.458,0.782,-2.8,0.004,191.871,0,3,0.071,4,41,995761,2000
Thiruvizha Koothu,Gangai Amaran|Bharathiraja|Ilaiyaraaja,/artist/gangai-amaran|/artist/bharathiraja|/artist/iiaiyaraaja,05:49,Tamil,01-06-2006,0.83,0.82,0.345,0.35,-11.25,0.03,149.98,1,8,0.0126,4,68,7638215,2006
Paarvai Ondre Pothume,T.M. Soundararajan|L.R. Eswari,/artist/tm-soundararajan|/artist/lr-eswari-2,04:22,Tamil,10-04-2006,0.52,0.693,0.968,0.259,-9.077,0.0598,160.302,1,3,0.02,4,31,1780417,2006
Pandian Naanirukka,L.R. Eswari|S.C. Krishnan,/artist/lr-eswari-2|/artist/sc-krishnan-37,03:18,Tamil,05-07-2020,0.59,0.05,0.022,0.51,-13.752,0.06,145.029,1,8,0.025,4,98,11009462,2020
En Kalyana,Vani Jairam,/artist/vani-jayaram,03:57,Tamil,08-02-2023,0.58,0.958,0.74,0.186,-4.63,0.07,159.964,0,9,0.049,4,43,8750775,2023
Nadodi Nadodi,P. Susheela|A.L. Raghavan|T.M. Soundararajan,/artist/p-suseela-2|/artist/al-raghavan-1|/artist/tm-soundararajan,06:47,Tamil,09-01-2021,0.41,0.3,0.274,0.38,-10.328,0.02,153.02,1,11,0.008,4,55,3386867,2021
Masthaana,Vani Jairam|S. P. Balasubrahmanyam,/artist/vani-jayaram|/artist/s-p-balasubrahamanyam,06:14,Tamil,03-09-2020,0.32,0.98,0.847,0.08,-11.74,0.0966,130.027,0,0,0.008,4,44,10412627,2020
Moham Thagam Vandhu,S. P. Balasubrahmanyam|S. Janaki,/artist/s-p-balasubrahamanyam|/artist/s-janaki,04:44,Tamil,01-05-2007,0.81,0.05,0.173,0.27,-6.701,0.022,150.322,0,6,0.09,4,67,3538569,2007
Ho Ho Ethanai Azhagu,T.M. Soundararajan|P. Susheela,/artist/tm-soundararajan|/artist/p-suseela-2,04:05,Tamil,11-01-2004,0.86,0.43,0.374,0.9,-10.132,0.008,116.0,1,1,0.0861,4,72,9632480,2004
Gnayiru Oli Mazhayil,Kamal Haasan,/artist/kamal-haasan,03:30,Tamil,01-03-2023,0.16,0.57,0.824,0.22,-12.663,0.0689,130.009,1,6,0.093,4,56,133447,2023
Thanimayilae Inimai Kaana,A. M. Rajah|P. Susheela,/artist/a-m-rajah-1|/artist/p-suseela-2,04:00,Tamil,10-04-2006,0.73,0.039,0.675,0.473,-7.703,0.0932,146.979,0,10,0.08,4,80,7877982,2006
Muthukkalo Kangal,T.M. Soundararajan|P. Susheela,/artist/tm-soundararajan|/artist/p-suseela-2,03:38,Tamil,08-03-2022,0.07,0.69,0.908,0.17,-12.771,0.0171,135.153,1,1,0.09,4,30,1444335,2022
Then Malli Poove,S. Janaki|T.M. Soundararajan,/artist/s-janaki|/artist/tm-soundararajan,04:01,Tamil,11-06-2001,0.89,0.993,0.062,0.302,-7.311,0.02,199.994,1,2,0.08,3,33,7599435,2001
Vaasamilla,S. P. Balasubrahmanyam,/artist/s-p-balasubrahamanyam,04:49,Tamil,04-04-2005,0.91,0.24,0.921,0.33,-3.209,0.07,177.506,1,0,0.025,4,93,3078186,2005
Ambigaiye Eswariye,T.M. Soundararajan,/artist/tm-soundararajan,04:23,Tamil,10-08-2000,0.78,0.291,0.175,0.605,-6.851,0.025,178.929,0,1,0.053,4,89,8490709,2000
Ungalil Oruvan,T.M. Soundararajan,/artist/tm-soundararajan,03:59,Tamil,07-07-2007,0.12,0.9,0.571,0.23,-2.832,0.03,118.8,0,6,0.085,4,88,3816596,2007
Kathalikka,T.M. Soundararajan|P. Susheela,/artist/tm-soundararajan|/artist/p-suseela-2,03:16,Tamil,08-07-2008,0.27,0.57,0.064,0.12,-6.554,0.0824,160.12,1,0,0.03,4,49,5896530,2008
Degam Suduguthu Vaadi,K. S. Chithra|S. P. Balasubrahmanyam,/artist/chitra|/artist/s-p-balasubrahamanyam,05:16,Tamil,01-04-2009,0.53,0.067,0.119,0.903,-3.975,0.0576,179.974,0,7,0.0225,4,29,3835862,2009
Thanimayil,Vani Jairam,/artist/vani-jayaram,04:24,Tamil,08-04-2006,0.61,0.4,0.794,0.39,-5.199,0.1,109.164,1,1,0.007,4,99,6956479,2006
Alli Alli,Malaysia Vasudevan|B.S.Sasirekha,/artist/malaysia-vasudevan|/artist/bssasirekha-1,04:01,Tamil,08-11-2001,0.63,0.348,0.828,0.152,-12.838,0.09,143.991,1,9,0.028,4,25,4992879,2001
Yen Thaien Meethu Aanai,Malaysia Vasudevan,/artist/malaysia-vasudevan,04:30,Tamil,11-04-2005,0.64,0.88,0.783,0.48,-10.141,0.09,160.02,1,8,0.0,4,71,7680918,2005
Masthaana,Vani Jairam|S. P. Balasubrahmanyam,/artist/vani-jayaram|/artist/s-p-balasubrahamanyam,06:17,Tamil,09-10-2020,0.52,0.158,0.703,0.942,-12.874,0.0238,150.039,0,4,0.001,4,62,6366577,2020
Harerama Harekrishna,M. S. Viswanathan,/artist/m-s-viswanathan-2,03:02,Tamil,05-08-2003,0.17,0.31,0.266,0.29,-11.474,0.0426,155.048,1,7,0.0383,4,94,4335975,2003
Vizhigal Meydaiyam Imaigal,Kalyan|S. Janaki,/artist/kalyan|/artist/s-janaki,04:36,Tamil,10-07-2022,0.3,0.24,0.568,0.71,-8.807,0.085,178.522,1,1,0.0193,4,93,6906788,2022
Kuthura Kuthula,Malaysia Vasudevan|Vijayaramani|Manorama,/artist/malaysia-vasudevan|/artist/vijayaramani|/artist/manorama,04:15,Tamil,01-11-2006,0.95,0.278,0.364,0.685,-9.05,0.002,199.968,1,1,0.009,4,80,8297647,2006
Annai Fathima,Nagore E.M. Hanifa,/artist/nagore-em-hanifa-97,03:11,Tamil,11-10-2022,0.02,0.75,0.758,0.48,-4.909,0.0686,149.998,1,11,0.03,4,41,5287792,2022
Muruganin Kovilil and Dhinam Dhinam,T.M. Soundararajan,/artist/tm-soundararajan,03:07,Tamil,12-01-2020,0.89,0.39,0.208,0.2,-9.336,0.0655,104.98,1,1,0.013,4,44,1042071,2020
Oru Thai Maasam,S. Janaki|Chorus,/artist/s-janaki|/artist/chorus,03:15,Tamil,04-11-2009,0.24,0.156,0.445,0.862,-6.421,0.0116,155.881,1,0,0.027,4,85,127931,2009
Yamuna Nadhikku Vandhu,S. Janaki,/artist/s-janaki,04:37,Tamil,03-09-2022,0.11,0.73,0.6,0.85,-13.254,0.01,198.026,1,1,0.0,4,41,314619,2022
Kudippatharkku Oru,T M S Selvakumar,/artist/t-m-s-selvakumar,03:28,Tamil,04-01-2008,0.81,0.445,0.85,0.796,-7.611,0.03,161.975,0,11,0.057,4,80,474105,2008
Adios Good Bye,M.S. Liban Bindey,/artist/ms-liban-bindey-2,03:16,Tamil,09-10-2007,0.5,0.06,0.642,0.2,-3.505,0.088,144.955,1,1,0.034,4,77,4908885,2007
Kannana Kannanukku,P. Susheela|Sirkazhi Govindarajan,/artist/p-suseela-2|/artist/sirkazhi-govindarajan,05:09,Tamil,04-12-2006,0.53,0.155,0.939,0.98,-3.428,0.062,118.948,1,8,0.01,4,36,5643151,2006
Irandu Kaigal Naangu,K J Yesudas|S. P. Balasubrahmanyam,/artist/k-j-yesudas|/artist/s-p-balasubrahamanyam,04:25,Tamil,11-02-2007,0.85,0.39,0.19,0.55,-4.496,0.04,121.035,0,4,0.0717,4,50,322544,2007
Nilavo Aval Irulo,T.M. Soundararajan|P. Susheela,/artist/tm-soundararajan|/artist/p-suseela-2,03:19,Tamil,07-12-2022,0.8,0.15,0.243,0.1,-13.975,0.086,170.03,1,4,0.081,4,81,1990311,2022
Annamitta Kaigalukku,P. Susheela,/artist/p-suseela-2,03:32,Tamil,10-09-2006,0.43,0.14,0.812,0.29,-8.696,0.0594,153.044,1,4,0.09,4,73,10104524,2006
Yean Yean Yean Orukinnathai,B Vasanta|T M S Selvakumar,/artist/b-vasanta|/artist/t-m-s-selvakumar,03:19,Tamil,03-05-2003,0.12,0.183,0.498,0.856,-2.056,0.06,137.042,1,2,0.08,4,70,3093955,2003
Paal Kavadi,Soolamangalam Sisters,/artist/soolamangalam-sisters,03:04,Tamil,12-07-2022,0.85,0.22,0.54,0.34,-11.003,0.072,127.784,1,0,0.03,4,42,11032339,2022
Yesuvin Naamathil,Agnes Davidson,/artist/agnes-davidson,03:02,Tamil,05-01-2002,0.17,0.516,0.776,0.834,-12.895,0.098,127.435,1,7,0.082,4,86,4914662,2002
Vendriduven,T.M. Soundararajan|Sirkazhi Govindarajan,/artist/tm-soundararajan|/artist/sirkazhi-govindarajan,06:56,Tamil,10-02-2005,0.72,0.51,0.517,0.65,-11.444,0.02,178.442,1,1,0.037,4,97,8720010,2005
Sorgam Madhuvile,S. P. Balasubrahmanyam,/artist/s-p-balasubrahamanyam,04:34,Tamil,06-01-2006,0.65,0.73,0.118,0.94,-2.365,0.0995,155.955,1,1,0.04,4,95,3106852,2006
Karunai Mazhaiyae,P. Susheela,/artist/p-suseela-2,04:13,Tamil,05-03-2024,0.33,0.476,0.765,0.781,-8.287,0.084,143.129,1,1,0.0354,4,60,3106464,2024
Romba Naalaga,S. P. Balasubrahmanyam|Vani Jairam,/artist/s-p-balasubrahamanyam|/artist/vani-jayaram,04:42,Tamil,08-10-2023,0.38,0.74,0.662,0.21,-4.128,0.039,200.052,1,8,0.0187,4,44,10100701,2023
Nalla Idam,P Suhseela|T M S Selvakumar,/artist/p-suhseela|/artist/t-m-s-selvakumar,04:31,Tamil,10-03-2005,0.24,0.781,0.466,0.135,-13.167,0.0711,190.04,1,9,0.08,4,41,9392297,2005
Aadaamal Aadugiren,P. Susheela,/artist/p-suseela-2,04:03,Tamil,06-03-2005,0.47,0.013,0.903,0.868,-9.401,0.0893,152.984,1,11,0.087,4,63,9388314,2005
Azhagaana Chinnakutti,S. Janaki|Chandra Bose,/artist/s-janaki|/artist/chandra-bose,04:58,Tamil,02-02-2001,0.45,0.764,0.526,0.574,-10.8,0.052,127.995,0,11,0.04,4,63,7894720,2001
Mazhai Varuvathu,S. Janaki,/artist/s-janaki,04:40,Tamil,03-01-2021,0.08,0.214,0.982,0.62,-6.698,0.0886,176.996,1,2,0.0537,4,78,2924683,2021
Enna Uravo,T.M. Soundararajan,/artist/tm-soundararajan,04:01,Tamil,02-11-2006,0.42,0.27,0.719,0.2,-5.302,0.0035,148.393,0,10,0.01,4,59,7204493,2006
Enthan Kannil,Sowmya,/artist/sowmya,06:18,Tamil,09-03-2020,0.33,0.443,0.598,0.44,-12.203,0.003,172.762,0,8,0.06,4,99,6839758,2020
Kaalangalil - Instrumental,Kunnakudi Vaidyanathan,/artist/kunnakkudi-baidyanathan,03:02,Tamil,06-06-2005,0.39,0.723,0.688,0.106,-7.628,0.085,165.987,1,8,0.02,4,78,3132173,2005
Paarppukazhum Pannaari,L.R. Eswari,/artist/lr-eswari-2,04:37,Tamil,12-09-2007,0.1,0.446,0.009,0.96,-10.128,0.0289,171.98,1,0,0.0,4,42,10931615,2007
Kandar Alankaram - Part1 - With Introductory Speech,Sirkazhi Govindarajan|Kripananda Variyar,/artist/sirkazhi-govindarajan|/artist/kripananda-variyar,22:09,Tamil,10-01-2021,0.08,0.06,0.651,0.3,-3.263,0.01,159.911,0,5,0.024,4,59,7132469,2021
Naan Thannanthani,T.M. Soundararajan,/artist/tm-soundararajan,03:31,Tamil,07-02-2023,0.56,0.486,0.79,0.7,-5.621,0.02,129.857,0,4,0.04,4,35,10733689,2023
Mullaippoo Pallakku,S. P. Balasubrahmanyam|P. Susheela,/artist/s-p-balasubrahamanyam|/artist/p-suseela-2,03:21,Tamil,03-07-2020,1.0,0.003,0.161,0.208,-2.478,0.003,129.876,0,8,0.05,4,81,4146246,2020
Thendralodu Udan Piranthaal,T.R. Mahalingam,/artist/tr-mahalingam,03:28,Tamil,10-02-2004,0.03,0.553,0.381,0.315,-3.157,0.0475,162.01,0,10,0.03,4,73,7008654,2004
Thenpandi Cheeme Orama,S. P. Balasubrahmanyam|S. Janaki,/artist/s-p-balasubrahamanyam|/artist/s-janaki,04:31,Tamil,09-05-2023,0.77,0.79,0.413,0.3,-13.156,0.081,140.031,0,3,0.065,4,25,1172704,2023
Ananda Thagam,Deepan Chakravarthy|S. Janaki,/artist/deepan-chakravarthy|/artist/s-janaki,04:48,Tamil,11-01-2003,0.27,0.437,0.392,0.24,-11.448,0.0983,119.906,1,2,0.098,4,44,1480396,2003
Aayi Aayi Main To Aayi,Asha Bhosle|Kishore Kumar,/artist/asha-bhosle-1|/artist/kishore-kumar,07:03,Tamil,06-02-2021,0.26,0.1,0.647,0.9,-9.55,0.0752,123.229,1,4,0.081,4,28,4345442,2021
Aandrondru Ponaal,S. Janaki|P.B. Sreenivas,/artist/s-janaki|/artist/pb-sreenivas,03:02,Tamil,03-10-2022,0.39,0.48,0.368,0.9,-5.553,0.01,109.97,1,0,0.0132,4,78,751025,2022
Naalai Namathe (Female),P. Susheela|L.R. Anjali,/artist/p-suseela-2|/artist/lr-anjali,04:39,Tamil,06-11-2002,0.89,0.455,0.346,0.132,-7.046,0.01,103.992,0,0,0.09,4,78,6902403,2002
Paalirukkum,P. Susheela,/artist/p-suseela-2,03:39,Tamil,05-08-2023,0.23,0.23,0.111,0.8,-6.277,0.0766,127.965,1,1,0.027,4,85,10961364,2023
Mani Maaligai,P. Jayachandran|Chorus,/artist/p-jayachandran-1|/artist/chorus,04:18,Tamil,01-01-2001,0.15,0.413,0.494,0.916,-5.776,0.0646,120.028,1,8,0.01,4,89,11228056,2001
Senkezharutha,T.M. Soundararajan,/artist/tm-soundararajan,03:18,Tamil,05-03-2002,0.46,0.74,0.958,0.4,-7.615,0.06,119.973,0,10,0.08,4,37,4009343,2002
You Are Like A Fountain,S. P. Balasubrahmanyam,/artist/s-p-balasubrahamanyam,02:09,Tamil,06-03-2021,0.81,0.273,0.299,0.513,-3.463,0.005,201.906,0,4,0.027,4,60,5315895,2021
Vaanam Polea Vannam,S. P. Balasubrahmanyam|S. P. Sailaja,/artist/s-p-balasubrahamanyam|/artist/s-p-sailaja-2,04:30,Tamil,09-02-2004,0.85,0.67,0.019,0.3,-9.18,0.0916,159.889,1,1,0.045,4,78,7834302,2004
Anbu Megame,S. P. Balasubrahmanyam|Vani Jairam,/artist/s-p-balasubrahamanyam|/artist/vani-jayaram,03:03,Tamil,08-09-2004,0.44,0.1,0.633,0.5,-12.139,0.04,189.828,0,1,0.03,4,52,4661110,2004
Raja Embaar,S. Janaki|S. P. Balasubrahmanyam,/artist/s-janaki|/artist/s-p-balasubrahamanyam,04:32,Tamil,01-04-2020,0.06,0.24,0.177,0.522,-11.554,0.0825,150.0,1,8,0.0892,4,60,1317673,2020
Naalupakkam Vedan Undu,Vani Jairam|S. P. Balasubrahmanyam,/artist/vani-jayaram|/artist/s-p-balasubrahamanyam,03:03,Tamil,02-09-2002,0.13,0.86,0.288,0.8,-10.71,0.0871,141.001,1,1,0.008,4,83,10595751,2002
Thuhey Raaja,S. Janaki,/artist/s-janaki,04:27,Tamil,01-09-2002,0.56,0.533,0.743,0.349,-2.728,0.052,176.942,1,11,0.07,4,79,4299609,2002
Engalai Nee,L.R. Eswari,/artist/lr-eswari-2,04:01,Tamil,10-11-2005,0.58,0.98,0.282,0.7,-2.394,0.04,115.013,1,8,0.05,4,71,10068561,2005
Thendral Varum,P. Susheela,/artist/p-suseela-2,03:21,Tamil,08-02-2008,0.18,0.59,0.195,0.892,-7.06,0.063,105.946,1,8,0.04,4,46,2886535,2008
Otha Kallu Mookuthi,T.M. Soundararajan|P. Susheela,/artist/tm-soundararajan|/artist/p-suseela-2,03:33,Tamil,11-09-2005,0.57,0.08,0.619,0.2,-5.342,0.054,165.966,1,8,0.0967,4,94,5058844,2005
Yesu Maranatthai Vendravar - Speech And Sornthu Pogathe Maname,D. G. S. Dhinakaran,/artist/d-g-s-dhinakaran,04:59,Tamil,06-06-2003,0.61,0.36,0.102,0.5,-11.489,0.038,180.024,0,7,0.07,4,92,3993258,2003
Bala Kanakama,S. Janaki,/artist/s-janaki,03:51,Tamil,06-03-2002,0.5,0.789,0.282,0.146,-9.817,0.0083,106.989,1,2,0.076,4,25,1272411,2002
Puthu Nadagathil,T.M. Soundararajan,/artist/tm-soundararajan,03:23,Tamil,06-01-2022,0.46,0.39,0.427,0.1,-5.217,0.05,184.028,1,0,0.0,4,53,8962263,2022
Ab Charaghon Ka Koi Kaam Nahin,Lata Mangeshkar|K J Yesudas,/artist/lata-mangeshkar|/artist/k-j-yesudas,06:54,Tamil,07-03-2006,0.73,0.462,0.133,0.764,-6.565,0.039,143.01,0,6,0.044,4,60,8707685,2006
Thullithirintha Pennondru,P.B. Sreenivas,/artist/pb-sreenivas,03:23,Tamil,09-12-2020,0.64,0.56,0.642,0.4,-11.54,0.0658,200.136,1,4,0.0915,4,91,7211047,2020
Germanien Senthan,Pradeep|Raagini,/artist/pradeep|/artist/raagini,05:32,Tamil,12-10-2001,0.38,0.13,0.024,1.0,-11.985,0.03,168.059,1,1,0.023,4,29,3404398,2001
Naalai Ulagai,K J Yesudas|M. S. Viswanathan,/artist/k-j-yesudas|/artist/m-s-viswanathan-2,04:03,Tamil,07-05-2009,0.93,0.408,0.905,0.432,-10.001,0.028,130.06,0,9,0.0658,4,44,11315281,2009
Ulaginil Vandhudhithar,Bharathi Paul,/artist/bharathi-paul,03:05,Tamil,11-07-2023,0.99,0.33,0.246,0.4,-3.07,0.03,168.151,0,7,0.046,4,64,4723824,2023
Karnan,Various Artist,/artist/various-artist,06:58,Tamil,08-03-2008,0.75,0.14,0.176,0.512,-13.212,0.058,183.92,0,10,0.0999,4,45,2085249,2008
Dhandu Maariyamma,L.R. Eswari,/artist/lr-eswari-2,04:19,Tamil,01-02-2002,0.4,0.01,0.291,0.9,-5.044,0.06,187.102,1,8,0.05,4,45,3707740,2002
Singa Thamizha,T.M. Soundararajan,/artist/tm-soundararajan,04:23,Tamil,05-01-2004,0.87,0.498,0.644,0.268,-11.362,0.06,140.053,0,1,0.0955,4,44,8958596,2004
Kadavul Vaazhum,P. Jayachandran,/artist/p-jayachandran-1,05:00,Tamil,12-10-2007,0.37,0.36,0.588,0.7,-7.87,0.0856,195.534,1,1,0.049,4,95,9392246,2007
Samayapuram Vazhpavale,L.R. Eswari,/artist/lr-eswari-2,04:30,Tamil,05-11-2009,0.13,0.61,0.253,0.4,-13.92,0.1,110.02,1,2,0.04,4,27,4943202,2009
Nenjatthai Alli Konjam,K J Yesudas|L.R. Eswari|P Suhseela,/artist/k-j-yesudas|/artist/lr-eswari-2|/artist/p-suhseela,03:45,Tamil,02-03-2005,0.62,0.318,0.159,0.065,-12.962,0.0221,166.654,1,1,0.039,4,76,1464465,2005
Vadivudaiyamma,L.R. Eswari,/artist/lr-eswari-2,03:37,Tamil,08-01-2005,0.61,0.693,0.058,0.001,-3.578,0.04,125.923,1,1,0.01,4,92,1720634,2005
Nadaswaram,M.P.N. Ponnuswamy|M.P.N. Sethuraman,/artist/mpn-ponnuswamy-35|/artist/mpn-sethuraman-36,01:25,Tamil,05-02-2002,0.84,0.11,0.753,0.3,-12.4,0.0995,163.024,0,11,0.054,4,88,4402990,2002
Poovagi Kaayagi,Bhanumathi Ramakrishna,/artist/bhanumathi-ramakrishna,03:11,Tamil,02-08-2008,0.41,0.916,0.983,0.717,-11.402,0.093,119.272,0,11,0.088,4,94,1474053,2008
Konguvala Nattinilae,L.R. Eswari,/artist/lr-eswari-2,03:29,Tamil,11-05-2008,0.81,0.02,0.983,0.4,-5.778,0.0375,173.02,1,1,0.0227,4,31,6538067,2008
Naan Oru,T M S Selvakumar,/artist/t-m-s-selvakumar,04:24,Tamil,08-02-2003,0.77,0.984,0.833,0.676,-10.396,0.0605,148.107,1,1,0.02,4,40,4454645,2003
Adi Ammaadi,S. Janaki,/artist/s-janaki,05:35,Tamil,06-10-2007,0.89,0.8,0.306,0.4,-3.56,0.01,150.004,0,11,0.0571,4,82,9460071,2007
Mugathai Paarthathillai,T.M. Soundararajan|P. Susheela,/artist/tm-soundararajan|/artist/p-suseela-2,03:02,Tamil,09-04-2002,0.03,0.681,0.729,0.387,-8.777,0.0834,127.979,0,5,0.0733,4,96,7426875,2002
Orey Muraithan,T.M. Soundararajan|P. Susheela,/artist/tm-soundararajan|/artist/p-suseela-2,03:52,Tamil,06-06-2000,0.05,0.449,0.631,0.113,-12.947,0.003,164.006,1,7,0.0842,4,72,411497,2000
Azhage Unnai,P. Jayachandran,/artist/p-jayachandran-1,02:07,Tamil,11-02-2008,0.59,0.122,0.427,0.862,-13.544,0.08,119.994,1,0,0.05,4,43,7889436,2008
Sri Krishnan Maari,P. Susheela|Chorus,/artist/p-suseela-2|/artist/chorus,04:44,Tamil,06-12-2021,0.08,0.148,0.557,0.416,-9.701,0.1,175.99,1,8,0.1,4,32,3602654,2021
Dialogues,Savitri|Sivaji Ganesan|Nagesh|K. R. Vijaya|R. Muthuraman|K. B. Sundarambal,/artist/savitri|/artist/sivaji-ganesan|/artist/nagesh|/artist/k-r-vijaya-1|/artist/r-muthuraman|/artist/k-b-sundarambal-1,00:18,Tamil,03-06-2004,0.6,0.07,0.52,0.1,-12.566,0.02,104.02,1,7,0.1,4,52,9721815,2004
Kathal Illai Enru,S. P. Balasubrahmanyam|S. Janaki,/artist/s-p-balasubrahamanyam|/artist/s-janaki,04:36,Tamil,12-01-2021,0.07,0.74,0.472,0.8,-10.162,0.0413,187.98,1,8,0.0721,4,68,5134036,2021
Aadadha Manamumundo,M L Vasanthakumari|T M S Selvakumar,/artist/m-l-vasanthakumari|/artist/t-m-s-selvakumar,04:15,Tamil,11-02-2020,0.84,0.973,0.42,0.881,-3.392,0.03,199.736,0,7,0.0,4,28,8318929,2020
Adi Aathadi,Vani Jairam|Malaysia Vasudevan,/artist/vani-jayaram|/artist/malaysia-vasudevan,04:45,Tamil,03-05-2022,0.9,0.64,0.819,0.2,-9.824,0.007,139.876,1,0,0.0575,4,98,5530000,2022
Etthanai Peyar Unakku,L.R. Eswari,/artist/lr-eswari-2,04:48,Tamil,06-05-2022,0.58,0.98,0.373,0.316,-12.127,0.04,121.578,1,4,0.0672,4,27,731016,2022
Hallo My Dear,K J Yesudas|L.R. Eswari,/artist/k-j-yesudas|/artist/lr-eswari-2,04:38,Tamil,11-05-2008,0.15,0.26,0.471,0.5,-12.231,0.04,136.103,1,4,0.0877,4,57,8016170,2008
Rju My Dear Frieno Ithanvarusham Story,Shivaji Ganesan,/artist/shivaji-ganesan,06:48,Tamil,12-07-2005,0.17,0.476,0.237,0.251,-10.502,0.0674,120.045,0,2,0.06,4,83,3426887,2005
Nee Enbathenna,L.R. Eswari,/artist/lr-eswari-2,04:59,Tamil,05-04-2023,0.09,0.85,0.661,0.1,-11.096,0.05,199.204,1,7,0.0446,4,48,8151321,2023
Raadha Radha Nee,S. Janaki|S. P. Balasubrahmanyam,/artist/s-janaki|/artist/s-p-balasubrahamanyam,04:02,Tamil,07-08-2006,0.77,0.02,0.07,0.1,-7.526,0.0384,130.038,1,7,0.02,4,79,463789,2006
Sirithu Sirithu,T.M. Soundararajan|P. Susheela,/artist/tm-soundararajan|/artist/p-suseela-2,03:01,Tamil,03-07-2020,0.13,0.23,0.943,0.8,-10.985,0.07,129.985,1,2,0.01,4,71,6057903,2020
Keattadum,T.M. Soundararajan,/artist/tm-soundararajan,04:00,Tamil,08-06-2023,0.65,0.73,0.019,0.6,-6.365,0.08,183.986,1,6,0.07,4,63,6362413,2023
Gnayiru Oli Mazhaiyil,Kamal Haasan,/artist/kamal-haasan,03:28,Tamil,11-03-2022,0.47,0.347,0.311,0.692,-13.545,0.0422,144.994,0,7,0.02,4,41,5913957,2022
Maama Maama,Jamuna Rani|T.M. Soundararajan,/artist/jamuna-rani|/artist/tm-soundararajan,05:46,Tamil,08-10-2021,0.07,0.38,0.483,0.9,-2.193,0.01,124.89,1,11,0.08,4,38,8046158,2021
Kaatrukk Enna Veli,S. Janaki,/artist/s-janaki,04:16,Tamil,07-03-2021,0.33,0.174,0.356,0.024,-12.986,0.046,190.012,1,6,0.0088,4,50,6877807,2021
Ore Idam,P. Susheela,/artist/p-suseela-2,04:45,Tamil,05-02-2022,0.77,0.42,0.49,0.6,-5.357,0.004,110.049,1,8,0.029,4,27,9726271,2022
Neela Kkadalin Oratthil,P. Madhuri|T.M. Soundararajan,/artist/p-madhuri-1|/artist/tm-soundararajan,03:53,Tamil,12-06-2003,0.59,0.547,0.713,0.459,-4.34,0.09,144.973,0,10,0.06,4,29,4420487,2003
Manithan Ellaam,Sirkazhi Govindarajan,/artist/sirkazhi-govindarajan,03:16,Tamil,11-01-2004,0.84,0.57,0.871,0.3,-6.941,0.086,120.977,1,8,0.01,4,71,10099686,2004
Kannae Maniyae,L.R. Eswari,/artist/lr-eswari-2,06:06,Tamil,01-06-2006,0.59,0.89,0.625,0.7,-13.627,0.1,185.893,1,8,0.08,4,44,8818988,2006
Neteu Varai Nee Yaaro,P.B. Sreenivas,/artist/pb-sreenivas,03:35,Tamil,06-01-2009,0.3,0.853,0.822,0.625,-9.888,0.0048,199.956,1,7,0.0408,4,37,6685777,2009
Nellaiyile Gandhimathi,L.R. Eswari,/artist/lr-eswari-2,04:09,Tamil,05-10-2020,0.09,0.21,0.799,0.8,-11.771,0.03,204.506,0,1,0.003,4,77,2551812,2020
Medaiyil Aadidum,S. P. Balasubrahmanyam|Vani Jairam,/artist/s-p-balasubrahamanyam|/artist/vani-jayaram,04:34,Tamil,11-01-2009,0.48,0.229,0.786,0.701,-9.028,0.055,135.883,0,10,0.097,4,32,4527897,2009
Maalai Ennai Vaattuthu,S. P. Balasubrahmanyam|S. Janaki,/artist/s-p-balasubrahamanyam|/artist/s-janaki,04:34,Tamil,10-10-2001,0.53,0.85,0.491,0.3,-7.922,0.037,164.129,0,9,0.021,4,27,9892841,2001
Malainindea Thiruk Kumara,T.R. Mahalingam,/artist/tr-mahalingam,02:21,Tamil,01-12-2002,0.31,0.59,0.218,0.1,-5.687,0.0841,147.928,1,6,0.0045,4,36,9121910,2002
Naan Paada,S. Janaki,/artist/s-janaki,04:56,Tamil,01-03-2024,0.24,0.2,0.159,0.4,-6.733,0.0885,200.054,1,2,0.07,4,87,3188154,2024
Kathalin Pon Veethiyil,S. Janaki|T.M. Soundararajan,/artist/s-janaki|/artist/tm-soundararajan,04:58,Tamil,02-08-2023,0.28,0.57,0.186,0.955,-10.895,0.0469,196.028,1,0,0.089,4,34,3695578,2023
The Nuram Rangam,S. Janaki,/artist/s-janaki,05:00,Tamil,04-05-2021,0.11,0.91,0.698,0.8,-5.081,0.028,163.058,1,6,0.07,4,50,323259,2021
Adi Ye Vanitha Enge vaadi_1,Malaysia Vasudevan|P. Susheela|S. Janaki,/artist/malaysia-vasudevan|/artist/p-suseela-2|/artist/s-janaki,04:41,Tamil,06-04-2007,0.84,0.49,0.409,0.8,-12.312,0.0063,107.924,0,8,0.008,4,40,6234316,2007
Ore Jeevan,Vani Jairam|S. P. Balasubrahmanyam,/artist/vani-jayaram|/artist/s-p-balasubrahamanyam,04:51,Tamil,03-11-2023,0.71,0.135,0.946,0.736,-10.867,0.1,157.476,0,6,0.05,4,80,8126234,2023
Oru Jeevanthan - Sad,S. Janaki,/artist/s-janaki,05:20,Tamil,06-06-2022,1.0,0.98,0.906,0.3,-3.373,0.08,149.987,1,1,0.07,4,63,5511594,2022
Poojyaya - Sloka - Tungateera Virajam Songs On Sri Raghavendra Swami,radha jaya lakshmi,/artist/radha-jaya-lakshmi,04:36,Tamil,07-07-2005,0.11,0.67,0.216,0.317,-6.368,0.09,130.03,0,0,0.0713,4,25,5282334,2005
Naan Pesa - Instrumental,Kunnakudi Vaidyanathan,/artist/kunnakkudi-baidyanathan,03:15,Tamil,07-03-2000,0.7,0.09,0.119,0.6,-7.901,0.0315,179.87,1,0,0.097,4,70,9034149,2000
Vaayaarappaadu,S. P. Balasubrahmanyam,/artist/s-p-balasubrahamanyam,04:38,Tamil,07-10-2003,0.5,0.927,0.082,0.33,-10.475,0.07,142.018,0,10,0.03,4,30,7199616,2003
Paarukkulle Nalla,Sirkazhi Govindarajan,/artist/sirkazhi-govindarajan,02:41,Tamil,08-02-2003,0.89,0.3,0.988,0.5,-12.851,0.0054,123.991,1,10,0.055,4,33,528319,2003
Invocation,Padma Subrahmaniam|Shyamala Balakrishnan|N. Vasudevan|K.S. Vasudevan,/artist/padma-subrahmaniam|/artist/shyamala-balakrishnan|/artist/n-vasudevan-24|/artist/ks-vasudevan-23,03:59,Tamil,12-10-2000,0.97,0.32,0.346,0.762,-2.769,0.08,150.589,1,1,0.035,4,70,70031,2000
Malar Koduthen (Happy),T.M. Soundararajan,/artist/tm-soundararajan,04:32,Tamil,05-01-2022,0.87,0.302,0.65,0.969,-13.191,0.037,149.988,0,10,0.1,4,96,10606150,2022
Pani Illaatha,T.M. Soundararajan|P. Susheela,/artist/tm-soundararajan|/artist/p-suseela-2,03:43,Tamil,12-11-2022,0.56,0.48,0.45,0.1,-7.518,0.05,137.767,0,4,0.0,4,90,9711640,2022
Naa Pudikkum Mapilatha,S. Janaki,/artist/s-janaki,03:53,Tamil,03-09-2007,0.71,0.45,0.041,0.1,-9.25,0.0404,134.902,1,7,0.0602,4,32,8548564,2007
Karpagam Neeyallava,L.R. Eswari,/artist/lr-eswari-2,04:39,Tamil,08-09-2006,0.24,0.485,0.751,0.903,-13.906,0.08,109.971,1,8,0.0643,4,60,3643946,2006
Intha Punnagai,P Suhseela|T M S Selvakumar,/artist/p-suhseela|/artist/t-m-s-selvakumar,05:20,Tamil,05-08-2005,0.64,0.45,0.687,0.1,-2.762,0.08,180.002,1,5,0.076,4,51,913466,2005
Kaathal Nilave,P.B. Sreenivas,/artist/pb-sreenivas,03:03,Tamil,07-01-2003,0.62,0.208,0.409,0.686,-4.683,0.09,162.039,1,8,0.032,4,35,2828350,2003
Mundahakkanniyamma,L.R. Eswari,/artist/lr-eswari-2,03:38,Tamil,09-03-2002,0.06,0.78,0.622,0.5,-7.767,0.09,204.042,0,10,0.0104,4,51,2034340,2002
Comedy Dialogues,Goundamani|Kanthimathi,/artist/goundamani|/artist/kanthimathi,15:46,Tamil,08-01-2022,0.47,0.688,0.074,0.884,-13.877,0.0831,160.023,0,5,0.0862,4,55,5582558,2022
Kat Adippom Kadhalippom,S. P. Balasubrahmanyam,/artist/s-p-balasubrahamanyam,04:23,Tamil,05-01-2002,0.56,0.88,0.359,0.4,-3.588,0.02,199.974,0,1,0.09,4,67,9469268,2002
Annai Bhavanikkoru,L.R. Eswari,/artist/lr-eswari-2,04:19,Tamil,06-01-2020,0.96,0.234,0.739,0.444,-9.185,0.0328,151.606,1,8,0.043,4,90,2031014,2020
Sahasangal,L.R. Eswari,/artist/lr-eswari-2,04:40,Tamil,02-05-2009,0.32,0.24,0.634,0.2,-10.815,0.05,179.647,0,6,0.079,4,70,5044367,2009
Poivaa Magale,Sulamangalam R Rajalakshmi,/artist/sulamangalam-r-rajalakshmi,03:57,Tamil,02-07-2004,0.9,0.04,0.937,0.3,-5.118,0.0808,188.063,0,9,0.08,4,57,5713001,2004
Aarumugam Vaasam,Soolamangalam Sisters,/artist/soolamangalam-sisters,03:45,Tamil,03-04-2002,0.63,0.392,0.418,0.723,-12.21,0.069,114.803,1,1,0.04,4,95,8627910,2002
Thennagathin Thiruvilakkam,S. C. Krishnan,/artist/s-c-krishnan-1,03:15,Tamil,09-11-2001,0.84,0.187,0.732,0.635,-4.484,0.0175,194.692,0,11,0.039,4,100,10804162,2001
Nilavum Malarum,P Suhseela|T M S Selvakumar,/artist/p-suhseela|/artist/t-m-s-selvakumar,03:44,Tamil,09-08-2023,0.62,0.56,0.579,0.6,-5.554,0.009,149.928,0,8,0.0956,4,54,4607034,2023
Arul Vazhangum,L.R. Eswari,/artist/lr-eswari-2,05:06,Tamil,09-01-2002,0.08,0.144,0.65,0.693,-8.591,0.09,126.083,0,9,0.005,4,52,8809055,2002
Koonthalile Megam,K J Yesudas|S. P. Sailaja,/artist/k-j-yesudas|/artist/s-p-sailaja-2,04:00,Tamil,09-07-2020,0.92,0.76,0.141,0.2,-7.273,0.09,132.582,0,10,0.078,4,35,9481849,2020
Dialogues - Neethikkupin Paasam,M. R. Radha|B. Saroja Devi|M. G. Ramachandran,/artist/m-r-radha-1|/artist/b-saroja-devi-2|/artist/m-g-ramachandran-1,04:39,Tamil,11-12-2002,0.43,0.79,0.116,0.8,-3.052,0.003,129.975,1,7,0.0304,4,90,66177,2002
Aadidum Odamaai,S. P. Sailaja|S. P. Balasubrahmanyam,/artist/s-p-sailaja-2|/artist/s-p-balasubrahamanyam,03:42,Tamil,03-02-2007,0.33,0.652,0.71,0.774,-9.58,0.042,206.5,0,5,0.06,4,59,2031482,2007
Ammamma Keladi Thozhi,L.R. Eswari,/artist/lr-eswari-2,05:08,Tamil,04-06-2022,0.25,0.341,0.571,0.828,-12.493,0.02,131.854,0,10,0.0,4,29,10840851,2022
Dialogues - Election Scene,M. R. Radha|M. G. Ramachandran|M. N. Nambiar|E. V. Saroja|Rajasulochana,/artist/m-r-radha-1|/artist/m-g-ramachandran-1|/artist/m-n-nambiar-1|/artist/e-v-saroja-1|/artist/rajasulochana,14:34,Tamil,07-11-2008,0.47,0.67,0.073,0.4,-9.869,0.07,171.821,0,10,0.05,4,75,3338423,2008
Seettu Kattu Raja,T.M. Soundararajan|P. Susheela,/artist/tm-soundararajan|/artist/p-suseela-2,03:26,Tamil,03-03-2001,0.27,0.551,0.83,0.833,-12.729,0.0546,119.986,0,1,0.08,4,78,6532189,2001
Nenjirukkum,T.M. Soundararajan|Pattom Sadan|M.S. Raju,/artist/tm-soundararajan|/artist/pattom-sadan|/artist/ms-raju-4,04:43,Tamil,01-12-2005,0.87,0.52,0.84,0.3,-13.284,0.07,200.286,0,10,0.0549,4,94,5807200,2005
Vaanam Engay,S. Janaki|P. Jayachandran,/artist/s-janaki|/artist/p-jayachandran-1,04:38,Tamil,11-01-2003,0.54,0.499,0.521,0.158,-7.365,0.0148,140.053,0,10,0.058,4,89,3814584,2003
Pottane Moonu Muducchithan,Sasirekha|S. P. Balasubrahmanyam,/artist/sasirekha|/artist/s-p-balasubrahamanyam,05:42,Tamil,05-06-2008,0.93,0.45,0.615,0.7,-5.269,0.0686,133.998,1,11,0.07,4,43,1085935,2008
Pattanathu Mappillaikku,T.M. Soundararajan|L.R. Eswari,/artist/tm-soundararajan|/artist/lr-eswari-2,04:31,Tamil,05-08-2009,0.11,0.89,0.036,0.1,-2.641,0.0316,111.941,1,8,0.024,4,80,2400496,2009
Noolumillai,T M S Selvakumar,/artist/t-m-s-selvakumar,05:29,Tamil,08-12-2007,0.83,0.64,0.216,0.645,-11.236,0.096,109.514,1,8,0.0724,4,87,4008025,2007
Nenjagathil,Soolamangalam Sisters,/artist/soolamangalam-sisters,04:03,Tamil,03-09-2007,0.6,0.181,0.018,0.459,-13.133,0.0475,147.978,1,10,0.064,4,89,7451996,2007
Maasamo Margazhi Maasam,S. Janaki|Malaysia Vasudevan,/artist/s-janaki|/artist/malaysia-vasudevan,04:24,Tamil,06-11-2022,0.09,0.52,0.074,0.5,-10.677,0.0128,120.013,1,11,0.0965,4,70,2806589,2022
Srimad Bhagavad Gita Chapters - Ii Iii Iv,Asha Nath,/artist/asha-nath,17:36,Tamil,11-09-2022,0.49,0.944,0.542,0.458,-2.005,0.017,144.994,1,5,0.097,4,89,3271623,2022
Aadhi Manithan,Jamuna Rani|P.B. Sreenivas,/artist/jamuna-rani|/artist/pb-sreenivas,04:25,Tamil,04-12-2022,0.36,0.77,0.47,0.8,-9.756,0.085,111.994,0,6,0.0519,4,56,10740426,2022
Ulagam Samanillai,Sirkazhi Govindarajan,/artist/sirkazhi-govindarajan,02:58,Tamil,08-11-2005,0.28,0.31,0.15,0.6,-2.539,0.0496,120.019,1,1,0.083,4,30,2536599,2005
Annai Bhoomiyendru,M. S. Viswanathan,/artist/m-s-viswanathan-2,02:32,Tamil,05-12-2004,0.22,0.82,0.87,0.6,-10.827,0.085,140.109,1,1,0.01,4,45,5930543,2004
Ulagathin Thookkam,T.M. Soundararajan,/artist/tm-soundararajan,04:54,Tamil,01-03-2020,0.03,0.11,0.404,0.7,-3.098,0.02,176.918,1,1,0.0429,4,95,5421086,2020
Katti Karumbae,Vani Jairam,/artist/vani-jayaram,05:09,Tamil,10-11-2000,0.82,0.792,0.243,0.108,-2.51,0.02,203.948,0,6,0.02,4,56,11259573,2000
Varudhu Varudhu Ada Vilagu,S. P. Balasubrahmanyam|S. Janaki,/artist/s-p-balasubrahamanyam|/artist/s-janaki,04:13,Tamil,12-11-2002,0.6,0.98,0.52,0.1,-2.85,0.08,182.954,1,9,0.008,4,100,5142601,2002
Vaanamennum Veedhiyile,K J Yesudas|P. Madhuri,/artist/k-j-yesudas|/artist/p-madhuri-1,04:22,Tamil,11-08-2009,0.27,0.73,0.978,0.9,-12.97,0.0106,181.068,1,1,0.05,4,57,7534064,2009
Padaithane,T.M. Soundararajan,/artist/tm-soundararajan,06:02,Tamil,10-01-2003,0.04,0.23,0.605,0.3,-10.754,0.0317,128.128,1,2,0.0074,4,36,5552610,2003
Oruvan Manadhu,T.M. Soundararajan,/artist/tm-soundararajan,02:05,Tamil,08-03-2006,0.72,0.57,0.976,0.5,-9.54,0.0862,168.974,1,0,0.03,4,74,2186057,2006
Kaalamithu Kaalamuthu,P. Susheela,/artist/p-suseela-2,06:06,Tamil,10-05-2003,0.67,0.147,0.874,0.045,-4.65,0.08,171.92,0,1,0.079,4,48,886247,2003
Ennirandhu 16 Vayathu,T.M. Soundararajan,/artist/tm-soundararajan,03:51,Tamil,02-05-2003,0.51,0.52,0.273,1.0,-10.592,0.0131,160.009,1,5,0.038,4,80,7811563,2003
Adingoppan Mavale,Malaysia Vasudevan,/artist/malaysia-vasudevan,03:47,Tamil,04-09-2022,0.34,0.469,0.447,0.221,-12.463,0.003,183.77,1,0,0.06,4,98,210653,2022
Aadatha Manamum,A. M. Rajah|P. Susheela,/artist/a-m-rajah-1|/artist/p-suseela-2,03:19,Tamil,02-11-2005,0.58,0.964,0.276,0.811,-13.292,0.0577,182.054,0,3,0.078,4,58,4303054,2005
Vaasamilla,S. P. Balasubrahmanyam,/artist/s-p-balasubrahamanyam,04:49,Tamil,01-09-2009,0.12,0.741,0.006,0.527,-10.957,0.0824,187.716,0,11,0.09,4,36,11056477,2009
Gnayiru Oli Mazhaiyil,Kamal Haasan,/artist/kamal-haasan,03:28,Tamil,02-12-2006,0.31,0.46,0.897,0.055,-4.235,0.0477,130.037,0,0,0.06,4,93,2600231,2006
Thondakkulle,Malaysia Vasudevan|K. S. Chithra,/artist/malaysia-vasudevan|/artist/chitra,06:47,Tamil,06-11-2004,0.87,0.34,0.107,0.8,-12.861,0.1,127.944,0,1,0.0,4,63,10681070,2004
Aaramba Kaalam,Vani Jairam|K J Yesudas,/artist/vani-jayaram|/artist/k-j-yesudas,03:01,Tamil,05-06-2023,0.69,0.1,0.464,0.4,-10.571,0.06,195.884,0,11,0.069,4,26,3505362,2023
Anchaaru,P. Jayachandran|Vani Jairam,/artist/p-jayachandran-1|/artist/vani-jayaram,04:38,Tamil,06-01-2008,0.98,0.534,0.929,0.344,-10.958,0.06,114.986,1,2,0.097,4,25,2651863,2008
Lilly Malarukku,T M S Selvakumar,/artist/t-m-s-selvakumar,05:21,Tamil,04-03-2000,0.09,0.022,0.83,0.018,-4.209,0.089,184.494,1,2,0.03,4,69,10621852,2000
Adiyamma Rajathi,T.M. Soundararajan|P. Susheela,/artist/tm-soundararajan|/artist/p-suseela-2,03:16,Tamil,09-11-2007,0.17,0.63,0.201,0.1,-3.85,0.018,187.714,1,1,0.0754,4,28,2112611,2007
Idhu Raaththiri Neram,S. P. Balasubrahmanyam|B.S. Sasirekha,/artist/s-p-balasubrahamanyam|/artist/bs-sasirekha-1,04:48,Tamil,07-07-2020,0.58,0.049,0.264,0.042,-9.328,0.0237,108.973,0,6,0.06,4,75,2021841,2020
Choodu Choodu,S. P. Balasubrahmanyam,/artist/s-p-balasubrahamanyam,05:05,Tamil,05-05-2007,0.59,0.466,0.796,0.137,-10.857,0.08,166.061,0,11,0.0401,4,61,2928088,2007
Thazh Sadaiyum,M.S. Subbulakshmi|Radha Vishwanathan,/artist/ms-subbulakshmi|/artist/radha-viswanathan-vocally-supported,04:04,Tamil,05-03-2002,0.57,0.18,0.107,0.2,-11.884,0.1,180.002,1,7,0.0112,4,97,10589884,2002
Kalaiyae En Vaazhkkayin,A. M. Rajah|P. Susheela,/artist/a-m-rajah-1|/artist/p-suseela-2,04:18,Tamil,11-01-2005,0.15,0.22,0.826,0.0,-9.161,0.0406,109.974,1,11,0.082,4,63,4212299,2005
Babu Babu Babu Enge,P. Susheela|T.M. Soundararajan,/artist/p-suseela-2|/artist/tm-soundararajan,03:21,Tamil,02-10-2020,0.63,0.16,0.853,0.5,-4.45,0.08,127.912,1,7,0.06,4,29,9252397,2020
Thamizhagathu,A.R. Sheik Mohammed,/artist/ar-sheik-mohammed,10:51,Tamil,06-06-2020,0.98,0.855,0.027,0.475,-12.128,0.02,149.964,0,10,0.07,4,74,7615273,2020
Aathiley Meen Pidichu,P. Susheela,/artist/p-suseela-2,03:54,Tamil,08-07-2000,0.3,0.38,0.555,0.2,-6.596,0.05,179.906,0,10,0.009,4,30,6319854,2000
Iyirandu Thingalal,T.M. Soundararajan,/artist/tm-soundararajan,03:01,Tamil,07-08-2004,0.2,0.615,0.3,0.908,-13.329,0.01,164.042,1,0,0.024,4,86,8210847,2004
Selvame (T.M.S),T M S Selvakumar,/artist/t-m-s-selvakumar,04:52,Tamil,10-06-2020,0.21,0.65,0.685,0.3,-7.721,0.0136,126.987,1,11,0.03,4,99,1267447,2020
Kuva Kuva Papa,M.S. Rajeswari,/artist/ms-rajeswari,03:36,Tamil,07-03-2020,0.12,0.364,0.452,0.73,-11.33,0.05,107.999,1,7,0.0437,4,97,291084,2020
Thotta Idamellam,Saibaba|T.M. Soundararajan|P. Susheela,/artist/saibaba|/artist/tm-soundararajan|/artist/p-suseela-2,04:41,Tamil,03-11-2005,0.59,0.88,0.26,0.3,-11.039,0.086,139.562,0,9,0.0399,4,83,1006930,2005
Thanimayilae Inimai Kaana,P. Susheela|A. M. Rajah,/artist/p-suseela-2|/artist/a-m-rajah-1,04:13,Tamil,09-04-2001,0.27,0.77,0.561,0.8,-10.23,0.0978,145.02,1,1,0.0505,4,87,1217457,2001
Kaalaththal Azhiyatha,K.B. Sundarambal,/artist/kb-sundarambal,03:12,Tamil,11-07-2021,0.38,0.979,0.26,0.193,-9.836,0.0654,139.968,1,1,0.069,4,38,1390221,2021
Yaarodum Pesakkoodathu,P.B. Sreenivas|L.R. Eswari,/artist/pb-sreenivas|/artist/lr-eswari-2,03:46,Tamil,08-06-2007,0.28,0.41,0.464,0.9,-10.592,0.085,140.001,1,7,0.0,4,41,2881907,2007
Oh My Darling,T.M. Soundararajan|P. Susheela,/artist/tm-soundararajan|/artist/p-suseela-2,04:13,Tamil,06-04-2021,0.26,0.444,0.027,0.689,-8.224,0.05,116.442,1,4,0.0283,4,79,232501,2021
Manathinil,B.S. Sasirekha,/artist/bs-sasirekha-1,04:28,Tamil,06-06-2008,0.57,0.24,0.132,0.5,-3.17,0.0182,136.047,1,11,0.0708,4,54,7106681,2008
Vaanam Thodatha Megam,K. S. Chithra,/artist/chitra,04:41,Tamil,10-02-2007,0.24,0.575,0.335,0.997,-7.213,0.07,179.976,1,6,0.0965,4,80,7168159,2007
Chella Kiligalam Palliyile,T.M. Soundararajan,/artist/tm-soundararajan,03:29,Tamil,11-01-2001,0.69,0.89,0.195,0.4,-9.671,0.0924,149.956,1,8,0.0541,4,41,1898701,2001
Kanne Pappa,P. Susheela,/artist/p-suseela-2,03:16,Tamil,04-02-2022,0.09,0.02,0.456,0.5,-5.608,0.0099,129.965,0,7,0.0986,4,40,10573605,2022
Nadiya Nadiya Nile Nadiya,Various,/artist/various,04:23,Tamil,05-09-2004,0.1,0.736,0.595,0.493,-7.043,0.0449,119.997,0,10,0.095,4,26,2298314,2004
Poonthenil (P.Suseela),P Suhseela,/artist/p-suhseela,04:40,Tamil,09-08-2006,0.58,0.332,0.238,0.043,-12.44,0.0021,200.9,1,1,0.0749,4,71,8100921,2006
Thangangale,T.M. Soundararajan,/artist/tm-soundararajan,03:35,Tamil,10-02-2022,0.2,0.9,0.178,0.6,-12.409,0.09,140.062,1,2,0.053,4,95,10944951,2022
Munnukku Vaa,S. Janaki|Malaysia Vasudevan,/artist/s-janaki|/artist/malaysia-vasudevan,04:36,Tamil,12-02-2020,0.31,0.354,0.184,0.242,-2.544,0.0301,133.004,0,0,0.0293,4,88,10827175,2020
Yedu Thanthanadi,Sirkazhi Govindarajan|S. Varalakshmi,/artist/sirkazhi-govindarajan|/artist/s-varalakshmi-1,03:58,Tamil,02-11-2021,0.76,0.408,0.99,0.419,-11.383,0.06,151.998,1,1,0.0883,4,43,2100135,2021
Paarttha Gnaabagam (Pathos),P. Susheela,/artist/p-suseela-2,04:02,Tamil,09-08-2009,0.62,0.99,0.607,0.2,-7.206,0.027,140.037,1,1,0.0658,4,48,1425764,2009
Neengatha Ennam,Malaysia Vasudevan|S. Janaki,/artist/malaysia-vasudevan|/artist/s-janaki,04:07,Tamil,12-12-2009,0.76,0.41,0.07,0.051,-11.99,0.019,132.942,0,9,0.0618,4,27,3645037,2009
Yae Paadal Ondru.,S. Janaki|K J Yesudas,/artist/s-janaki|/artist/k-j-yesudas,04:38,Tamil,12-11-2008,0.26,0.13,0.62,0.6,-5.17,0.009,190.112,0,6,0.037,4,48,8722037,2008
Story And Dialogues Part I,Sivaji Ganesan|Vanisri|K. Balaji,/artist/sivaji-ganesan|/artist/vanisri|/artist/k-balaji,20:52,Tamil,12-12-2006,0.62,0.672,0.157,0.746,-12.813,0.031,155.1,1,7,0.034,4,80,3187464,2006
Kamadevan Aalayam,S. P. Balasubrahmanyam|S. Janaki,/artist/s-p-balasubrahamanyam|/artist/s-janaki,04:33,Tamil,11-02-2004,0.64,0.75,0.992,0.9,-4.205,0.0444,188.528,1,7,0.078,4,54,1623742,2004
Sendru Vaa Magane,K.B. Sundarambal,/artist/kb-sundarambal,03:25,Tamil,03-03-2023,0.66,0.09,0.806,0.252,-7.668,0.048,167.984,1,9,0.09,4,66,2181866,2023
Aalana Naala,Malaysia Vasudevan|K. S. Chithra,/artist/malaysia-vasudevan|/artist/chitra,04:13,Tamil,09-05-2021,0.14,0.936,0.33,0.656,-5.273,0.034,189.784,0,9,0.0,4,51,3717113,2021
Nilavum Malarum,A. M. Rajah|P. Susheela,/artist/a-m-rajah-1|/artist/p-suseela-2,03:24,Tamil,04-06-2001,0.51,0.39,0.641,0.4,-13.508,0.062,120.58,1,0,0.0229,4,100,751090,2001
Kaalaiyum Neeye,S. Janaki|A. M. Rajah,/artist/s-janaki|/artist/a-m-rajah-1,03:26,Tamil,07-11-2008,0.74,0.838,0.417,0.563,-10.942,0.074,186.62,1,11,0.0175,4,98,2026379,2008
Prabho Ganapathe,Bhaktha Swaraa Bhajan Mandali,/artist/bhaktha-swaraa-bhajan-mandali,07:21,Tamil,11-01-2008,0.05,0.537,0.634,0.657,-2.838,0.0942,122.23,0,7,0.078,4,56,10534224,2008
Sollathan Ninaikren,S. Janaki|M. S. Viswanathan,/artist/s-janaki|/artist/m-s-viswanathan-2,05:00,Tamil,07-03-2020,0.54,0.397,0.925,0.899,-12.196,0.0,128.981,1,2,0.089,4,35,945415,2020
Irandu Kannam,K J Yesudas|P. Susheela,/artist/k-j-yesudas|/artist/p-suseela-2,04:38,Tamil,10-03-2004,0.71,0.99,0.427,0.4,-9.062,0.05,155.986,1,2,0.08,4,80,3868144,2004
Puriyaadhu,P.B. Sreenivas,/artist/pb-sreenivas,04:04,Tamil,06-02-2008,0.44,0.43,0.028,0.2,-3.553,0.0796,179.384,0,10,0.046,4,68,11311906,2008
Ippadi Ore Thalattu,S. Janaki,/artist/s-janaki,04:16,Tamil,09-08-2005,0.34,0.109,0.679,0.231,-9.477,0.082,184.108,1,1,0.09,4,28,4384640,2005
Aandavan Padachchan,T M S Selvakumar,/artist/t-m-s-selvakumar,03:17,Tamil,07-09-2006,0.37,0.46,0.064,0.9,-8.22,0.053,184.764,1,1,0.01,4,54,4621477,2006
Sivappukallu Mookkuthi,T.M. Soundararajan|P. Susheela,/artist/tm-soundararajan|/artist/p-suseela-2,03:14,Tamil,03-01-2004,0.84,0.112,0.134,0.605,-3.908,0.069,132.978,0,11,0.1,4,36,8757178,2004
Vizhiyele Malarndadhu,S. P. Balasubrahmanyam,/artist/s-p-balasubrahamanyam,04:23,Tamil,05-12-2020,0.6,0.159,0.296,0.96,-8.558,0.08,193.626,0,5,0.0855,4,37,5752729,2020
Kan Malargalin,S. Janaki|Ilaiyaraaja,/artist/s-janaki|/artist/iiaiyaraaja,04:28,Tamil,01-10-2002,0.28,0.217,0.079,0.442,-9.903,0.062,133.026,0,4,0.0381,4,94,8285809,2002
Film Story And Dialogue - Part - Ii,Sivaji Ganesan|B. Saroja Devi|Sowcar Janaki,/artist/sivaji-ganesan|/artist/b-saroja-devi-2|/artist/sowcar-janaki,29:24:00,Tamil,12-03-2008,0.82,0.03,0.837,0.1,-3.9,0.0019,135.006,1,8,0.069,4,28,9939439,2008
Janani Janani,P. Jayachandran|S. P. Sailaja,/artist/p-jayachandran-1|/artist/s-p-sailaja-2,05:05,Tamil,10-03-2007,0.98,0.074,0.646,0.267,-6.238,0.068,129.712,1,8,0.0565,4,58,11055897,2007
Thamizhukkum Amuthendru Per,P. Susheela,/artist/p-suseela-2,04:03,Tamil,10-11-2001,0.14,0.19,0.572,0.6,-13.643,0.05,193.468,0,8,0.053,4,88,8005748,2001
Pazhani Malai Muruga,Sirkazhi Govindarajan,/artist/sirkazhi-govindarajan,03:13,Tamil,12-06-2009,0.33,0.123,0.915,0.11,-9.228,0.0331,114.208,1,0,0.059,4,85,3503006,2009
Manjal Mugam,P. Susheela|Chorus,/artist/p-suseela-2|/artist/chorus,04:22,Tamil,12-01-2007,0.07,0.171,0.282,0.994,-10.956,0.061,120.993,0,10,0.017,4,64,3360992,2007
Intha Nadagam,P. Susheela,/artist/p-suseela-2,04:06,Tamil,05-09-2008,0.44,0.13,0.989,1.0,-2.249,0.003,194.026,0,5,0.016,4,63,8175684,2008
Welcome,S. P. Balasubrahmanyam,/artist/s-p-balasubrahamanyam,04:46,Tamil,02-01-2001,0.74,0.141,0.759,0.511,-8.613,0.05,159.947,0,10,0.05,4,68,10605145,2001
Muraiyo Neethiyo,T.M. Soundararajan,/artist/tm-soundararajan,02:43,Tamil,07-11-2005,0.27,0.58,0.987,0.8,-8.512,0.06,180.466,0,10,0.05,4,35,6791588,2005
Vizhiyorathu,B S Sasirekha|Kamal Haasan,/artist/b-s-sasirekha|/artist/kamal-haasan,03:21,Tamil,04-06-2023,0.38,0.238,0.328,0.955,-9.248,0.013,115.005,1,1,0.09,4,31,750836,2023
Kaattadichu,K J Yesudas,/artist/k-j-yesudas,03:47,Tamil,07-04-2023,0.46,0.664,0.66,0.019,-7.102,0.009,125.0,1,1,0.052,4,55,6257088,2023
Naalai Muthal,T.M. Soundararajan,/artist/tm-soundararajan,03:46,Tamil,05-11-2005,0.93,0.54,0.956,0.816,-6.757,0.0646,184.18,0,8,0.05,4,54,2398576,2005
Thirumaalin Thirumaarbil,Vani Jairam|K J Yesudas,/artist/vani-jayaram|/artist/k-j-yesudas,05:07,Tamil,11-10-2001,0.23,0.47,0.159,0.2,-13.502,0.0718,149.976,0,5,0.0973,4,45,8833684,2001
Chaaya Vetti,T.M. Soundararajan|L.R. Eswari,/artist/tm-soundararajan|/artist/lr-eswari-2,03:57,Tamil,11-04-2021,0.99,0.701,0.414,0.706,-6.715,0.0354,192.112,1,11,0.0696,4,74,3969415,2021
Pallandu Pallandu,Salem S. Jayalakshmi,/artist/salem-s-jayalakshmi-2,00:56,Tamil,01-02-2006,0.41,0.573,0.564,0.603,-9.121,0.09,191.952,0,6,0.049,4,37,7720649,2006
Kathal Kayangale,K J Yesudas|Malaysia Vasudevan,/artist/k-j-yesudas|/artist/malaysia-vasudevan,04:36,Tamil,02-06-2020,0.45,0.29,0.982,0.3,-13.841,0.07,140.047,1,7,0.0801,4,92,2807063,2020
Athandi,S. P. Balasubrahmanyam,/artist/s-p-balasubrahamanyam,05:11,Tamil,06-09-2002,0.16,0.012,0.516,0.187,-4.833,0.032,149.972,1,8,0.003,4,96,2888446,2002
Errathookam Pochi,S. P. Balasubrahmanyam,/artist/s-p-balasubrahamanyam,04:23,Tamil,07-05-2002,0.64,0.28,0.913,0.8,-8.951,0.009,136.044,0,11,0.068,4,42,2651033,2002
Pogathe Pogathe,Manorama,/artist/manorama,01:55,Tamil,10-07-2000,0.95,0.777,0.411,0.647,-11.423,0.074,190.098,1,1,0.07,4,25,8956697,2000
Naalai Naalai (Happy),T.M. Soundararajan|P. Susheela,/artist/tm-soundararajan|/artist/p-suseela-2,03:01,Tamil,01-01-2009,0.6,0.594,0.75,0.89,-4.039,0.0164,164.022,1,2,0.059,4,62,2242056,2009
Naan Paadum Paadal,T.M. Soundararajan|L.R. Anjali|S.N. Shobha,/artist/tm-soundararajan|/artist/lr-anjali|/artist/sn-shobha-3,03:29,Tamil,03-11-2022,0.56,0.302,0.509,0.728,-11.549,0.0612,196.622,0,11,0.091,4,58,7897509,2022
Thaaimel Aanai,T.M. Soundararajan,/artist/tm-soundararajan,03:31,Tamil,04-11-2009,0.8,0.67,0.571,0.9,-4.334,0.075,166.428,1,2,0.0032,4,65,4172052,2009
Thamizh Engal Uyiranathu,P. Susheela,/artist/p-suseela-2,04:37,Tamil,10-08-2009,0.22,0.142,0.569,0.284,-12.8,0.05,151.891,0,10,0.04,4,96,5353579,2009
Ayyane Un Pugazh,P. Jayachandran,/artist/p-jayachandran-1,04:45,Tamil,12-02-2009,0.95,0.53,0.351,0.3,-11.468,0.052,192.042,1,1,0.05,4,96,4576262,2009
Idho Oru Kannikai,A. J. Muthuswamy|G. I. Mohandas|Stella Paul,/artist/a-j-muthuswamy|/artist/g-i-mohandas|/artist/stella-paul,03:08,Tamil,06-01-2023,0.86,0.804,0.038,0.134,-6.698,0.08,170.006,1,1,0.057,4,93,5309914,2023
Suttathiru Neereduthu,Soolamangalam Sisters,/artist/soolamangalam-sisters,03:53,Tamil,02-04-2023,0.85,0.779,0.962,0.267,-2.826,0.054,176.044,1,7,0.05,4,39,2224306,2023
Udhayam Varuginrathey,S. Janaki,/artist/s-janaki,04:27,Tamil,08-07-2008,0.89,0.14,0.065,0.1,-6.525,0.059,124.801,0,6,0.07,4,99,9838544,2008
Velli Chalangai,T M S Selvakumar|P Suhseela,/artist/t-m-s-selvakumar|/artist/p-suhseela,04:40,Tamil,11-06-2001,0.63,0.054,0.414,0.287,-12.891,0.097,129.918,0,7,0.05,4,30,200578,2001
Solaigal Ellaam Pookalai Thoova  1,S. P. Balasubrahmanyam|K. S. Chithra,/artist/s-p-balasubrahamanyam|/artist/chitra,05:04,Tamil,10-05-2003,0.8,0.628,0.506,0.77,-11.9,0.05,130.056,0,6,0.02,4,69,4239947,2003
Poo Mazhai Thoovi - Instrumental,T. E. Palanisami,/artist/t-e-palanisami-1,07:54,Tamil,06-04-2006,0.83,0.09,0.961,0.2,-3.188,0.025,162.259,1,0,0.08,4,76,11027668,2006
Janaki Devi Ramanai Thedi,K. S. Chithra,/artist/chitra,04:23,Tamil,12-02-2021,0.67,0.225,0.926,0.035,-12.749,0.05,153.354,1,2,0.0176,4,65,5093467,2021
Maane Thene,S. P. Balasubrahmanyam,/artist/s-p-balasubrahamanyam,04:12,Tamil,12-06-2005,0.67,0.95,0.914,0.2,-10.664,0.017,154.868,0,0,0.0799,4,74,2544836,2005
Aringnar Anna Aatchi Kaanuveer,M. Thangappa,/artist/m-thangappa-1,06:03,Tamil,07-04-2002,0.97,0.274,0.39,0.147,-10.172,0.09,145.115,1,9,0.014,4,34,7602229,2002
Thangacchikku Seemantham,S. P. Balasubrahmanyam,/artist/s-p-balasubrahamanyam,03:05,Tamil,08-05-2004,0.43,0.83,0.756,0.6,-13.83,0.0413,119.994,1,6,0.029,4,91,8736951,2004
Thannai,Malaysia Vasudevan,/artist/malaysia-vasudevan,04:12,Tamil,12-04-2008,0.22,0.389,0.902,0.016,-6.561,0.085,140.085,1,1,0.06,4,95,9320931,2008
Manjal Mugame,T.M. Soundararajan|P. Susheela,/artist/tm-soundararajan|/artist/p-suseela-2,03:18,Tamil,03-07-2009,0.15,0.28,0.195,0.4,-3.904,0.05,179.888,0,6,0.0,4,33,325813,2009
Nattukulla Enakkoru,S. P. Balasubrahmanyam|L.R. Eswari,/artist/s-p-balasubrahamanyam|/artist/lr-eswari-2,04:37,Tamil,01-04-2022,0.56,0.969,0.819,0.83,-7.539,0.079,110.024,0,4,0.07,4,54,10340438,2022
Unakkaga Ellam Unakkaga,J.P. Chandrababu,/artist/jp-chandrababu-19,03:37,Tamil,04-08-2006,0.97,0.477,0.503,0.587,-11.576,0.065,169.982,1,6,0.09,4,26,8253400,2006
Ammano Samiyo,L.R. Eswari|Sirkazhi Govindarajan,/artist/lr-eswari-2|/artist/sirkazhi-govindarajan,05:45,Tamil,09-07-2021,0.15,0.42,0.793,0.1,-6.639,0.073,122.947,1,0,0.018,4,73,761707,2021
Vadivelan Manasu,T.M. Soundararajan|P. Susheela,/artist/tm-soundararajan|/artist/p-suseela-2,03:57,Tamil,11-02-2021,0.11,0.35,0.218,0.5,-10.019,0.078,142.99,0,3,0.096,4,52,9852868,2021
Ellarume Loosungathan,K Bhagyaraj,/artist/k-bhagyaraj-1,03:44,Tamil,03-08-2023,0.44,0.74,0.613,0.2,-11.401,0.0154,120.052,0,11,0.0081,4,78,6724717,2023
Annakkili Unnai Theduthey (Female),S. Janaki,/artist/s-janaki,04:58,Tamil,10-11-2005,0.05,0.232,0.002,0.394,-3.264,0.05,138.906,0,1,0.03,4,53,1359611,2005
Yendhan uyirin Nizhalea,S. Janaki,/artist/s-janaki,04:26,Tamil,06-04-2020,0.04,0.227,0.429,0.53,-11.16,0.0018,109.927,1,1,0.069,4,75,9357268,2020
Poyum Poyum,T.M. Soundararajan,/artist/tm-soundararajan,03:26,Tamil,05-05-2004,0.03,0.295,0.526,0.553,-3.784,0.043,152.02,1,1,0.06,4,85,11116714,2004
Alleluya Namathandavanai,Bharathi Paul|Chorus,/artist/bharathi-paul|/artist/chorus,03:21,Tamil,09-07-2003,0.19,0.55,0.461,0.9,-3.552,0.057,133.95,1,2,0.01,4,41,10138138,2003
Naan Enna,T.M. Soundararajan,/artist/tm-soundararajan,03:17,Tamil,08-09-2001,0.45,0.27,0.917,0.8,-8.573,0.0637,147.063,0,6,0.0943,4,67,4755268,2001
Eduda Melam,S. P. Balasubrahmanyam,/artist/s-p-balasubrahamanyam,04:24,Tamil,09-11-2008,0.1,0.389,0.941,0.532,-3.097,0.0401,139.978,1,1,0.068,4,43,5769838,2008
Premannu Prematho,S. P. Balasubrahmanyam,/artist/s-p-balasubrahamanyam,04:58,Tamil,09-10-2023,0.11,0.32,0.358,0.4,-4.041,0.0772,120.058,1,8,0.0662,4,77,6183490,2023
Neenga Nenacha Nadakkatha,P. Susheela,/artist/p-suseela-2,04:15,Tamil,09-02-2009,0.8,0.501,0.541,0.42,-11.123,0.0469,134.039,1,11,0.045,4,81,497627,2009
Solla Solla,P. Susheela,/artist/p-suseela-2,03:23,Tamil,12-05-2023,0.63,0.21,0.712,0.3,-13.362,0.07,172.274,1,1,0.045,4,97,5960671,2023
Aavaran Poomeni,S. Janaki,/artist/s-janaki,04:25,Tamil,03-04-2003,0.44,0.341,0.053,0.599,-11.66,0.088,169.206,0,7,0.07,4,90,7148875,2003
Othaiyadi Pathaiyele - Bit,S. P. Balasubrahmanyam,/artist/s-p-balasubrahamanyam,01:09,Tamil,10-12-2001,0.44,0.72,0.284,0.8,-4.032,0.04,182.956,0,2,0.0939,4,71,8073084,2001
Anbu Manam Kanindha Pinne,P.B. Sreenivas|P. Susheela,/artist/pb-sreenivas|/artist/p-suseela-2,03:26,Tamil,12-10-2020,0.03,0.685,0.954,0.555,-6.638,0.0911,180.216,1,1,0.01,4,29,540292,2020
Sri Lalitha Sahasranamam,C. Lalitha - C. Saroja,/artist/c-lalitha-c-saroja,59:10:00,Tamil,05-11-2022,0.58,0.134,0.876,0.689,-9.3,0.074,162.394,0,4,0.0515,4,76,3644548,2022
Neethan Neethan,Kaoushik,/artist/kaoushik,02:45,Tamil,06-10-2020,0.13,0.76,0.207,0.5,-9.777,0.0734,180.402,1,1,0.066,4,83,2076853,2020
Karunai Magan,M. S. Viswanathan,/artist/m-s-viswanathan-2,57:56:00,Tamil,08-02-2009,0.39,0.1,0.766,0.931,-12.139,0.07,139.298,0,3,0.03,4,36,467092,2009
Siritthal Sirippaen,T.M. Soundararajan,/artist/tm-soundararajan,03:07,Tamil,01-11-2023,0.77,0.87,0.212,0.3,-8.525,0.0,152.062,1,4,0.0961,4,41,7455797,2023
Nallathor Veenai,S. P. Balasubrahmanyam,/artist/s-p-balasubrahamanyam,03:43,Tamil,02-06-2002,0.9,0.745,0.452,0.405,-12.125,0.03,190.83,0,3,0.0433,4,70,5506914,2002
Malargale Edho Edho,S. P. Balasubrahmanyam|S. P. Sailaja,/artist/s-p-balasubrahamanyam|/artist/s-p-sailaja-2,04:16,Tamil,01-09-2006,0.18,0.02,0.272,0.7,-8.541,0.0464,129.999,1,1,0.0813,4,88,4584992,2006
Nilaiyilla Ulagathil,Angnes Davidson,/artist/angnes-davidson,03:15,Tamil,06-09-2021,0.31,0.43,0.179,0.3,-3.796,0.036,191.964,1,5,0.045,4,44,705452,2021
Kadal Alai Thaalaattum,P. Madhuri,/artist/p-madhuri-1,02:01,Tamil,01-04-2004,0.13,0.82,0.691,0.2,-2.218,0.0659,132.906,1,9,0.027,4,25,889054,2004
Oru Moonam Pirai Paru,S. P. Balasubrahmanyam|Vani Jairam,/artist/s-p-balasubrahamanyam|/artist/vani-jayaram,04:25,Tamil,05-03-2009,0.85,0.829,0.874,0.679,-13.442,0.0235,179.291,1,1,0.0015,4,91,9543758,2009
Padum Illangkuilkale,S. P. Balasubrahmanyam,/artist/s-p-balasubrahamanyam,05:53,Tamil,11-03-2007,0.7,0.52,0.964,0.5,-9.099,0.084,165.111,1,1,0.04,4,63,2773725,2007
Androrunaal,P. Susheela,/artist/p-suseela-2,03:28,Tamil,05-04-2002,0.34,0.299,0.974,0.582,-12.77,0.08,167.935,1,4,0.03,4,100,5643719,2002
Vaaraai Nee Vaarai (Version),Jikki|Tiruchi Loganathan,/artist/jikki|/artist/tiruchi-loganathan,03:01,Tamil,03-01-2021,0.76,0.98,0.328,0.7,-8.314,0.073,154.962,1,1,0.0,4,64,4667217,2021
Poo Ondru Valarthen,S. P. Balasubrahmanyam,/artist/s-p-balasubrahamanyam,03:35,Tamil,04-09-2000,0.48,0.986,0.049,0.488,-5.981,0.05,156.052,1,8,0.0718,4,47,1977846,2000
Kandathai Sollogiren,M. S. Viswanathan,/artist/m-s-viswanathan-2,03:13,Tamil,07-06-2020,0.3,0.94,0.074,1.0,-2.373,0.074,140.056,1,1,0.0527,4,29,326377,2020
Ummai Pin Sellave,V. Nataraja Mudaliar,/artist/v-nataraja-mudaliar-1,03:16,Tamil,05-04-2023,0.46,0.113,0.897,0.155,-6.456,0.076,142.029,0,10,0.047,4,87,1159776,2023
Naan Thandhanandha Paatu,S. P. Balasubrahmanyam,/artist/s-p-balasubrahamanyam,04:14,Tamil,04-05-2021,0.75,0.39,0.532,0.3,-2.602,0.06,173.996,0,10,0.06,4,99,6146858,2021
Vilakkuvecha Nerathile Mama_2,Gangai Amaran|S. Janaki,/artist/gangai-amaran|/artist/s-janaki,03:52,Tamil,06-02-2001,0.92,0.575,0.868,0.319,-11.034,0.093,152.982,1,2,0.0711,4,71,7375800,2001
Malare Malare Theriyatha,P. Susheela,/artist/p-suseela-2,03:03,Tamil,11-01-2006,0.84,0.47,0.716,0.3,-12.036,0.0328,149.004,1,7,0.08,4,63,11395305,2006
Then Pazhani Malaiyoram,Sirkazhi Govindarajan,/artist/sirkazhi-govindarajan,03:19,Tamil,05-05-2007,0.61,0.318,0.231,0.102,-11.711,0.02,141.037,0,11,0.09,4,64,11194337,2007
Malanindra,T.R. Mahalingam,/artist/tr-mahalingam,02:27,Tamil,02-01-2002,0.1,0.106,0.587,0.832,-4.188,0.001,154.045,1,2,0.06,4,74,7072149,2002
Purindhathu Puriyathathu - Dialogue,Sivaji Ganesan|Savitri|Nagesh|K. R. Vijaya|R. Muthuraman|K. B. Sundarambal,/artist/sivaji-ganesan|/artist/savitri|/artist/nagesh|/artist/k-r-vijaya-1|/artist/r-muthuraman|/artist/k-b-sundarambal-1,00:43,Tamil,06-06-2001,0.2,0.58,0.193,0.2,-8.778,0.044,186.94,1,8,0.007,4,94,10936755,2001
Megame Thoothaga Vaa,P Suhseela|S. P. Balasubrahmanyam,/artist/p-suhseela|/artist/s-p-balasubrahamanyam,03:11,Tamil,08-01-2007,0.84,0.12,0.185,0.427,-12.142,0.076,183.114,1,11,0.009,4,89,9866930,2007
Alaipaayuthe Kannaa (Nadhaswaram),Pandanallur T.R.D.Anandakumar,/artist/pandanallur-trdanandakumar,08:58,Tamil,03-12-2008,0.96,0.72,0.932,0.8,-12.416,0.0244,113.946,1,1,0.02,4,89,1790983,2008
Oru Pennai Paarthu,T.M. Soundararajan,/artist/tm-soundararajan,04:37,Tamil,04-11-2002,0.44,0.934,0.187,0.286,-4.435,0.0713,123.975,1,5,0.1,4,39,722070,2002
Sitthamellaam Enn Ikku,T M S Selvakumar,/artist/t-m-s-selvakumar,03:23,Tamil,08-05-2005,0.78,0.951,0.07,0.949,-13.179,0.04,139.059,1,9,0.093,4,61,3085159,2005
Anbe Nee Ange,S. Janaki|A. M. Rajah,/artist/s-janaki|/artist/a-m-rajah-1,02:17,Tamil,03-01-2023,0.32,0.0,0.383,0.1,-11.156,0.0594,197.006,1,1,0.06,4,72,5839972,2023
Nenjame,V. Nataraja Mudaliar,/artist/v-nataraja-mudaliar-1,02:49,Tamil,04-04-2022,0.82,0.95,0.823,0.6,-9.89,0.0052,120.08,1,9,0.0746,4,59,6933570,2022
Thanga Theril,L.R. Eswari,/artist/lr-eswari-2,03:38,Tamil,09-11-2022,0.35,0.511,0.009,0.926,-3.006,0.03,176.151,0,4,0.087,4,75,10730472,2022
Yerikkarai,P Suhseela,/artist/p-suhseela,04:11,Tamil,11-11-2006,0.54,0.07,0.07,0.8,-4.483,0.089,114.988,1,11,0.057,4,72,11207614,2006
Ore Kelvi,P.B. Sreenivas|P Suhseela,/artist/pb-sreenivas|/artist/p-suhseela,03:33,Tamil,12-08-2009,0.88,0.98,0.94,0.7,-13.353,0.1,144.168,0,3,0.075,4,40,7904445,2009
Varup Uyaray Neer - Story And Dialogues,Sivaji Ganesan|Padmini Kolhapure,/artist/sivaji-ganesan|/artist/padmini-kolhapure,07:38,Tamil,08-10-2001,0.71,0.975,0.198,0.494,-3.666,0.07,145.0,1,1,0.019,4,74,11137511,2001
Yaarathu Yaarathu,T.M. Soundararajan|P. Susheela,/artist/tm-soundararajan|/artist/p-suseela-2,04:52,Tamil,07-07-2005,0.72,0.629,0.957,0.341,-5.595,0.03,140.027,0,1,0.07,4,90,8624655,2005
Chinnanchiru Duet,K J Yesudas|S. Janaki,/artist/k-j-yesudas|/artist/s-janaki,04:02,Tamil,12-02-2023,0.06,0.9,0.921,0.5,-5.564,0.0568,139.942,1,2,0.08,4,34,4049986,2023
Poranthalum,L.R. Eswari|J.P. Chandrababu,/artist/lr-eswari-2|/artist/jp-chandrababu-21,03:03,Tamil,08-05-2003,0.31,0.688,0.51,0.103,-4.826,0.007,137.994,1,2,0.097,4,79,7938149,2003
Maathamo Aavani,S. P. Balasubrahmanyam|P. Susheela,/artist/s-p-balasubrahamanyam|/artist/p-suseela-2,04:18,Tamil,04-02-2002,0.74,0.46,0.848,0.6,-8.653,0.0709,205.348,1,10,0.075,4,57,6587747,2002
Unnai Thotta Katru,S. P. Balasubrahmanyam|P. Susheela,/artist/s-p-balasubrahamanyam|/artist/p-suseela-2,03:08,Tamil,10-10-2020,0.68,0.361,0.115,0.871,-12.557,0.0871,105.02,1,7,0.09,4,63,4222406,2020
Ethanai Periya,T.M. Soundararajan,/artist/tm-soundararajan,03:41,Tamil,07-10-2021,0.97,0.91,0.42,0.1,-2.603,0.05,150.024,1,1,0.04,4,50,5430518,2021
Maasi Maatham,P Suhseela|P. Jayachandran,/artist/p-suhseela|/artist/p-jayachandran-1,04:05,Tamil,09-11-2004,0.79,0.26,0.898,0.9,-8.939,0.05,113.063,1,1,0.06,4,59,5242781,2004
Azhaginil Vilainthadu Mazhaienil,S. P. Balasubrahmanyam,/artist/s-p-balasubrahamanyam,04:31,Tamil,12-10-2008,0.31,0.15,0.798,0.9,-7.092,0.019,204.762,1,2,0.0673,4,45,10560630,2008
Paakku Vethalai,Malaysia Vasudevan|K. S. Chithra,/artist/malaysia-vasudevan|/artist/chitra,04:13,Tamil,11-12-2003,0.97,0.88,0.626,0.1,-4.478,0.0568,134.082,1,9,0.01,4,31,2185251,2003
Yesuvodu Inaindha,Sister Sarah Navaroji,/artist/sister-sarah-navaroji,03:27,Tamil,03-11-2009,0.86,0.876,0.782,0.812,-2.845,0.075,179.961,1,4,0.0733,4,92,3810668,2009
Vaa Vaa Vasanthame,Mano|Uma Ramanan,/artist/mano|/artist/uma-ramanan-1,04:16,Tamil,04-04-2021,0.1,0.32,0.591,0.9,-10.321,0.0939,114.972,1,1,0.08,4,68,6003369,2021
Madras Nalla Madras,T.M. Soundararajan,/artist/tm-soundararajan,03:13,Tamil,06-12-2001,0.44,0.786,0.934,0.835,-2.523,0.003,120.118,1,1,0.0527,4,27,6145190,2001
Naan Paadum Paadal,T.M. Soundararajan,/artist/tm-soundararajan,03:29,Tamil,07-08-2008,0.64,0.75,0.484,0.7,-4.162,0.03,144.0,1,1,0.0854,4,88,1357175,2008
Yaar Pillai,Seergazhi G.Sivachidambaram,/artist/seergazhi-gsivachidambaram,03:51,Tamil,08-01-2004,0.35,0.91,0.794,0.7,-9.39,0.005,136.081,0,5,0.076,4,98,5463754,2004
Vaazhkkayae,P. Jayachandran,/artist/p-jayachandran-1,04:25,Tamil,07-04-2002,0.72,0.492,0.363,0.723,-13.395,0.09,180.04,1,5,0.0377,4,61,8978976,2002
Muthu Sirithathu,S. P. Balasubrahmanyam|S. Janaki,/artist/s-p-balasubrahamanyam|/artist/s-janaki,05:29,Tamil,04-03-2000,0.89,0.83,0.287,0.1,-12.524,0.046,167.106,0,0,0.082,4,35,4869022,2000
Sosiyam Paakkaliyo,Manorama,/artist/manorama,04:24,Tamil,01-01-2005,0.78,0.604,0.14,0.754,-6.312,0.08,195.964,0,8,0.073,4,39,2929060,2005
Araro Ariraro - Lullaby,Rajee Narayan,/artist/rajee-narayan,03:02,Tamil,07-06-2021,0.39,0.86,0.759,0.3,-7.226,0.024,200.036,1,3,0.05,4,58,8821452,2021
Naan Paadum Paadal,T.M. Soundararajan,/artist/tm-soundararajan,03:29,Tamil,10-05-2001,0.73,0.33,0.723,0.6,-6.198,0.035,170.121,1,0,0.075,4,100,9921414,2001
Kannan Varuvan,P Suhseela,/artist/p-suhseela,05:13,Tamil,04-01-2004,0.14,0.85,0.384,0.094,-8.23,0.02,155.007,1,1,0.0219,4,89,4080953,2004
Thennankeeththu,S. Janaki|P.B. Sreenivas,/artist/s-janaki|/artist/pb-sreenivas,04:11,Tamil,12-07-2006,0.58,0.49,0.393,0.9,-4.502,0.09,156.884,0,4,0.03,4,83,4265658,2006
Sikshashtakam,Radha Vishwanathan|M.S. Subbulakshmi,/artist/radha-viswanathan-vocally-supported|/artist/ms-subbulakshmi,06:46,Tamil,06-01-2009,0.06,0.266,0.258,0.924,-11.663,0.0486,155.025,0,1,0.0469,4,60,3568167,2009
Pani Thendral,Vani Jairam|Malaysia Vasudevan,/artist/vani-jayaram|/artist/malaysia-vasudevan,04:28,Tamil,02-07-2001,0.83,0.859,0.459,0.128,-13.512,0.0482,189.88,1,2,0.04,4,73,5326071,2001
Kannile Neer,S. Janaki|Sirkazhi Govindarajan,/artist/s-janaki|/artist/sirkazhi-govindarajan,03:33,Tamil,10-01-2021,0.29,0.05,0.798,0.6,-4.069,0.064,190.008,0,11,0.08,4,58,9086521,2021
Paavai Azhago,Malaysia Vasudevan,/artist/malaysia-vasudevan,04:20,Tamil,10-02-2020,0.64,0.96,0.267,0.4,-9.56,0.0366,204.056,1,10,0.062,4,32,2763035,2020
Manjal Veiyil,Uma Ramanan,/artist/uma-ramanan-1,04:05,Tamil,11-04-2024,0.39,0.191,0.705,0.59,-2.754,0.036,130.012,1,0,0.03,4,38,6865509,2024
Chippiyirukkuthu,S. Janaki|S. P. Balasubrahmanyam,/artist/s-janaki|/artist/s-p-balasubrahamanyam,04:52,Tamil,07-01-2008,0.58,0.916,0.523,0.242,-3.956,0.08,106.985,0,3,0.0301,4,85,8078519,2008
Top Takkar,S. P. Sailaja,/artist/s-p-sailaja-2,03:56,Tamil,12-07-2007,0.37,0.63,0.263,0.6,-6.409,0.0446,200.004,1,9,0.04,4,74,10681952,2007
Kanna Karumainira Kanna,P Suhseela,/artist/p-suhseela,04:50,Tamil,09-10-2003,0.78,0.669,0.528,0.748,-5.463,0.091,205.906,1,7,0.0535,4,74,4877452,2003
Ooti Malai,Ilaiyaraaja,/artist/iiaiyaraaja,04:40,Tamil,08-10-2004,0.07,0.873,0.708,0.363,-6.601,0.082,139.056,0,11,0.037,4,26,10848376,2004
En Kathai,T M S Selvakumar,/artist/t-m-s-selvakumar,03:24,Tamil,01-02-2005,0.49,0.509,0.072,0.399,-10.581,0.0677,140.06,1,1,0.0375,4,34,594609,2005
Pambai Udukkai Katti,T.M. Soundararajan|P. Susheela,/artist/tm-soundararajan|/artist/p-suseela-2,06:45,Tamil,09-11-2004,0.57,0.4,0.494,0.3,-8.475,0.0397,119.922,1,2,0.1,4,68,10738553,2004
Thanthanaane,M. S. Viswanathan,/artist/m-s-viswanathan-2,01:21,Tamil,06-03-2020,0.86,0.728,0.281,0.993,-3.468,0.08,140.034,1,11,0.034,4,95,8290875,2020
Paddum Pattellam,T. K. S. Kalaivanan,/artist/t-k-s-kalaivanan,04:10,Tamil,12-06-2020,0.26,0.08,0.69,0.6,-8.529,0.0561,149.962,1,1,0.05,4,69,10521054,2020
Azhagiya Anni,P. Jayachandran|P. Susheela,/artist/p-jayachandran-1|/artist/p-suseela-2,04:03,Tamil,11-07-2002,0.48,0.83,0.795,0.6,-2.255,0.0445,127.982,1,0,0.0041,4,40,9956775,2002
Varuvaalo Devi,P. Jayachandran|D. Kousalya|S. H. Subramanyam,/artist/p-jayachandran-1|/artist/d-kousalya-4|/artist/s-h-subramanyam-1,04:18,Tamil,02-08-2020,0.12,0.32,0.568,0.1,-12.431,0.0645,138.0,1,0,0.0,4,48,10399929,2020
Thaai Thantha Pichchaiyile,P. Susheela,/artist/p-suseela-2,03:26,Tamil,03-04-2006,0.05,0.447,0.358,0.627,-8.502,0.06,153.146,1,7,0.0998,4,90,2841132,2006
Manna Thi Mannan - Tamil Film Story And Dialogue Part - Ii,M. G. Ramachandran Anjali Devi Padmni,/artist/m-g-ramachandran-anjali-devi-padmni-1,28:56:00,Tamil,05-09-2007,0.72,0.96,0.033,0.9,-7.462,0.059,152.126,0,1,0.01,4,36,8336176,2007
Atthanin Mutthangal,P. Susheela,/artist/p-suseela-2,03:57,Tamil,02-01-2001,0.62,0.034,0.699,0.136,-13.753,0.082,194.084,1,9,0.09,4,84,485169,2001
Dhaagam Theernthathadi,T.M. Soundararajan|P. Susheela,/artist/tm-soundararajan|/artist/p-suseela-2,04:45,Tamil,04-05-2020,0.4,0.893,0.963,0.412,-3.181,0.07,206.0,0,1,0.02,4,93,10531432,2020
En Kathalin Raja,Jency Antony|Jolly Abraham,/artist/jency-antony|/artist/jolly-abraham,02:59,Tamil,08-10-2002,0.28,0.23,0.389,0.6,-5.978,0.047,170.718,1,9,0.0582,4,97,9792652,2002
Adi Aatthi,T.M. Soundararajan,/artist/tm-soundararajan,04:01,Tamil,12-02-2009,0.19,0.8,0.519,0.5,-3.648,0.091,120.044,0,10,0.02,4,79,1828243,2009
Thiru Muruga,Sirkazhi Govindarajan,/artist/sirkazhi-govindarajan,04:09,Tamil,12-01-2009,0.22,0.75,0.665,0.2,-11.171,0.061,111.98,1,6,0.07,4,42,824326,2009
Thendralathu Unnidathil,P. Jayachandran|S. Janaki,/artist/p-jayachandran-1|/artist/s-janaki,04:22,Tamil,03-02-2020,0.69,0.959,0.708,0.134,-10.703,0.0221,160.075,0,1,0.034,4,38,5825303,2020
Pethavale Perivavale,Jesudas,/artist/jesudas,04:18,Tamil,08-02-2003,0.55,0.926,0.167,0.134,-4.781,0.081,136.013,1,2,0.0211,4,47,4563608,2003
Naan Pesa Ninaippathelam,T.M. Soundararajan|P. Susheela,/artist/tm-soundararajan|/artist/p-suseela-2,03:26,Tamil,03-11-2001,0.03,0.83,0.152,0.1,-11.997,0.0497,119.964,1,2,0.03,4,76,8918072,2001
Vaazhutharum Varththaigal,B.S. Sasirekha,/artist/bs-sasirekha-1,03:14,Tamil,02-01-2004,0.97,0.34,0.057,0.4,-11.503,0.09,150.937,0,10,0.042,4,26,7199702,2004
Rasave Rasave,Uma Ramanan,/artist/uma-ramanan-1,04:37,Tamil,03-02-2003,0.15,0.24,0.838,0.9,-12.832,0.04,137.079,0,4,0.01,4,92,3526411,2003
Ennodeya Service Office - Story And Dialogues,Sivaji Ganesan,/artist/sivaji-ganesan,06:00,Tamil,10-12-2005,0.21,0.522,0.051,0.511,-7.269,0.03,124.985,1,1,0.0803,4,69,181552,2005
Ponmagal Vanthaal,T.M. Soundararajan,/artist/tm-soundararajan,03:53,Tamil,02-04-2009,0.92,0.668,0.473,0.58,-12.204,0.02,185.166,0,10,0.09,4,82,4356896,2009
Story And Dialogues - Part - 2,M. G. Ramachandran|B. Saroja Devi|Nagesh|M. N. Nambiar,/artist/m-g-ramachandran-1|/artist/b-saroja-devi-2|/artist/nagesh|/artist/m-n-nambiar-1,18:55,Tamil,11-02-2002,0.85,0.26,0.016,0.4,-6.737,0.05,135.015,1,7,0.05,4,78,986141,2002
Mutthamo Mogamo,L.R. Eswari|T M S Selvakumar,/artist/lr-eswari-2|/artist/t-m-s-selvakumar,06:16,Tamil,11-11-2021,0.03,0.16,0.003,0.8,-11.554,0.02,113.969,1,1,0.039,4,31,10796183,2021
Unga Perai Ketta Thudhukudiyae Aalarthu Mr Pillai - StoryAndDialogues,Sivaji Ganesan,/artist/sivaji-ganesan,06:26,Tamil,10-08-2006,0.22,0.3,0.235,0.6,-4.577,0.06,170.66,0,11,0.08,4,93,4528780,2006
Neramithu,P Suhseela|T M S Selvakumar,/artist/p-suhseela|/artist/t-m-s-selvakumar,04:33,Tamil,09-04-2005,0.53,0.923,0.871,0.117,-7.502,0.07,154.063,1,11,0.0624,4,81,9275903,2005
Paavai Paavai Aasai,P. Susheela,/artist/p-suseela-2,03:34,Tamil,07-12-2023,0.89,0.83,0.022,0.3,-9.913,0.0983,159.941,1,8,0.08,4,60,10280659,2023
Kalaiye Un Ezhil Meni - With Mgr Dialogues,Sirkazhi Govindarajan|Bhanumathi Ramakrishna,/artist/sirkazhi-govindarajan|/artist/bhanumathi-ramakrishna,01:41,Tamil,05-09-2021,0.66,0.04,0.142,0.2,-13.702,0.035,140.144,1,0,0.001,4,56,2535820,2021
Aavadhum Pennale Manithan,S. P. Balasubrahmanyam,/artist/s-p-balasubrahamanyam,04:27,Tamil,02-02-2004,0.56,0.511,0.44,0.861,-5.311,0.0025,196.114,1,1,0.0814,4,32,828904,2004
Panam Panthiyile,Sirkazhi Govindarajan,/artist/sirkazhi-govindarajan,03:36,Tamil,03-02-2002,0.51,0.75,0.73,0.3,-11.026,0.005,124.088,0,2,0.079,4,44,207868,2002
Yaen Indha Mounam - Songs Of Lord Muruga,Soolamangalam Sisters,/artist/soolamangalam-sisters,02:04,Tamil,12-08-2005,0.84,0.291,0.738,0.682,-5.553,0.01,110.055,1,1,0.094,4,57,3250054,2005
Maanodum Pathayilae,P. Susheela,/artist/p-suseela-2,03:33,Tamil,04-04-2022,0.61,0.82,0.896,0.6,-8.69,0.0439,160.182,1,0,0.02,4,58,3520049,2022
Aadi Adangum,Sirkazhi Govindarajan,/artist/sirkazhi-govindarajan,04:14,Tamil,02-08-2002,0.01,0.282,0.268,0.25,-7.067,0.0359,116.127,0,5,0.035,4,56,878115,2002
Kaathal Deepam Ondru,Malaysia Vasudevan,/artist/malaysia-vasudevan,03:45,Tamil,11-02-2007,0.13,0.828,0.144,0.628,-6.148,0.0536,184.058,0,5,0.03,4,29,2579985,2007
Perai Sollavaa,S. P. Balasubrahmanyam|S. Janaki,/artist/s-p-balasubrahamanyam|/artist/s-janaki,04:49,Tamil,06-04-2009,0.08,0.81,0.547,0.4,-11.762,0.009,185.962,0,11,0.08,4,89,5478449,2009
Ettadukku Maaligayil,P Suhseela,/artist/p-suhseela,03:26,Tamil,01-07-2021,0.45,0.91,0.474,1.0,-6.917,0.0768,140.057,0,8,0.0,4,75,10113422,2021
Muppathu Paisa,L.R. Eswari,/artist/lr-eswari-2,04:32,Tamil,11-05-2009,0.73,0.43,0.867,0.342,-6.544,0.0132,159.952,1,9,0.0668,4,77,5950162,2009
Porandaalum,J P Chandrababu,/artist/j-p-chandrababu,03:30,Tamil,03-02-2003,0.2,0.86,0.013,0.0,-9.698,0.042,154.964,0,11,0.092,4,65,6295332,2003
Itho Un Kaathali,Vani Jairam|S. P. Balasubrahmanyam,/artist/vani-jayaram|/artist/s-p-balasubrahamanyam,05:02,Tamil,01-06-2021,0.35,0.042,0.52,0.476,-11.311,0.08,158.764,1,2,0.0906,4,79,5861388,2021
Story And Dialogues - Part - 1 - Various,Sivaji Ganesan|K. R. Vijaya|Savitri|Gemini Ganesan|Nagesh,/artist/sivaji-ganesan|/artist/k-r-vijaya-1|/artist/savitri|/artist/gemini-ganesan|/artist/nagesh,39:54:00,Tamil,12-08-2000,0.81,0.86,0.831,0.2,-4.95,0.0678,139.869,0,8,0.04,4,26,9245632,2000
Kaniya Kaniya,T.M. Soundararajan|P. Susheela,/artist/tm-soundararajan|/artist/p-suseela-2,03:54,Tamil,08-01-2002,0.44,0.815,0.65,0.329,-6.329,0.0933,142.022,1,8,0.054,4,38,2642437,2002
Konjum Salangai Oli,P Leela,/artist/p-leela,03:47,Tamil,06-04-2006,0.64,0.59,0.827,0.9,-5.263,0.073,140.102,1,1,0.069,4,44,6353172,2006
Ammama Vanthathu,Kamal Haasan,/artist/kamal-haasan,06:59,Tamil,01-02-2021,0.15,0.212,0.436,0.235,-2.996,0.0221,128.011,1,2,0.0459,4,92,5991866,2021
Sirithaalum,C.S. Jayaraman,/artist/cs-jayaraman-73,03:03,Tamil,10-12-2020,0.95,0.933,0.291,0.847,-12.945,0.08,132.025,0,6,0.08,4,44,10494044,2020
Love Birds,S. Janaki,/artist/s-janaki,05:01,Tamil,02-10-2009,0.19,0.68,0.66,0.7,-13.483,0.011,202.118,1,6,0.0592,4,68,1206602,2009
Anubhavam Pudumai,Leena Pradeep|S. Kedharnath,/artist/leena-pradeep|/artist/s-kedharnath-1,03:04,Tamil,02-12-2002,0.17,0.615,0.259,0.075,-8.282,0.03,110.002,0,6,0.028,4,84,5078530,2002
Boothanathan Arul,P. Jayachandran,/artist/p-jayachandran-1,05:32,Tamil,08-07-2008,0.8,0.14,0.66,0.2,-5.743,0.095,134.989,0,5,0.0873,4,91,594026,2008
Thein Koodu Nalla Thein Kodu,P. Susheela,/artist/p-suseela-2,04:15,Tamil,06-06-2005,0.23,0.604,0.391,0.462,-9.17,0.076,198.128,0,11,0.055,4,51,10650530,2005
Indha Minminikku,S. Janaki|Malaysia Vasudevan,/artist/s-janaki|/artist/malaysia-vasudevan,04:31,Tamil,09-02-2006,0.98,0.89,0.666,0.18,-2.696,0.07,146.992,0,5,0.03,4,94,10369918,2006
Velli Nila,T.M. Soundararajan,/artist/tm-soundararajan,03:18,Tamil,05-04-2009,0.15,0.287,0.502,0.874,-9.952,0.06,105.201,1,1,0.042,4,49,2136084,2009
Yemaattraathey,T.M. Soundararajan,/artist/tm-soundararajan,05:04,Tamil,03-05-2020,0.88,0.61,0.522,0.2,-13.326,0.0796,125.558,1,0,0.0124,4,52,364897,2020
Sirage Illatha Poonkuruvi,Harish,/artist/harish,05:00,Tamil,09-04-2008,0.94,0.065,0.371,0.571,-7.75,0.0409,180.006,0,10,0.05,4,81,4309073,2008
Oru Thai Makkal Naam,T.M. Soundararajan|Chorus,/artist/tm-soundararajan|/artist/chorus,03:59,Tamil,11-01-2003,0.25,0.81,0.826,0.4,-12.248,0.089,175.948,0,10,0.03,4,100,5472271,2003
Muruga Muruga,K.B. Sundarambal,/artist/kb-sundarambal,01:55,Tamil,04-07-2003,0.24,0.227,0.447,0.473,-10.175,0.017,204.108,1,8,0.06,4,80,6562185,2003
Sundelikkum Sundelikkum,M.S. Rajeswari,/artist/ms-rajeswari,02:58,Tamil,01-03-2021,0.98,0.34,0.396,0.4,-12.257,0.064,171.853,0,4,0.07,4,93,3783404,2021
Ennai Theriyuma,T M S Selvakumar,/artist/t-m-s-selvakumar,03:38,Tamil,09-05-2021,0.21,0.363,0.484,0.686,-12.975,0.03,145.052,1,6,0.0647,4,47,9281281,2021
Maharaja Oru Maharani,T.M. Soundararajan|Pattom Sadan|Shobha,/artist/tm-soundararajan|/artist/pattom-sadan|/artist/shobha,03:01,Tamil,12-10-2004,0.78,0.084,0.041,0.782,-4.907,0.007,118.67,1,0,0.08,4,76,8162292,2004
Aththai Magal,P. Susheela,/artist/p-suseela-2,03:36,Tamil,01-04-2009,0.61,0.75,0.842,0.4,-11.972,0.0115,129.979,1,5,0.0134,4,35,9174178,2009
Gnayiru Oli Mazhaiyil,Kamal Haasan,/artist/kamal-haasan,03:28,Tamil,06-04-2006,0.37,0.971,0.258,0.259,-9.106,0.081,165.111,1,8,0.068,4,96,6680499,2006
Kalaiyae En Vaazhkkayin,A. M. Rajah|P Suhseela,/artist/a-m-rajah-1|/artist/p-suhseela,03:13,Tamil,09-04-2020,0.31,0.83,0.044,0.2,-11.856,0.0369,129.828,1,1,0.02,4,58,8651413,2020
Vanakkam,P. Susheela|T.M. Soundararajan,/artist/p-suseela-2|/artist/tm-soundararajan,05:58,Tamil,10-10-2022,0.12,0.129,0.44,0.924,-4.363,0.1,202.283,0,5,0.0174,4,99,10512267,2022
Malai Ponnana,K J Yesudas|Vani Jairam,/artist/k-j-yesudas|/artist/vani-jayaram,04:38,Tamil,02-09-2020,0.68,0.96,0.703,0.2,-13.526,0.097,110.181,0,5,0.0868,4,46,986006,2020
Oru Parvai,S. P. Balasubrahmanyam|K.Swarna,/artist/s-p-balasubrahamanyam|/artist/kswarna,04:42,Tamil,03-12-2004,0.77,0.221,0.413,0.291,-12.098,0.0462,177.379,0,1,0.01,4,89,598169,2004
Aayiram malargal paniyil,Deepan Chakravarthy|Sasirekha,/artist/deepan-chakravarthy|/artist/sasirekha,04:52,Tamil,10-04-2022,0.51,0.182,0.328,0.732,-3.668,0.09,108.024,1,5,0.0484,4,56,4217080,2022
Iravil Vantha,T.M. Soundararajan|S.V. Ponnusamy,/artist/tm-soundararajan|/artist/sv-ponnusamy-14,03:16,Tamil,06-04-2021,0.21,0.33,0.47,0.5,-4.498,0.1,119.985,0,2,0.0787,4,68,2844366,2021
Malare Kurunji Malare,K J Yesudas|S. Janaki,/artist/k-j-yesudas|/artist/s-janaki,03:29,Tamil,02-12-2020,0.17,0.863,0.68,0.833,-6.484,0.062,140.011,0,5,0.08,4,63,11191767,2020
Paal Nilavu,P. Jayachandran,/artist/p-jayachandran-1,04:39,Tamil,12-02-2024,0.69,0.423,0.15,0.14,-11.391,0.03,185.982,1,2,0.095,4,88,10134396,2024
Ammamma Katruvanthu,P. Susheela,/artist/p-suseela-2,03:22,Tamil,04-02-2001,0.97,0.89,0.764,0.0,-3.031,0.0947,201.952,1,7,0.097,4,98,4510187,2001
Vasantham Paadi Vara (S.P.B),S. P. Balasubrahmanyam,/artist/s-p-balasubrahamanyam,04:47,Tamil,04-02-2009,0.24,0.38,0.707,0.101,-13.746,0.0377,148.016,1,5,0.0293,4,56,358267,2009
Naan Oru Ponnoviyam,S. Janaki|S. P. Balasubrahmanyam,/artist/s-janaki|/artist/s-p-balasubrahamanyam,05:41,Tamil,06-03-2006,0.61,0.45,0.324,0.3,-10.996,0.014,162.032,0,1,0.0359,4,43,4662352,2006
Oppiliappan Suprabhatham & Songs,Syamala Sivaraman,/artist/syamala-sivaraman,22:41,Tamil,12-07-2001,0.2,0.31,0.893,0.1,-8.974,0.043,196.086,1,0,0.0797,4,73,10840317,2001
Nenjil Ulla,P. Jayachandran,/artist/p-jayachandran-1,04:22,Tamil,12-08-2008,0.19,0.908,0.807,0.426,-9.28,0.021,186.116,0,4,0.08,4,64,6923479,2008
Oru Vellai,S. Janaki,/artist/s-janaki,04:40,Tamil,04-08-2005,0.35,0.69,0.373,0.6,-3.899,0.06,123.039,1,1,0.0765,4,45,3150217,2005
Odi Vilaiyaadu,Gajalakshmi|Sirkazhi Govindarajan|Meerabai,/artist/gajalakshmi|/artist/sirkazhi-govindarajan|/artist/meerabai,03:45,Tamil,09-03-2004,0.65,0.207,0.342,0.746,-6.905,0.09,186.022,1,2,0.07,4,75,1939360,2004
Annan Kaattiya,T.M. Soundararajan,/artist/tm-soundararajan,04:48,Tamil,06-11-2021,0.87,0.986,0.226,0.683,-5.272,0.0264,195.872,0,10,0.004,4,91,1876468,2021
Pakkathil Vanthalenna,S. Janaki|S. P. Balasubrahmanyam,/artist/s-janaki|/artist/s-p-balasubrahamanyam,04:21,Tamil,04-12-2001,0.74,0.16,0.624,1.0,-4.724,0.032,164.662,1,7,0.0455,4,41,8494913,2001
Paar Magale Paar (2),T.M. Soundararajan,/artist/tm-soundararajan,05:01,Tamil,07-06-2001,0.03,0.92,0.179,0.188,-6.441,0.0809,171.524,1,1,0.0154,4,28,8232239,2001
Vaa Vaadhiyaare,Manorama,/artist/manorama,03:07,Tamil,01-07-2007,0.64,0.62,0.657,0.7,-10.423,0.075,140.034,1,7,0.0809,4,47,4866744,2007
Varudangalakkumun,Bro D.G.S. Dhinakaran,/artist/bro-dgs-dhinakaran-46,01:08,Tamil,12-01-2004,0.34,0.847,0.167,0.693,-4.587,0.1,129.014,0,10,0.0492,4,96,5891577,2004
Yaarivano,S. P. Balasubrahmanyam,/artist/s-p-balasubrahamanyam,04:50,Tamil,11-06-2001,0.22,0.56,0.23,0.4,-4.931,0.06,168.032,1,11,0.0883,4,73,7341380,2001
Kannurangu,K J Yesudas,/artist/k-j-yesudas,04:02,Tamil,11-11-2001,0.94,0.931,0.316,0.47,-11.407,0.0796,181.494,0,1,0.04,4,53,4671987,2001
Idhaya Vaanin,A. M. Rajah|P Suhseela,/artist/a-m-rajah-1|/artist/p-suhseela,03:26,Tamil,07-10-2008,0.99,0.05,0.938,0.3,-12.314,0.01,129.974,1,9,0.0,4,92,2946410,2008
Ulavum Thendral,Jikki|Tiruchi Loganathan,/artist/jikki|/artist/tiruchi-loganathan,03:24,Tamil,07-11-2005,0.13,0.502,0.177,0.465,-8.159,0.0081,180.024,1,1,0.027,4,36,8949755,2005
Kangalal,P Suhseela|K J Yesudas,/artist/p-suhseela|/artist/k-j-yesudas,05:05,Tamil,02-04-2006,0.77,0.088,0.314,0.005,-13.638,0.081,207.134,1,7,0.09,4,28,6002535,2006
Kali dasan kanna dasan,P. Jayachandran|P. Susheela,/artist/p-jayachandran-1|/artist/p-suseela-2,04:42,Tamil,07-01-2005,0.23,0.513,0.769,0.063,-6.929,0.061,180.036,1,1,0.0842,4,64,3489683,2005
Ponnaithedia Pinnale,T.M. Soundararajan,/artist/tm-soundararajan,03:14,Tamil,03-06-2001,0.85,0.523,0.768,0.679,-8.054,0.0095,200.044,1,4,0.006,4,64,4392323,2001
Thalaiva Thavapputhalva,P. Radha|M.R. Vijaya,/artist/p-radha-2|/artist/mr-vijaya-16,03:32,Tamil,02-10-2008,0.04,0.292,0.899,0.524,-10.689,0.015,117.716,1,1,0.0239,4,42,9633772,2008
Yeriyile,Ilaiyaraaja|S. Janaki,/artist/iiaiyaraaja|/artist/s-janaki,04:46,Tamil,05-07-2005,0.04,0.81,0.442,0.008,-7.014,0.044,204.024,1,6,0.07,4,56,10557244,2005
Ennai Theriyalaiya,J. P. Chandrababu,/artist/j-p-chandrababu-1,03:24,Tamil,03-03-2006,0.45,0.069,0.649,0.012,-2.722,0.0049,203.962,1,8,0.01,4,58,3680636,2006
Yamuna Nathi Ingey,P. Susheela|S. P. Balasubrahmanyam,/artist/p-suseela-2|/artist/s-p-balasubrahamanyam,04:25,Tamil,11-10-2002,0.84,0.101,0.171,0.917,-2.549,0.021,176.108,0,10,0.086,4,41,2130865,2002
Naa Unna Nenachi Urugi,K J Yesudas|P. Susheela,/artist/k-j-yesudas|/artist/p-suseela-2,04:39,Tamil,11-01-2005,1.0,0.287,0.576,0.702,-8.721,0.05,181.556,1,8,0.0611,4,27,8512554,2005
Ithazhodu Ithazh Serum,K J Yesudas|Sasirekha,/artist/k-j-yesudas|/artist/sasirekha,04:36,Tamil,08-03-2007,0.98,0.43,0.464,0.5,-12.196,0.065,122.996,1,1,0.08,4,81,9849462,2007
Pokkiriku Pokkiri Raja,Malaysia Vasudevan|S. Janaki,/artist/malaysia-vasudevan|/artist/s-janaki,04:40,Tamil,05-04-2005,0.1,0.01,0.785,0.2,-7.636,0.079,168.662,1,2,0.04,4,67,977158,2005
Pallavi Ellamal Padukeran - 1,S. P. Balasubrahmanyam,/artist/s-p-balasubrahamanyam,03:00,Tamil,06-01-2004,0.84,0.78,0.873,0.9,-8.201,0.0555,174.967,1,9,0.019,4,56,2232395,2004
Iravukkum Pagalukkum,T.M. Soundararajan|P. Susheela,/artist/tm-soundararajan|/artist/p-suseela-2,04:08,Tamil,07-06-2002,0.24,0.375,0.195,0.801,-9.018,0.076,184.058,1,11,0.082,4,73,7273517,2002
Ponmaanai Thedi,Malaysia Vasudevan,/artist/malaysia-vasudevan,04:18,Tamil,01-01-2020,0.68,0.845,0.504,0.596,-9.616,0.0317,199.19,1,0,0.0681,4,98,11144767,2020
Naane Naana.,Vani Jairam,/artist/vani-jayaram,04:27,Tamil,02-12-2021,0.45,0.89,0.904,0.9,-13.461,0.04,180.134,1,0,0.0075,4,46,2235345,2021
Manithan,T M S Selvakumar,/artist/t-m-s-selvakumar,04:37,Tamil,04-07-2006,0.6,0.43,0.299,0.6,-3.288,0.0197,192.004,0,11,0.0834,4,35,2494723,2006
Thein Paayum,P. Jayachandran|Vani Jairam,/artist/p-jayachandran-1|/artist/vani-jayaram,04:34,Tamil,01-08-2020,0.19,0.754,0.605,0.705,-13.282,0.04,144.006,1,0,0.071,4,50,8415576,2020
Oru Minnal Pole,Ramesh,/artist/ramesh,03:00,Tamil,06-04-2006,1.0,0.33,0.171,0.6,-12.579,0.0551,191.024,1,1,0.04,4,37,5927746,2006
Kalaiyodu Kalanthathu,M.L. Vasanthakumari,/artist/ml-vasanthakumari,03:08,Tamil,10-01-2007,0.64,0.03,0.648,0.3,-13.363,0.0451,197.988,1,1,0.095,4,46,2681793,2007
Vaada En,S. P. Sailaja,/artist/s-p-sailaja-2,04:19,Tamil,11-01-2007,0.35,0.467,0.077,0.886,-4.957,0.06,186.397,1,2,0.035,4,75,8376903,2007
Kathal Ennum Kovil,P. Jayachandran,/artist/p-jayachandran-1,02:59,Tamil,03-01-2023,0.6,0.19,0.528,0.4,-6.425,0.038,192.184,1,1,0.04,4,62,9530474,2023
Anbu Megame,S. P. Balasubrahmanyam,/artist/s-p-balasubrahamanyam,03:08,Tamil,11-05-2005,0.89,0.54,0.41,0.6,-10.217,0.094,140.08,0,10,0.0432,4,41,1050298,2005
Annachi Veatti,T.M. Soundararajan|Sirkazhi Govindarajan|A.L. Raghavan|L.R. Eswari,/artist/tm-soundararajan|/artist/sirkazhi-govindarajan|/artist/al-raghavan-1|/artist/lr-eswari-2,07:02,Tamil,04-05-2009,0.35,0.66,0.621,0.7,-4.89,0.0463,145.015,0,4,0.01,4,55,5752255,2009
Engalathu Bhoomi,J. P. Chandrababu|Manorama|P. Susheela|Kovai Soundarajan,/artist/j-p-chandrababu-1|/artist/manorama|/artist/p-suseela-2|/artist/kovai-soundaraj,05:46,Tamil,05-09-2000,0.73,0.25,0.853,0.1,-6.086,0.01,181.97,0,9,0.091,4,84,5061260,2000
Vizhiyele Malarndadhu,S. P. Balasubrahmanyam,/artist/s-p-balasubrahamanyam,04:23,Tamil,10-10-2007,0.32,0.13,0.495,0.0,-8.912,0.0,145.86,0,6,0.087,4,73,5207985,2007
Nalla Manam Vaazhga,K J Yesudas,/artist/k-j-yesudas,03:26,Tamil,11-04-2005,0.44,0.79,0.469,0.7,-13.383,0.064,123.091,0,9,0.03,4,71,2812858,2005
Thoongaatha Kannendru Ondru,T.M. Soundararajan|P. Susheela,/artist/tm-soundararajan|/artist/p-suseela-2,04:00,Tamil,05-02-2003,0.32,0.326,0.619,0.225,-5.738,0.0442,110.002,1,5,0.057,4,27,4593556,2003
Sri Venkatesa Suprabadham,C. Lalitha - C. Saroja,/artist/c-lalitha-c-saroja,22:26,Tamil,10-01-2023,0.35,0.83,0.443,0.7,-13.791,0.0925,134.93,0,9,0.0621,4,38,8637076,2023
Solaigal Ellaam Pookalai Thoova  2,S. P. Balasubrahmanyam|K. S. Chithra,/artist/s-p-balasubrahamanyam|/artist/chitra,05:03,Tamil,02-09-2004,0.88,0.052,0.65,0.721,-7.657,0.04,157.542,1,2,0.047,4,51,9218617,2004
Anbu Meghame,P Suhseela|S. P. Balasubrahmanyam,/artist/p-suhseela|/artist/s-p-balasubrahamanyam,03:12,Tamil,11-04-2002,0.77,0.93,0.169,0.7,-3.089,0.06,173.994,1,2,0.0014,4,92,3027085,2002
Vaan Nila Nila (Pathos),P. Susheela,/artist/p-suseela-2,01:05,Tamil,05-01-2006,0.5,0.79,0.477,0.1,-7.745,0.0778,162.987,0,11,0.0153,4,33,3672401,2006
Kaaki Chattai,S. Janaki|Mano,/artist/s-janaki|/artist/mano,04:19,Tamil,05-06-2003,0.73,0.472,0.837,0.771,-5.203,0.0025,140.005,1,7,0.02,4,89,1516080,2003
Pavazhakkodiyile,T.M. Soundararajan|P. Susheela,/artist/tm-soundararajan|/artist/p-suseela-2,05:00,Tamil,06-06-2006,0.33,0.77,0.744,0.2,-10.126,0.02,157.037,0,5,0.017,4,81,9257224,2006
Ondra Iranda,T.M. Soundararajan|P. Susheela,/artist/tm-soundararajan|/artist/p-suseela-2,03:43,Tamil,02-11-2005,0.73,0.968,0.728,0.404,-3.698,0.067,196.686,0,9,0.02,4,50,2016085,2005
Muththamizh Sonthangal,Vani Jairam|T.M. Soundararajan,/artist/vani-jayaram|/artist/tm-soundararajan,04:37,Tamil,05-01-2008,0.43,0.49,0.284,0.4,-7.194,0.014,154.971,1,5,0.04,4,26,570602,2008
Ondrum Ariyadha,T.M. Soundararajan,/artist/tm-soundararajan,04:41,Tamil,12-02-2000,0.31,0.565,0.556,0.062,-9.245,0.022,128.068,0,10,0.048,4,59,9782719,2000
Vallimalai Maankutti,T.M. Soundararajan|P. Susheela,/artist/tm-soundararajan|/artist/p-suseela-2,04:21,Tamil,12-02-2008,0.47,0.938,0.864,0.593,-8.028,0.0879,106.002,1,1,0.094,4,45,6836098,2008
Manmathan,Jolly Abraham,/artist/jolly-abraham,04:11,Tamil,07-10-2007,0.49,0.29,0.951,0.9,-6.985,0.0604,191.064,0,7,0.0967,4,29,1943163,2007
Iru Karam,Seergazhi G.Sivachidambaram,/artist/seergazhi-gsivachidambaram,07:52,Tamil,05-02-2020,0.01,0.916,0.096,0.126,-11.051,0.05,165.012,0,9,0.062,4,68,8601209,2020
Kathal Kadal Karaiyorama,C S Jayaraman|P Leela|P Suhseela,/artist/c-s-jayaraman|/artist/p-leela|/artist/p-suhseela,03:52,Tamil,04-02-2004,0.03,0.4,0.434,0.8,-2.423,0.066,165.022,1,8,0.05,4,32,10636882,2004
Enna Figure Enna Figure,S. P. Balasubrahmanyam,/artist/s-p-balasubrahamanyam,04:17,Tamil,10-01-2000,0.9,0.453,0.835,0.067,-13.498,0.056,129.935,0,6,0.075,4,91,9856339,2000
Naan Malarodu,P. Susheela|T.M. Soundararajan,/artist/p-suseela-2|/artist/tm-soundararajan,03:36,Tamil,10-04-2008,0.8,0.73,0.682,0.5,-2.012,0.02,138.014,1,0,0.03,4,49,9900122,2008
Nee Ennanna,P. Susheela|T.M. Soundararajan,/artist/p-suseela-2|/artist/tm-soundararajan,03:48,Tamil,08-04-2008,0.55,0.824,0.806,0.993,-6.706,0.06,153.223,1,8,0.04,4,49,2199579,2008
Nee Thottu Pesinal,P. Susheela,/artist/p-suseela-2,03:33,Tamil,02-11-2005,0.97,0.37,0.738,0.548,-2.722,0.06,144.959,1,11,0.0791,4,26,9167515,2005
Pirantha Naal,T.M. Soundararajan,/artist/tm-soundararajan,04:31,Tamil,07-12-2001,0.69,0.849,0.4,0.362,-11.037,0.03,169.074,1,1,0.09,4,38,1863925,2001
Katha Nayakan,P. Susheela|T.M. Soundararajan,/artist/p-suseela-2|/artist/tm-soundararajan,03:04,Tamil,12-06-2005,0.22,0.18,0.769,0.2,-3.223,0.0782,165.04,1,9,0.0046,4,39,8749812,2005
Naa Pudikkum Mapilatha_2,B.S.Sasirekha,/artist/bssasirekha-1,03:51,Tamil,05-11-2020,0.68,0.46,0.084,0.8,-7.587,0.064,141.986,1,2,0.0495,4,38,9383257,2020
Naanthandi Kaathi,P. Susheela|L.R. Eswari,/artist/p-suseela-2|/artist/lr-eswari-2,03:38,Tamil,11-07-2001,0.73,0.801,0.673,0.454,-10.199,0.021,193.956,1,9,0.0028,4,79,11212661,2001
Velanukku Moothavane,Sirkazhi Govindarajan,/artist/sirkazhi-govindarajan,03:23,Tamil,03-04-2022,0.41,0.334,0.986,0.762,-9.879,0.082,201.843,0,10,0.055,4,29,6204049,2022
Kurinji Malaril,Vani Jairam|S. P. Balasubrahmanyam,/artist/vani-jayaram|/artist/s-p-balasubrahamanyam,04:25,Tamil,01-03-2006,0.97,0.82,0.015,0.8,-12.897,0.03,164.1,1,10,0.099,4,49,10246495,2006
Thanga Magal,P. Susheela,/artist/p-suseela-2,03:16,Tamil,08-10-2020,0.5,0.291,0.546,0.818,-4.39,0.0,193.914,1,1,0.036,4,95,6673547,2020
Murugan Pamalai (Part 1),P. Susheela,/artist/p-suseela-2,29:31:00,Tamil,07-04-2000,0.75,0.249,0.398,0.163,-9.904,0.0,175.382,1,8,0.011,4,87,3411357,2000
Andanaal Njapakam,Major Sunderarajan|T.M. Soundararajan,/artist/major-sunderarajan|/artist/tm-soundararajan,05:27,Tamil,02-09-2007,0.98,0.93,0.249,0.3,-12.147,0.07,120.017,0,6,0.07,4,56,5003634,2007
En Arumai Kathalikku,T.M. Soundararajan,/artist/tm-soundararajan,03:33,Tamil,01-04-2021,0.05,0.275,0.236,0.852,-7.415,0.062,196.046,0,9,0.07,4,58,2564563,2021
Endrum Endrum Anandam,Malaysia Vasudevan,/artist/malaysia-vasudevan,04:28,Tamil,10-10-2002,0.0,0.16,0.001,0.3,-10.701,0.0467,188.148,0,4,0.051,4,41,1207613,2002
Vetrivel Veeravel Emmai Velum Alavu - StoryAndDialogues,Sivakumar|Sivaji Ganesan|Gemini Ganesan|Savitri|K. R. Vijaya|Jayalalithaa|Nagesh|Manorama|K. B. Sundarambal,/artist/sivakumar|/artist/sivaji-ganesan|/artist/gemini-ganesan|/artist/savitri|/artist/k-r-vijaya-1|/artist/jayalalithaa-5|/artist/nagesh|/artist/manorama|/artist/k-b-sundarambal-1,05:51,Tamil,09-06-2021,0.67,0.325,0.329,0.408,-13.023,0.0102,120.0,0,10,0.01,4,48,338933,2021
Massage Madhavi,L.R. Anjali|M.R. Chandran Babu|B.V.U. Raghupathy,/artist/lr-anjali|/artist/mr-chandran-babu-3|/artist/bvu-raghupathy-2,06:22,Tamil,07-02-2008,0.57,0.24,0.96,0.2,-8.133,0.074,136.04,0,7,0.088,4,34,142879,2008
Unnaitthan Naanarivaen,P. Susheela,/artist/p-suseela-2,03:24,Tamil,07-12-2007,0.68,0.072,0.383,0.233,-6.41,0.008,140.04,1,1,0.0608,4,37,6275399,2007
Kaviyamaa,C. S. Jayaraman|P. Susheela,/artist/c-s-jayaraman-1|/artist/p-suseela-2,05:36,Tamil,06-01-2024,0.33,0.886,0.063,0.439,-11.508,0.0597,139.929,1,11,0.08,4,60,296688,2024
Ninaivaale Silai Seithu,Vani Jairam|K J Yesudas,/artist/vani-jayaram|/artist/k-j-yesudas,04:38,Tamil,01-04-2006,0.04,0.015,0.266,0.742,-11.439,0.03,140.008,1,1,0.021,4,89,2952290,2006
Manasa Thirudiya,Tippu,/artist/tippu,02:49,Tamil,04-01-2001,0.84,0.92,0.668,0.2,-13.14,0.04,119.942,0,8,0.0,4,97,1220100,2001
Madhukkadalo,S. Janaki|P. Jayachandran,/artist/s-janaki|/artist/p-jayachandran-1,04:39,Tamil,12-01-2001,0.86,0.37,0.367,0.4,-5.025,0.0967,158.048,0,2,0.03,4,54,2777740,2001
Mattuvandi Salaiyile,Malaysia Vasudevan,/artist/malaysia-vasudevan,04:51,Tamil,03-11-2004,0.71,0.08,0.786,0.364,-8.201,0.1,181.48,1,1,0.01,4,28,9222350,2004
Vaddi Pulle,Mano,/artist/mano,07:12,Tamil,08-04-2003,0.7,0.24,0.42,0.2,-12.416,0.0841,167.328,1,10,0.0219,4,42,2542275,2003
Oram Po,Ilaiyaraaja,/artist/iiaiyaraaja,05:02,Tamil,04-07-2001,0.75,0.226,0.286,0.823,-5.202,0.09,164.16,0,0,0.064,4,37,1302883,2001
Amudha Mazhai,Thyagarajan,/artist/thyagarajan,04:06,Tamil,03-09-2020,0.77,0.866,0.137,0.997,-13.297,0.042,119.997,1,6,0.002,4,96,7546279,2020
Aadum Arul,Dr Sirkazhi G. Sivachidambaram|M L Vasanthakumari,/artist/dr-sirkazhi-g-sivachidambaram|/artist/m-l-vasanthakumari,06:25,Tamil,06-09-2003,0.4,0.74,0.51,0.6,-7.567,0.09,156.954,1,1,0.0164,4,34,6719114,2003
Kaettathu Kidaikkum,L.R. Eswari,/artist/lr-eswari-2,04:02,Tamil,11-02-2020,0.1,0.2,0.908,0.796,-3.65,0.08,194.018,1,8,0.03,4,45,6902256,2020
Mudhar Pillai,Sirkazhi Govindarajan,/artist/sirkazhi-govindarajan,03:12,Tamil,11-11-2005,0.54,0.575,0.646,0.459,-2.299,0.0868,138.023,0,9,0.0602,4,57,3957519,2005
Emmama Saappittan Paadhi,Mano|K. S. Chithra,/artist/mano|/artist/chitra,00:59,Tamil,04-03-2001,0.85,0.57,0.643,0.2,-4.288,0.07,107.949,1,4,0.0146,4,55,4098,2001
Thaane Thaane Thanthanathana,T.M. Soundararajan,/artist/tm-soundararajan,03:24,Tamil,08-04-2005,0.22,0.893,0.128,0.658,-12.328,0.03,120.08,1,11,0.05,4,70,4565466,2005
Pona Pogudu,S. P. Balasubrahmanyam|S. Janaki,/artist/s-p-balasubrahamanyam|/artist/s-janaki,04:19,Tamil,07-12-2020,0.25,0.683,0.184,0.54,-8.918,0.0376,160.052,1,8,0.0281,4,54,6187573,2020
Thanga Nilave,S. P. Balasubrahmanyam,/artist/s-p-balasubrahamanyam,04:55,Tamil,08-07-2021,0.08,0.571,0.512,0.14,-9.929,0.05,139.976,1,1,0.0549,4,43,6295115,2021
Ninaivo Oru,S. Janaki|Kamal Haasan,/artist/s-janaki|/artist/kamal-haasan,04:44,Tamil,01-07-2006,0.11,0.62,0.71,0.0,-2.887,0.01,129.633,1,0,0.0844,4,93,6093083,2006
Yezhisai Geethame,K J Yesudas|S. Janaki,/artist/k-j-yesudas|/artist/s-janaki,04:43,Tamil,09-05-2022,0.47,0.08,0.199,0.112,-11.679,0.0977,110.035,1,5,0.062,4,79,7316345,2022
I Want To Be A Rich Man,S. P. Balasubrahmanyam|S. Janaki,/artist/s-p-balasubrahamanyam|/artist/s-janaki,06:00,Tamil,08-11-2001,0.2,0.82,0.096,0.3,-9.835,0.09,109.987,1,9,0.076,4,91,11046684,2001
Love Is Fine,L.R. Eswari|Kanwar Ajit Singh,/artist/lr-eswari-2|/artist/kanwar-ajit-singh-13,03:35,Tamil,02-03-2008,0.19,0.07,0.384,0.794,-8.684,0.09,118.995,1,9,0.02,4,71,5255896,2008
Jagan Pugazhum,P Leela|P Suhseela,/artist/p-leela|/artist/p-suhseela,12:03,Tamil,04-12-2006,0.35,0.56,0.398,0.5,-11.842,0.0,110.006,0,11,0.006,4,74,4778301,2006
Kadal Alai,P. Jayachandran,/artist/p-jayachandran-1,04:23,Tamil,08-04-2008,0.79,0.623,0.127,0.35,-2.024,0.087,129.993,1,8,0.02,4,41,2989976,2008
Azhagana Pullimanea,K J Yesudas,/artist/k-j-yesudas,05:01,Tamil,11-06-2002,0.28,0.57,0.583,0.1,-3.026,0.026,131.951,1,1,0.08,4,56,5099647,2002
Velli Chalangai,T.M. Soundararajan|P. Susheela,/artist/tm-soundararajan|/artist/p-suseela-2,04:31,Tamil,12-08-2023,0.87,0.295,0.809,0.284,-8.744,0.02,129.965,0,0,0.063,4,30,8965383,2023
Chinna Chinna Kanna,S. Janaki,/artist/s-janaki,04:17,Tamil,09-11-2003,0.49,0.0,0.09,0.7,-10.286,0.09,145.978,1,1,0.09,4,81,3150247,2003
Naattula Veettula,T. K. S. Natarajan,/artist/t-k-s-natarajan-1,05:00,Tamil,12-05-2020,0.32,0.826,0.438,0.966,-4.175,0.01,110.03,1,1,0.093,4,82,2144280,2020
Yaara Sottamal,Vani Jairam,/artist/vani-jayaram,04:42,Tamil,02-04-2006,0.31,0.8,0.931,0.1,-2.975,0.0616,179.978,0,6,0.0751,4,26,1898508,2006
Pournami Neram,S. P. Balasubrahmanyam,/artist/s-p-balasubrahamanyam,05:04,Tamil,10-04-2009,0.42,0.123,0.963,0.166,-11.897,0.0429,205.864,1,8,0.006,4,93,3045483,2009
Paranthaalum,S. Janaki|S. P. Balasubrahmanyam,/artist/s-janaki|/artist/s-p-balasubrahamanyam,05:35,Tamil,01-02-2008,0.24,0.65,0.956,0.0,-5.241,0.08,150.004,0,10,0.079,4,30,10998473,2008
Iravukku Aayiram,P. Susheela,/artist/p-suseela-2,03:38,Tamil,09-10-2020,0.07,0.99,0.102,0.192,-11.565,0.0212,136.938,1,1,0.019,4,33,10473326,2020
Naanatchi Seithuvarum,P. Susheela,/artist/p-suseela-2,02:31,Tamil,04-08-2001,0.38,0.63,0.285,0.2,-4.008,0.0385,182.164,0,10,0.0729,4,71,6669208,2001
Aalayam,S. Janaki|S. P. Balasubrahmanyam,/artist/s-janaki|/artist/s-p-balasubrahamanyam,03:43,Tamil,07-07-2005,0.36,0.38,0.287,0.1,-8.045,0.075,119.935,0,9,0.0,4,81,3978323,2005
Vallimalai Podhigaimalai,P. Susheela,/artist/p-suseela-2,04:26,Tamil,05-07-2008,0.56,0.462,0.457,0.694,-9.425,0.068,196.034,0,7,0.053,4,81,8111366,2008
Ne Varuvaai Ena Naan - Ver 1,Kalyani Menon,/artist/kalyani-menon,03:53,Tamil,12-10-2022,0.38,0.041,0.815,0.478,-4.442,0.053,145.023,1,8,0.062,4,83,9087598,2022
Vasantham Paadi Vara (S.P.B),S. P. Balasubrahmanyam,/artist/s-p-balasubrahamanyam,04:47,Tamil,06-01-2021,0.07,0.96,0.343,0.6,-4.775,0.042,180.056,1,1,0.08,4,81,11264481,2021
Vaadi Pulle,Malaysia Vasudevan|Manorama,/artist/malaysia-vasudevan|/artist/manorama,03:55,Tamil,08-04-2009,0.2,0.85,0.547,0.3,-10.54,0.004,160.066,1,1,0.01,4,70,4931492,2009
Look Love Me Dear - Ven Megame,S. P. Balasubrahmanyam|Sasirekha,/artist/s-p-balasubrahamanyam|/artist/sasirekha,04:35,Tamil,01-02-2002,0.15,0.864,0.618,0.047,-4.601,0.064,105.022,1,2,0.0763,4,91,3669204,2002
Kuththu Vilakkeria,T.M. Soundararajan|P. Susheela,/artist/tm-soundararajan|/artist/p-suseela-2,03:42,Tamil,07-09-2023,0.01,0.1,0.0,0.3,-2.352,0.0396,139.872,1,1,0.07,4,64,10228851,2023
Thalaiva,Vairamuthu,/artist/vairamuthu,05:06,Tamil,09-12-2002,0.72,0.851,0.854,0.752,-2.735,0.009,139.951,0,10,0.05,4,84,8457325,2002
Bhagvad Geeta Chapters - Part - 2 2 And 3,Swami Ranganathananda|M. Balamuralikrishna,/artist/swami-ranganathananda|/artist/m-balamuralikrishna-1,19:46,Tamil,12-01-2004,0.34,0.46,0.779,0.078,-13.057,0.0108,124.998,0,3,0.067,4,50,4485431,2004
Kavi Thaigal Veeriyum Viziyele,S. P. Balasubrahmanyam|S. Janaki,/artist/s-p-balasubrahamanyam|/artist/s-janaki,06:00,Tamil,07-07-2007,0.01,0.53,0.328,0.8,-2.347,0.001,130.004,0,10,0.09,4,94,4083210,2007
Yesu Bala,Helen Satya|Betty Prince,/artist/helen-satya|/artist/betty-prince,03:22,Tamil,07-12-2022,0.73,0.87,0.693,0.5,-13.27,0.07,195.946,1,2,0.02,4,85,3801902,2022
Andavanai Paarkanum Avanukku,S. P. Balasubrahmanyam,/artist/s-p-balasubrahamanyam,04:33,Tamil,05-12-2008,0.64,0.483,0.506,0.134,-4.002,0.02,119.989,0,1,0.01,4,72,3557138,2008
Kaanagathulle,Ramani,/artist/ramani,04:31,Tamil,03-02-2007,0.28,0.897,0.155,0.665,-3.408,0.0607,184.054,0,4,0.0636,4,46,4969868,2007
Kaliyaatha Kalviyum,Sirkazhi Govindarajan,/artist/sirkazhi-govindarajan,02:55,Tamil,09-06-2009,0.52,0.87,0.144,0.3,-13.556,0.06,166.064,0,5,0.07,4,100,5240485,2009
Thudikindrathe Indha Roja,Lalitha Sagari,/artist/lalitha-sagari,04:47,Tamil,10-09-2000,0.91,0.247,0.051,0.334,-13.461,0.09,170.142,1,2,0.002,4,44,7558535,2000
Arugil Vaarai (Va Va),P. Susheela,/artist/p-suseela-2,03:28,Tamil,03-07-2009,0.1,0.79,0.931,0.3,-6.143,0.059,130.049,1,1,0.04,4,99,8544672,2009
En Mugam Theriyuthaa,Soolamangalam Sisters,/artist/soolamangalam-sisters,04:44,Tamil,10-12-2023,1.0,0.183,0.027,0.37,-2.009,0.082,143.294,1,2,0.009,4,37,2330961,2023
Ennai Kathai Cholla Sonna,S. P. Balasubrahmanyam,/artist/s-p-balasubrahamanyam,04:17,Tamil,08-05-2005,0.76,0.395,0.329,0.022,-10.476,0.1,112.02,1,1,0.07,4,46,2929101,2005
Sonnal Innikkuthu,Rajee|S. P. Balasubrahmanyam,/artist/rajee|/artist/s-p-balasubrahamanyam,04:31,Tamil,11-04-2004,0.58,0.5,0.024,0.0,-6.971,0.0,159.984,0,1,0.091,4,34,5154202,2004
Paadu Thendrale,Vani Jairam|P. Jayachandran,/artist/vani-jayaram|/artist/p-jayachandran-1,04:47,Tamil,03-02-2004,0.26,0.206,0.72,0.883,-4.563,0.0455,155.083,1,7,0.07,4,25,6966382,2004
Erra Errani,S. P. Balasubrahmanyam|S. P. Sailaja,/artist/s-p-balasubrahamanyam|/artist/s-p-sailaja-2,04:17,Tamil,12-04-2020,0.91,0.1,0.232,0.6,-7.408,0.0,176.015,1,1,0.0138,4,100,8691859,2020
Azhagiya Kodiye Aadadi,S. P. Balasubrahmanyam,/artist/s-p-balasubrahamanyam,04:43,Tamil,12-02-2020,0.65,0.6,0.102,0.19,-6.596,0.07,150.003,1,2,0.0208,4,63,3970834,2020
Annai Madiyil,Uma Raman,/artist/uma-raman,02:50,Tamil,10-09-2009,0.49,0.74,0.109,0.7,-12.116,0.0416,134.724,1,10,0.02,4,66,9927802,2009
Aathula Vellam Vara,Malaysia Vasudevan|Vani Jairam,/artist/malaysia-vasudevan|/artist/vani-jayaram,04:03,Tamil,11-02-2008,0.75,0.463,0.923,0.144,-7.305,0.054,120.037,1,7,0.04,4,68,2672565,2008
Thuyilaadha Penn,A. M. Rajah|P. Susheela,/artist/a-m-rajah-1|/artist/p-suseela-2,03:06,Tamil,04-03-2006,0.14,0.72,0.051,0.7,-2.359,0.0793,121.99,0,0,0.094,4,54,2525915,2006
Naan Alavodu,P Suhseela|T M S Selvakumar,/artist/p-suhseela|/artist/t-m-s-selvakumar,03:48,Tamil,03-01-2009,0.98,0.784,0.838,0.674,-4.089,0.048,180.036,0,9,0.0885,4,73,848812,2009
Oru Naal Unnodu Orunaal,S. Janaki|S. P. Balasubrahmanyam,/artist/s-janaki|/artist/s-p-balasubrahamanyam,04:08,Tamil,05-06-2001,0.72,0.26,0.451,0.2,-8.65,0.023,119.918,0,0,0.093,4,69,7255290,2001
Vasantha Kaalangal,P. Jayachandran|Chorus,/artist/p-jayachandran-1|/artist/chorus,04:50,Tamil,10-02-2009,0.43,0.193,0.834,0.342,-9.424,0.0435,193.954,0,1,0.0944,4,27,7061093,2009
Vasantham Paadi Vara (S. Janaki),S. Janaki,/artist/s-janaki,04:47,Tamil,07-03-2020,0.18,0.47,0.24,0.5,-8.182,0.04,180.048,1,1,0.0671,4,91,10185248,2020
Thaaipparavai,Bhanumathi Ramakrishna,/artist/bhanumathi-ramakrishna,03:25,Tamil,04-03-2008,0.38,0.05,0.738,0.5,-10.004,0.02,186.072,0,11,0.089,4,75,6063687,2008
Paarvai Ondre Pothume,L.R. Eswari|T.M. Soundararajan,/artist/lr-eswari-2|/artist/tm-soundararajan,04:22,Tamil,10-01-2021,0.81,0.33,0.724,0.1,-11.349,0.01,190.01,0,1,0.0546,4,88,1219955,2021
Muzhu Muthar Porule,T.R. Mahalingam,/artist/tr-mahalingam,03:17,Tamil,03-03-2003,0.9,0.57,0.401,0.3,-6.772,0.0218,135.14,1,0,0.02,4,52,7122162,2003
Music Bit,Not Applicable,/artist/not-applicable,00:53,Tamil,08-04-2022,0.46,0.553,0.717,0.337,-3.59,0.05,140.888,0,10,0.0754,4,66,4242897,2022
Siruppu Paadhi,P.B. Sreenivas,/artist/pb-sreenivas,02:45,Tamil,02-06-2008,0.94,0.04,0.118,1.0,-3.504,0.015,183.678,0,4,0.0152,4,34,3975855,2008
Chinna Chinna Pappa,P. Susheela,/artist/p-suseela-2,04:24,Tamil,12-02-2005,0.99,0.908,0.927,0.986,-8.797,0.094,179.881,0,1,0.014,4,72,4889824,2005
Srimad Bhagavad Gita Chapters - Xi/Xii/Xiii/Xv/Xviii,Asha Nath,/artist/asha-nath,19:39,Tamil,07-03-2021,0.5,0.81,0.736,1.0,-4.807,0.08,157.036,1,0,0.0378,4,32,3998637,2021
Vaanam Keezhe Vanthal Enna 1,S. P. Balasubrahmanyam,/artist/s-p-balasubrahamanyam,05:58,Tamil,05-03-2005,0.26,0.183,0.519,0.977,-6.939,0.093,143.772,1,1,0.09,4,46,4000087,2005
Om Aadhi Parasakthi,T.M. Soundararajan,/artist/tm-soundararajan,03:13,Tamil,01-01-2005,0.55,0.37,0.524,0.965,-2.197,0.05,143.144,1,0,0.079,4,87,10295875,2005
Mariyannai,L.R. Eswari,/artist/lr-eswari-2,04:43,Tamil,12-07-2004,0.1,0.348,0.948,0.539,-6.615,0.04,140.124,1,7,0.0335,4,26,377836,2004
Madini Madini,Malaysia Vasudevan|P Suhseela,/artist/malaysia-vasudevan|/artist/p-suhseela,04:39,Tamil,03-02-2004,0.28,0.94,0.14,0.2,-11.05,0.09,157.938,0,0,0.039,4,42,7483960,2004
Thenuram Ragam - Ii,S. Janaki,/artist/s-janaki,01:00,Tamil,09-09-2009,0.59,0.88,0.488,0.8,-10.795,0.044,126.998,0,10,0.065,4,76,4147318,2009
Sorgatthin Thirappuvaizha,Vani Jairam|K J Yesudas,/artist/vani-jayaram|/artist/k-j-yesudas,03:26,Tamil,08-02-2002,0.19,0.988,0.187,0.073,-3.017,0.03,116.985,0,11,0.02,4,80,3635254,2002
Madhana Kamarajanukku,P. Susheela,/artist/p-suseela-2,03:16,Tamil,12-12-2002,0.3,0.069,0.939,0.409,-5.675,0.01,119.437,0,1,0.032,4,94,10100368,2002
Vasantha Kaalangal,P. Jayachandran|Chorus,/artist/p-jayachandran-1|/artist/chorus,04:50,Tamil,07-11-2008,0.5,0.999,0.213,0.539,-7.99,0.03,132.805,1,7,0.0726,4,44,10073785,2008
Paadinaal Oru Paattu,T.M. Soundararajan|P.B. Sreenivas,/artist/tm-soundararajan|/artist/pb-sreenivas,04:18,Tamil,08-08-2020,0.0,0.965,0.933,0.04,-5.837,0.065,180.054,0,4,0.03,4,51,8685764,2020
Karunai Kadale - Psusheela,P. Susheela,/artist/p-suseela-2,03:04,Tamil,02-01-2003,0.89,0.382,0.242,0.277,-10.309,0.06,183.911,0,5,0.05,4,83,2656366,2003
Velundu,Vani Jairam,/artist/vani-jayaram,04:52,Tamil,05-07-2001,0.03,0.823,0.031,0.417,-9.08,0.0097,148.165,1,0,0.0448,4,76,2598385,2001
Aaseervadhiyum Karthare,Bharathi Paul,/artist/bharathi-paul,03:08,Tamil,08-04-2001,0.2,0.26,0.7,0.6,-2.201,0.04,192.918,0,2,0.05,4,69,1261592,2001
Kunguma Pottin Mangalam,T.M. Soundararajan|P. Susheela,/artist/tm-soundararajan|/artist/p-suseela-2,03:44,Tamil,06-02-2005,0.61,0.361,0.616,0.31,-8.514,0.1,199.986,0,10,0.0879,4,40,5717175,2005
Aathangarai,P. Jayachandran|S. Janaki,/artist/p-jayachandran-1|/artist/s-janaki,04:17,Tamil,12-03-2022,0.42,0.36,0.465,1.0,-10.361,0.0275,129.971,0,10,0.091,4,41,2269597,2022
Azhagana Pattu Poochi,Malaysia Vasudevan|Vani Jairam,/artist/malaysia-vasudevan|/artist/vani-jayaram,05:10,Tamil,04-04-2003,0.6,0.917,0.331,0.727,-11.786,0.08,178.301,0,9,0.049,4,83,2848071,2003
Neerveezhchi Thee Muttuthey,S. Janaki,/artist/s-janaki,04:18,Tamil,06-03-2006,0.63,0.5,0.065,0.9,-12.971,0.084,186.62,0,0,0.044,4,58,4130697,2006
Pannendu,S. P. Balasubrahmanyam|S. Janaki,/artist/s-p-balasubrahamanyam|/artist/s-janaki,05:09,Tamil,12-08-2004,0.54,0.265,0.542,0.185,-11.42,0.0938,178.084,0,10,0.0415,4,53,4704937,2004
Chinnanchiriya Vannapparavai,S. Janaki|T.M. Soundararajan,/artist/s-janaki|/artist/tm-soundararajan,05:53,Tamil,03-09-2009,0.07,0.46,0.695,0.7,-10.025,0.037,190.156,1,0,0.005,4,41,4990385,2009
Vaazhkkai Ennum,K.B. Sundarambal,/artist/kb-sundarambal,03:27,Tamil,12-09-2003,0.69,0.169,0.617,0.298,-5.995,0.085,186.04,1,1,0.0353,4,77,683668,2003
Kalyaaname,Vani Jairam,/artist/vani-jayaram,04:25,Tamil,03-08-2003,0.26,0.25,0.386,0.3,-12.81,0.09,168.102,0,7,0.024,4,35,8451455,2003
Enakkoru Vedivelli,M. S. Viswanathan,/artist/m-s-viswanathan-2,04:36,Tamil,03-09-2005,0.57,0.369,0.685,0.801,-5.062,0.09,164.122,1,1,0.064,4,61,1596061,2005
Aadaatha Manamum,P. Susheela|A. M. Rajah,/artist/p-suseela-2|/artist/a-m-rajah-1,03:35,Tamil,03-11-2005,0.23,0.691,0.763,0.678,-7.7,0.032,161.238,1,0,0.063,4,48,10663302,2005
Alaana Chinnapponnu,Jency Antony|Jolly Abraham,/artist/jency-antony|/artist/jolly-abraham,04:46,Tamil,12-05-2003,0.49,0.3,0.676,0.3,-12.021,0.0802,182.964,1,8,0.1,4,31,3475905,2003
Odam Nadhiyinile,Sirkazhi Govindarajan,/artist/sirkazhi-govindarajan,03:22,Tamil,11-04-2000,0.63,0.153,0.548,0.639,-10.458,0.0071,192.24,0,9,0.067,4,75,10352511,2000
Chandrodhayam,T.M. Soundararajan|P. Susheela,/artist/tm-soundararajan|/artist/p-suseela-2,04:53,Tamil,03-04-2020,0.92,0.538,0.639,0.57,-5.689,0.088,117.966,0,10,0.1,4,54,9032210,2020
Aananthamanathu,K J Yesudas,/artist/k-j-yesudas,04:31,Tamil,07-03-2006,0.27,0.62,0.356,0.9,-7.053,0.0967,170.502,0,11,0.099,4,94,1450440,2006
Kaalai Illangathir,Sirkazhi Govindarajan,/artist/sirkazhi-govindarajan,06:02,Tamil,05-09-2009,0.25,0.203,0.862,0.743,-6.451,0.06,189.93,1,1,0.01,4,44,9533600,2009
Ennamma Ponnamma,T.M. Soundararajan,/artist/tm-soundararajan,03:06,Tamil,12-01-2008,0.16,0.28,0.84,0.3,-6.115,0.0914,184.162,1,1,0.0605,4,38,987473,2008
Ennammaa,L.R. Eswari|T.M. Soundararajan,/artist/lr-eswari-2|/artist/tm-soundararajan,04:39,Tamil,02-04-2006,0.2,0.585,0.69,0.731,-2.876,0.023,181.788,1,9,0.025,4,91,2087528,2006
Varungala Mannargale,S. P. Balasubrahmanyam,/artist/s-p-balasubrahamanyam,02:49,Tamil,04-02-2005,0.87,0.65,0.795,0.8,-2.55,0.05,193.0,1,0,0.0297,4,88,1604495,2005
Thangamayam,Sirkazhi Govindarajan,/artist/sirkazhi-govindarajan,03:01,Tamil,09-08-2003,0.4,0.245,0.149,0.084,-2.7,0.05,106.534,1,2,0.07,4,31,2093072,2003
V,S. P. Balasubrahmanyam|S. Janaki,/artist/s-p-balasubrahamanyam|/artist/s-janaki,04:35,Tamil,06-07-2006,0.58,0.85,0.115,0.5,-6.223,0.089,105.932,1,0,0.0071,4,94,10468369,2006
Kunguma Pottin,T.M. Soundararajan,/artist/tm-soundararajan,03:38,Tamil,08-03-2020,0.94,0.322,0.693,0.015,-5.542,0.05,140.124,0,0,0.06,4,68,3714492,2020
Unnai Nambi Aval,P.B. Sreenivas,/artist/pb-sreenivas,03:14,Tamil,03-03-2006,0.87,0.7,0.841,0.1,-9.245,0.09,187.088,1,1,0.087,4,73,237716,2006
Kaathal Sarithirathai,P. Susheela|T.M. Soundararajan,/artist/p-suseela-2|/artist/tm-soundararajan,04:37,Tamil,10-01-2009,0.44,0.647,0.431,0.135,-7.96,0.0197,170.594,0,1,0.02,4,30,2647014,2009
Unai Etthanai,S. P. Balasubrahmanyam|P Suhseela,/artist/s-p-balasubrahamanyam|/artist/p-suhseela,05:17,Tamil,01-03-2002,0.28,0.36,0.428,0.7,-5.564,0.0316,191.72,1,1,0.074,4,88,5774895,2002
Konjum Kili,A.L. Raghavan,/artist/al-raghavan-1,01:05,Tamil,05-06-2020,0.39,0.006,0.519,0.632,-10.414,0.08,174.558,1,2,0.072,4,65,8077634,2020
Nenjil Ulla,P. Jayachandran,/artist/p-jayachandran-1,04:20,Tamil,11-03-2020,0.52,0.9,0.812,0.6,-7.074,0.02,190.59,1,4,0.0417,4,67,378579,2020
Anbu Nadamaadum,P. Susheela|T.M. Soundararajan,/artist/p-suseela-2|/artist/tm-soundararajan,05:01,Tamil,09-12-2008,0.95,0.534,0.546,0.443,-3.12,0.03,145.869,1,10,0.046,4,74,8738440,2008
Vaasamilla,S. P. Balasubrahmanyam,/artist/s-p-balasubrahamanyam,04:51,Tamil,11-11-2022,0.8,0.8,0.585,0.347,-8.512,0.0615,140.068,0,11,0.03,4,29,10756764,2022
Poovai Oru Poo,S. P. Balasubrahmanyam|P. Susheela,/artist/s-p-balasubrahamanyam|/artist/p-suseela-2,05:19,Tamil,07-01-2003,0.68,0.25,0.621,0.1,-6.336,0.02,134.93,1,4,0.088,4,80,10813706,2003
I Am A Little Star,S. Janaki,/artist/s-janaki,04:56,Tamil,08-12-2005,1.0,0.535,0.158,0.058,-4.539,0.0929,168.456,0,1,0.068,4,85,1164477,2005
Paruvame,S. P. Balasubrahmanyam|S. Janaki,/artist/s-p-balasubrahamanyam|/artist/s-janaki,04:16,Tamil,04-12-2022,0.19,0.76,0.753,0.5,-10.962,0.0294,149.462,0,3,0.037,4,96,10465657,2022
Vellai Manam Konda,Swarna|T.M. Soundararajan,/artist/swarna|/artist/tm-soundararajan,03:49,Tamil,09-03-2023,0.17,0.6,0.354,0.903,-3.596,0.05,185.894,0,4,0.058,4,85,10340229,2023
Eththanai Muthukkal,P. Jayachandran,/artist/p-jayachandran-1,03:51,Tamil,12-07-2022,0.77,0.24,0.422,0.6,-11.734,0.0955,169.921,1,1,0.1,4,40,9892243,2022
Harerama Harekrishna,M. S. Viswanathan,/artist/m-s-viswanathan-2,03:02,Tamil,05-02-2003,0.04,0.187,0.535,0.136,-9.944,0.0217,150.684,1,5,0.04,4,57,10200022,2003
Pera Orani,T.M. Soundararajan|P. Madhuri,/artist/tm-soundararajan|/artist/p-madhuri-1,06:38,Tamil,07-09-2008,0.62,0.558,0.578,0.891,-12.631,0.083,120.036,1,1,0.063,4,96,4299937,2008
Malare Malare Mounam Enna,S. Janaki,/artist/s-janaki,04:31,Tamil,10-03-2022,0.29,0.84,0.534,0.2,-10.273,0.008,196.956,0,4,0.02,4,85,10012842,2022
Raja Vaada,S. Janaki|P. Jayachandran,/artist/s-janaki|/artist/p-jayachandran-1,04:17,Tamil,09-03-2008,0.02,0.837,0.199,0.75,-4.971,0.01,134.306,1,1,0.023,4,97,239480,2008
Yen Rasathi Nee Vazhanum,S. P. Balasubrahmanyam|K. S. Chithra,/artist/s-p-balasubrahamanyam|/artist/chitra,05:49,Tamil,08-07-2005,0.67,0.78,0.488,0.1,-6.724,0.05,139.892,1,2,0.024,4,47,7647840,2005
Yaematrathey Yaematrathey,T M S Selvakumar,/artist/t-m-s-selvakumar,05:03,Tamil,01-04-2002,0.01,0.187,0.322,0.243,-5.82,0.03,199.992,1,7,0.0453,4,56,9363510,2002
Vennila Vaanil,T.M. Soundararajan,/artist/tm-soundararajan,03:55,Tamil,09-06-2008,0.65,0.48,0.787,0.1,-13.72,0.0605,158.06,1,1,0.041,4,87,6888041,2008
En Aaruyire,S. Janaki|P.B. Sreenivas,/artist/s-janaki|/artist/pb-sreenivas,03:42,Tamil,10-01-2023,0.26,0.844,0.601,0.223,-3.874,0.07,197.898,0,9,0.017,4,69,4185410,2023
Podachonnal,Manorama|T.M. Soundararajan|A.L. Raghavan,/artist/manorama|/artist/tm-soundararajan|/artist/al-raghavan-1,05:36,Tamil,10-02-2007,0.89,0.76,0.932,0.3,-3.413,0.026,121.918,1,10,0.0182,4,41,10040985,2007
Padhinaaru Vayathinile,P Suhseela,/artist/p-suhseela,04:52,Tamil,07-04-2002,0.06,0.46,0.249,0.4,-5.137,0.043,140.001,0,1,0.04,4,35,1531658,2002
Sa Ri Ga Ma (Kaviyathil Ezhuthiya),S. Varalakshmi|P. Susheela,/artist/s-varalakshmi-1|/artist/p-suseela-2,02:38,Tamil,09-03-2006,0.0,0.75,0.979,0.9,-9.676,0.011,205.758,1,10,0.02,4,80,3235290,2006
Muthu Radhamo,P. Jayachandran|Vani Jairam,/artist/p-jayachandran-1|/artist/vani-jayaram,02:49,Tamil,12-01-2020,0.43,0.135,0.172,0.452,-10.694,0.04,170.02,1,0,0.071,4,80,11027296,2020
Maranthe Pochchu,S. P. Balasubrahmanyam|L.R. Eswari,/artist/s-p-balasubrahamanyam|/artist/lr-eswari-2,03:35,Tamil,10-12-2003,0.15,0.446,0.464,0.77,-4.693,0.019,156.06,1,1,0.0,4,37,5456775,2003
Sannadhiyil Nindru,P. Jayachandran,/artist/p-jayachandran-1,05:32,Tamil,01-04-2020,0.92,0.669,0.383,0.821,-2.864,0.028,144.016,1,0,0.0002,4,88,1747116,2020
Iravin Madiyil,P.B. Sreenivas,/artist/pb-sreenivas,03:36,Tamil,03-12-2004,0.56,0.86,0.423,0.3,-2.908,0.073,125.033,1,9,0.049,4,52,686463,2004
Naan Nadrisolven,P. Susheela|M. S. Viswanathan,/artist/p-suseela-2|/artist/m-s-viswanathan-2,03:32,Tamil,01-12-2020,0.68,0.65,0.91,0.3,-10.461,0.03,139.977,1,2,0.04,4,71,4691416,2020
Kanni Vannam,S. P. Balasubrahmanyam|Vani Jairam,/artist/s-p-balasubrahamanyam|/artist/vani-jayaram,04:07,Tamil,09-04-2007,0.9,0.078,0.344,0.153,-2.418,0.012,127.996,0,7,0.0175,4,29,7187765,2007
Yaarum Thunaiyillalye,Angnes Davidson,/artist/angnes-davidson,02:59,Tamil,12-04-2002,0.86,0.14,0.997,0.6,-9.142,0.1,120.044,1,1,0.06,4,58,10066392,2002
Naan Padithaen Kanjiyle,T.M. Soundararajan,/artist/tm-soundararajan,06:04,Tamil,04-12-2004,0.39,0.817,0.79,0.193,-11.331,0.042,127.741,0,3,0.0542,4,88,9838328,2004
Andavane Aingarane,Seergazhi G.Sivachidambaram,/artist/seergazhi-gsivachidambaram,04:20,Tamil,07-04-2002,0.04,0.56,0.544,0.3,-3.141,0.03,133.999,1,7,0.036,4,38,867566,2002
Kaiyodu Kaiserkkum,P. Susheela,/artist/p-suseela-2,03:26,Tamil,03-01-2002,0.03,0.34,0.219,0.8,-6.992,0.0882,104.986,1,1,0.0727,4,71,481002,2002
Oli Padaitha Kanninai - Mssubbulakshmi,M.S. Subbulakshmi,/artist/ms-subbulakshmi,02:53,Tamil,03-05-2007,0.45,0.37,0.749,0.8,-2.75,0.02,130.032,1,9,0.0454,4,47,2204988,2007
Unmai,Vani Jairam,/artist/vani-jayaram,04:11,Tamil,08-08-2020,0.34,0.106,0.079,0.277,-3.175,0.078,179.934,1,6,0.03,4,33,7225550,2020
Ragangal Padhnaaru,S. P. Balasubrahmanyam,/artist/s-p-balasubrahamanyam,04:06,Tamil,03-12-2008,0.84,0.32,0.423,0.9,-4.756,0.058,148.021,0,1,0.05,4,64,10401090,2008
Udalukku Uyirkaaval,P.B. Sreenivas,/artist/pb-sreenivas,03:47,Tamil,06-11-2007,0.64,0.66,0.491,0.372,-13.444,0.0682,156.947,0,1,0.071,4,51,11261990,2007
Poonthendrale,P. Jayachandran|Vani Jairam,/artist/p-jayachandran-1|/artist/vani-jayaram,04:07,Tamil,09-01-2022,0.08,0.84,0.963,0.9,-5.354,0.01,180.051,0,10,0.04,4,100,173341,2022
Medaiyil Aadidum,S. P. Balasubrahmanyam|Vani Jairam,/artist/s-p-balasubrahamanyam|/artist/vani-jayaram,04:34,Tamil,08-01-2009,0.27,0.1,0.059,0.4,-12.172,0.01,200.094,1,2,0.0282,4,63,8609445,2009
Solai Kkuyilae,S. P. Sailaja,/artist/s-p-sailaja-2,04:09,Tamil,08-02-2004,0.12,0.85,0.295,0.4,-2.444,0.06,144.042,0,8,0.035,4,43,795872,2004
Panam Ennada,T.M. Soundararajan,/artist/tm-soundararajan,03:51,Tamil,03-03-2023,0.53,0.123,0.831,0.346,-12.323,0.061,109.846,0,0,0.088,4,31,10520497,2023
Eraiva Un Maaligaiyil,P. Susheela,/artist/p-suseela-2,04:04,Tamil,08-03-2023,0.21,0.75,0.868,0.9,-10.257,0.0906,105.503,0,10,0.052,4,70,3647920,2023
Vaadi Patti Sandhaiyale,T.K.S.Natarajan|Uma Ramanan,/artist/tksnatarajan|/artist/uma-ramanan-1,04:16,Tamil,06-11-2005,0.72,0.662,0.97,0.615,-9.306,0.03,129.913,0,6,0.0063,4,48,9678143,2005
Kaathal Enthan Meethil,T.M. Soundararajan|P. Susheela,/artist/tm-soundararajan|/artist/p-suseela-2,03:45,Tamil,05-10-2021,0.17,0.961,0.605,0.124,-8.648,0.085,160.081,0,10,0.0473,4,65,1440515,2021
Vadai Maalai,Dr.Seerkazhi S.Govindarajan|Vijayaramani,/artist/drseerkazhi-sgovindarajan|/artist/vijayaramani,06:27,Tamil,03-11-2020,0.43,0.59,0.613,0.6,-11.485,0.022,123.968,1,1,0.031,4,89,9910533,2020
Idhazhe Idhazhe,S. P. Balasubrahmanyam,/artist/s-p-balasubrahamanyam,04:33,Tamil,05-11-2000,0.28,0.75,0.223,0.0,-7.832,0.06,155.964,0,10,0.01,4,89,5306373,2000
Marappu Potta Ponne,Malaysia Vasudevan|P. Susheela,/artist/malaysia-vasudevan|/artist/p-suseela-2,04:30,Tamil,04-03-2001,0.12,0.425,0.928,0.406,-9.48,0.031,138.971,0,11,0.029,4,67,10804909,2001
Kuthu Vizhakaga,S. P. Balasubrahmanyam|S. Janaki,/artist/s-p-balasubrahamanyam|/artist/s-janaki,04:22,Tamil,02-04-2005,0.26,0.54,0.727,0.1,-6.277,0.05,173.34,0,10,0.042,4,32,6337288,2005
Un Kannil Neeranen,P. Jayachandran,/artist/p-jayachandran-1,04:47,Tamil,10-11-2002,0.23,0.78,0.587,0.7,-8.669,0.04,160.948,1,1,0.05,4,47,9624957,2002
Vaada En,S. P. Sailaja,/artist/s-p-sailaja-2,04:19,Tamil,06-11-2002,0.3,0.997,0.758,0.002,-3.237,0.01,184.04,1,2,0.078,4,59,712162,2002
Kannan Mananilaiyai,S. Janaki,/artist/s-janaki,05:26,Tamil,08-05-2009,0.87,0.425,0.736,0.646,-3.987,0.02,146.04,0,8,0.07,4,76,6046080,2009
Sindhanayil Medaikatti,Sarala|Sirkazhi Govindarajan,/artist/sarala|/artist/sirkazhi-govindarajan,03:14,Tamil,10-03-2004,0.71,0.301,0.563,0.931,-13.811,0.086,172.552,1,8,0.051,4,25,10221359,2004
Oru Naal Iravu - With Dialogues,Gemini Ganesan|P. Susheela,/artist/gemini-ganesan|/artist/p-suseela-2,04:27,Tamil,12-10-2002,0.99,0.443,0.858,0.793,-7.821,0.1,186.728,1,2,0.06,4,85,9086578,2002
Kaathal Enbathu,K J Yesudas|P. Susheela,/artist/k-j-yesudas|/artist/p-suseela-2,04:04,Tamil,12-12-2006,0.17,0.65,0.684,0.8,-4.5,0.0771,135.056,1,0,0.0677,4,32,1666651,2006
Engal Kathai,S. P. Balasubrahmanyam,/artist/s-p-balasubrahamanyam,04:14,Tamil,10-02-2020,0.96,0.92,0.241,0.0,-9.968,0.087,160.073,0,0,0.0846,4,34,3796681,2020
Nooru Murai,T M S Selvakumar,/artist/t-m-s-selvakumar,05:21,Tamil,01-07-2021,0.23,0.684,0.128,0.767,-6.49,0.056,170.009,0,2,0.048,4,98,8821627,2021
Happy Indrumudal Happy,P. Susheela|T.M. Soundararajan,/artist/p-suseela-2|/artist/tm-soundararajan,04:34,Tamil,11-09-2003,0.97,0.93,0.554,0.5,-2.896,0.0428,203.983,0,10,0.04,4,91,5970352,2003
Orunaal Iravil,P. Susheela,/artist/p-suseela-2,04:05,Tamil,07-09-2022,0.67,0.516,0.876,0.121,-13.395,0.0055,176.554,1,8,0.092,4,31,11307919,2022
Maargazhi Paniyal,S. P. Balasubrahmanyam,/artist/s-p-balasubrahamanyam,04:44,Tamil,04-04-2008,0.63,0.569,0.185,0.578,-6.821,0.0809,134.972,0,9,0.0627,4,86,5444242,2008
Ada Yaaro,S. P. Balasubrahmanyam,/artist/s-p-balasubrahamanyam,04:36,Tamil,02-11-2020,0.63,0.73,0.386,0.8,-11.885,0.08,171.968,1,1,0.0401,4,50,9124331,2020
Yesu Nasaraiyin,Bro D.G.S. Dhinakaran,/artist/bro-dgs-dhinakaran-43,04:05,Tamil,02-07-2001,0.87,0.47,0.373,0.7,-9.919,0.016,174.12,0,11,0.05,4,50,7521021,2001
Aavaram Poovu,S. Janaki,/artist/s-janaki,04:24,Tamil,01-02-2002,0.96,0.824,0.368,0.401,-4.893,0.0208,182.956,1,1,0.1,4,89,2884630,2002
Tholin Azhagadiyo,Vani Jairam,/artist/vani-jayaram,09:23,Tamil,01-08-2001,0.27,0.1,0.712,0.4,-13.003,0.0519,183.968,1,1,0.08,4,45,1255631,2001
Vasantham Paadi Vara (S.P.B),S. P. Balasubrahmanyam,/artist/s-p-balasubrahamanyam,04:47,Tamil,04-08-2004,0.77,0.74,0.078,0.871,-7.748,0.03,184.034,1,7,0.0012,4,56,10204475,2004
Melody Medley,M. S. Viswanathan,/artist/m-s-viswanathan-2,02:08,Tamil,07-02-2006,0.14,0.68,0.733,0.5,-9.176,0.077,183.01,1,0,0.0508,4,78,4113616,2006
Aathadi Mariamma,Sirkazhi Govindarajan,/artist/sirkazhi-govindarajan,03:32,Tamil,05-08-2002,0.75,0.757,0.436,0.17,-2.252,0.0855,130.025,1,8,0.0681,4,65,9129044,2002
Un Paarvai,Vani Jairam|P. Jayachandran,/artist/vani-jayaram|/artist/p-jayachandran-1,04:17,Tamil,06-12-2001,0.91,0.494,0.142,0.997,-7.52,0.0059,192.006,1,1,0.07,4,87,4461432,2001
Ithuthan Muthal Raaththiri,Vani Jairam|K J Yesudas,/artist/vani-jayaram|/artist/k-j-yesudas,04:18,Tamil,03-03-2001,0.14,0.172,0.588,0.433,-10.595,0.0546,169.262,1,0,0.03,4,75,5118467,2001
Vaa Vaa Kuttappa,L.R. Eswari,/artist/lr-eswari-2,03:42,Tamil,11-09-2001,0.89,0.763,0.248,0.171,-9.35,0.03,170.453,1,1,0.027,4,26,7574800,2001
Malar Edhu,P. Susheela,/artist/p-suseela-2,03:11,Tamil,08-01-2002,0.26,0.5,0.031,0.9,-6.077,0.1,182.788,1,9,0.031,4,26,315313,2002
Neramithu,P Suhseela|T M S Selvakumar,/artist/p-suhseela|/artist/t-m-s-selvakumar,04:33,Tamil,09-05-2006,0.16,0.676,0.295,0.936,-4.526,0.054,138.031,0,4,0.0537,4,57,8537818,2006
Ravikkai Selai,Vani Jairam|S. P. Balasubrahmanyam,/artist/vani-jayaram|/artist/s-p-balasubrahamanyam,04:32,Tamil,11-05-2005,0.0,0.5,0.209,0.4,-2.063,0.006,182.024,1,1,0.071,4,60,8813486,2005
Kangal Engey,P. Susheela|Chorus,/artist/p-suseela-2|/artist/chorus,04:04,Tamil,10-02-2003,0.28,0.499,0.445,0.608,-7.346,0.02,162.918,1,6,0.006,4,71,11340773,2003
Vanthal Maghalakshmiye,S. P. Balasubrahmanyam,/artist/s-p-balasubrahamanyam,04:31,Tamil,02-02-2001,0.23,0.26,0.333,1.0,-7.175,0.069,176.026,1,9,0.09,4,30,1423380,2001
Naanaga Naanillai Thaye 2,S. P. Balasubrahmanyam,/artist/s-p-balasubrahamanyam,04:32,Tamil,05-04-2008,0.39,0.547,0.103,0.65,-10.029,0.02,179.027,0,5,0.09,4,100,2887265,2008
Kudagu Malaikaadu,K J Yesudas,/artist/k-j-yesudas,05:12,Tamil,01-11-2005,0.95,0.05,0.039,0.6,-9.458,0.09,183.994,1,1,0.087,4,94,4895130,2005
Pengal Pol,P. Susheela,/artist/p-suseela-2,03:49,Tamil,03-03-2021,0.6,0.711,0.879,0.083,-4.752,0.035,179.906,0,10,0.0379,4,100,2907307,2021
Pilavunda Malaye,Bro D.G.S. Dhinakaran,/artist/bro-dgs-dhinakaran-40,03:41,Tamil,02-08-2004,0.4,0.94,0.55,0.1,-12.606,0.0946,176.302,1,0,0.02,4,51,9243549,2004
Kaliye Yen,P. Susheela,/artist/p-suseela-2,04:00,Tamil,12-04-2005,0.74,0.355,0.524,0.571,-13.855,0.01,151.722,1,1,0.0223,4,32,6114105,2005
Tharaimel Aadu (Mama Mama),S. Janaki|S. P. Balasubrahmanyam|K J Yesudas,/artist/s-janaki|/artist/s-p-balasubrahamanyam|/artist/k-j-yesudas,04:53,Tamil,07-02-2007,0.02,0.459,0.865,0.565,-8.196,0.09,185.032,0,10,0.041,4,67,8790691,2007
Kandangi Selaikatti,Malaysia Vasudevan|S. Janaki,/artist/malaysia-vasudevan|/artist/s-janaki,02:58,Tamil,02-01-2009,0.91,0.62,0.011,0.022,-10.58,0.03,189.656,0,10,0.0,4,25,8964891,2009
D,S. P. Balasubrahmanyam|S. Janaki,/artist/s-p-balasubrahamanyam|/artist/s-janaki,04:32,Tamil,11-11-2001,0.16,0.38,0.227,0.0,-8.688,0.094,176.149,0,8,0.0675,4,98,3945480,2001
En Kadhhal Kannmani,S. P. Balasubrahmanyam,/artist/s-p-balasubrahamanyam,03:33,Tamil,04-10-2003,0.02,0.7,0.6,0.1,-11.511,0.054,147.398,1,8,0.02,4,49,3042483,2003
Malanimele,T.M. Soundararajan,/artist/tm-soundararajan,03:07,Tamil,01-10-2009,0.83,0.02,0.926,0.7,-7.589,0.0991,120.981,0,11,0.0972,4,84,5306438,2009
Mayile Mayile,Jency|S. P. Balasubrahmanyam,/artist/jency|/artist/s-p-balasubrahamanyam,04:24,Tamil,05-02-2007,0.58,0.857,0.807,0.045,-12.71,0.022,135.082,1,5,0.0567,4,99,1010553,2007
Andanaal Njapakam With Dialogues,T M S Selvakumar,/artist/t-m-s-selvakumar,06:04,Tamil,01-09-2004,0.88,0.84,0.765,0.1,-12.785,0.06,196.112,1,8,0.097,4,28,2770365,2004
Odi Vilaiyaadu,Gajalakshmi|Sirkazhi Govindarajan|Meerabai,/artist/gajalakshmi|/artist/sirkazhi-govindarajan|/artist/meerabai,03:45,Tamil,02-05-2002,0.7,0.624,0.139,0.227,-7.662,0.071,159.966,1,1,0.01,4,99,2866703,2002
Kakkai Chiraginiley,K J Yesudas,/artist/k-j-yesudas,02:53,Tamil,12-10-2000,0.66,0.38,0.017,0.5,-2.134,0.0,151.963,1,9,0.06,4,84,9036773,2000
Chinnam Cheru Kiliye,Dr. Seerkazhi G. Sivachidambaram,/artist/dr-seerkazhi-g-sivachidambaram-18,02:56,Tamil,01-06-2022,0.5,0.743,0.176,0.832,-3.382,0.0382,125.182,1,0,0.0306,4,62,6893390,2022
Paattuppaadavaa,A. Chandrasekhar,/artist/a-chandrasekhar-1,03:00,Tamil,08-12-2021,0.61,0.832,0.557,0.364,-4.29,0.089,161.935,0,5,0.0613,4,80,3596762,2021
Aganita Tara,Bhaktha Swaraa Bhajan Mandali,/artist/bhaktha-swaraa-bhajan-mandali,07:05,Tamil,06-07-2005,0.39,0.96,0.204,0.04,-7.971,0.01,190.614,1,5,0.077,4,36,4221904,2005
Enna Chinnam,Malaysia Vasudevan,/artist/malaysia-vasudevan,05:42,Tamil,05-06-2021,0.15,0.8,0.021,0.2,-2.939,0.08,206.247,0,1,0.06,4,92,9354658,2021
Maanicka Thottil,T.M. Soundararajan|P. Susheela|L.R. Eswari,/artist/tm-soundararajan|/artist/p-suseela-2|/artist/lr-eswari-2,04:59,Tamil,09-04-2007,0.41,0.05,0.165,0.005,-13.703,0.0083,182.972,0,1,0.01,4,91,2681045,2007
Adhiyilirundha Varthai Dhano,G. I. Mohandas|Stella Paul,/artist/g-i-mohandas|/artist/stella-paul,03:01,Tamil,08-02-2001,0.38,0.37,0.863,0.9,-7.151,0.03,184.078,1,7,0.065,4,47,762775,2001
Theduhindra,Ambili,/artist/ambili,03:59,Tamil,05-09-2009,0.99,0.285,0.759,0.361,-4.459,0.0475,172.33,1,1,0.0811,4,40,4887618,2009
Thamizhilirunthu,P. Jayachandran,/artist/p-jayachandran-1,03:30,Tamil,09-04-2000,0.01,0.93,0.537,0.8,-11.352,0.0601,150.016,0,7,0.09,4,100,6661372,2000
Ammadi Edhu Enna Vidhi,Malaysia Vasudevan,/artist/malaysia-vasudevan,04:36,Tamil,01-01-2007,0.09,0.654,0.288,0.575,-3.281,0.02,163.242,1,8,0.03,4,32,5483124,2007
Maariyamma Maariyamma,Ramani|T. L. Maharajan,/artist/ramani|/artist/t-l-maharajan-1,04:42,Tamil,02-08-2000,0.15,0.842,0.571,0.853,-10.225,0.05,155.067,0,10,0.0305,4,42,432642,2000
Ammadi Ponnukku (Pathos),T.M. Soundararajan,/artist/tm-soundararajan,02:49,Tamil,06-07-2022,0.92,0.1,0.516,1.0,-13.011,0.01,116.04,0,10,0.03,4,88,11068020,2022
Kangalin Vaarthaigal,P. Susheela|A. M. Rajah,/artist/p-suseela-2|/artist/a-m-rajah-1,03:37,Tamil,01-05-2001,0.82,0.26,0.185,0.0,-2.283,0.009,118.016,1,2,0.0527,4,62,7586227,2001
Entha Pakkam,Malaysia Vasudevan,/artist/malaysia-vasudevan,03:20,Tamil,05-02-2009,0.04,0.82,0.876,0.04,-5.14,0.07,129.939,1,1,0.093,4,97,3260330,2009
Mandira Punnagaiye,Mano|Uma Ramanan,/artist/mano|/artist/uma-ramanan-1,04:56,Tamil,06-12-2007,0.56,0.73,0.837,0.7,-11.15,0.047,168.278,1,2,0.07,4,34,361603,2007
Orey Oru Ooriley,T.M. Soundararajan|A.L. Raghavan|L.R. Eswari,/artist/tm-soundararajan|/artist/al-raghavan-1|/artist/lr-eswari-2,08:06,Tamil,04-09-2009,0.4,0.12,0.353,0.8,-10.419,0.053,107.986,0,11,0.085,4,57,6291597,2009
Naaloru Medai,T.M. Soundararajan,/artist/tm-soundararajan,03:03,Tamil,07-03-2001,0.7,0.045,0.725,0.71,-9.998,0.0454,140.078,1,9,0.0903,4,71,3574170,2001
Yezhum Yezhum,T M S Selvakumar,/artist/t-m-s-selvakumar,04:28,Tamil,05-04-2007,0.05,0.07,0.367,1.0,-13.232,0.095,132.096,0,10,0.07,4,65,5129035,2007
Thaara Avarvaruvara,S. Janaki,/artist/s-janaki,03:35,Tamil,09-09-2022,0.31,0.85,0.834,0.4,-7.203,0.07,168.002,1,6,0.02,4,37,1153573,2022
Nee Kannil Vaazhum,B.S. Sasirekha,/artist/bs-sasirekha-1,04:51,Tamil,11-08-2008,0.9,0.57,0.255,0.6,-2.358,0.0713,137.601,0,11,0.053,4,42,11193216,2008
Nenjam Paadum,S. Janaki|S. P. Balasubrahmanyam,/artist/s-janaki|/artist/s-p-balasubrahamanyam,04:34,Tamil,05-03-2005,0.73,0.126,0.129,0.852,-8.887,0.03,206.056,0,4,0.0242,4,92,2072489,2005
Saranam Saranam,P. Jayachandran,/artist/p-jayachandran-1,03:43,Tamil,05-04-2021,0.71,0.49,0.231,0.8,-4.702,0.0281,195.8,0,6,0.0789,4,62,5156409,2021
Ponna Pirantha,T.M. Soundararajan,/artist/tm-soundararajan,04:09,Tamil,02-11-2005,0.14,0.87,0.229,0.2,-10.793,0.01,129.985,1,9,0.047,4,27,2391828,2005
Naan Pollathavan,S. P. Balasubrahmanyam,/artist/s-p-balasubrahamanyam,04:26,Tamil,05-06-2009,0.22,0.354,0.899,0.993,-3.576,0.08,118.028,0,9,0.0337,4,68,3635176,2009
Idhayam Irukkindrathe,T.M. Soundararajan,/artist/tm-soundararajan,04:17,Tamil,05-02-2003,0.46,0.86,0.985,0.9,-4.98,0.0872,145.355,1,1,0.0418,4,80,1944551,2003
Abiramiye,S. P. Balasubrahmanyam,/artist/s-p-balasubrahamanyam,04:58,Tamil,05-11-2008,0.3,0.069,0.889,0.47,-4.885,0.08,116.009,1,6,0.0379,4,64,2263863,2008
Seyyum Thozhilae,Jamuna Rani,/artist/jamuna-rani,03:15,Tamil,03-12-2005,0.22,0.08,0.539,0.5,-6.538,0.0386,160.07,1,7,0.02,4,41,9934533,2005
Kaalai Paniyil,Sujatha Mohan,/artist/sujatha,03:12,Tamil,05-01-2002,0.68,0.353,0.811,0.219,-13.917,0.0993,199.966,0,4,0.028,4,61,2015995,2002
Neeradi Vaa Thendrale,Dinesh,/artist/dinesh,07:14,Tamil,04-03-2009,0.7,0.04,0.656,0.9,-3.245,0.016,139.024,0,11,0.035,4,46,2744627,2009
Mongililaik Kaadukale,S. P. Balasubrahmanyam,/artist/s-p-balasubrahamanyam,04:34,Tamil,12-03-2007,0.24,0.409,0.871,0.564,-2.003,0.0198,118.03,0,1,0.0034,4,85,3532816,2007
Manmathane,S. P. Sailaja,/artist/s-p-sailaja-2,04:16,Tamil,12-09-2004,0.51,0.81,0.934,0.4,-7.976,0.0934,120.093,1,9,0.07,4,77,1742047,2004
Angey Varuvathu,S. Janaki|S. P. Balasubrahmanyam,/artist/s-janaki|/artist/s-p-balasubrahamanyam,03:25,Tamil,05-07-2009,0.78,0.411,0.923,0.891,-2.67,0.03,124.375,1,1,0.099,4,78,10036141,2009
Unathu Malar Kodiyile,P. Susheela|L.R. Eswari,/artist/p-suseela-2|/artist/lr-eswari-2,03:58,Tamil,09-02-2007,0.3,0.15,0.94,0.1,-4.121,0.044,174.644,1,11,0.091,4,94,1759423,2007
Seathi Keato,Jamuna Rani|Swarna|P. Susheela|S.C. Krishnan,/artist/jamuna-rani|/artist/swarna|/artist/p-suseela-2|/artist/sc-krishnan-58,04:05,Tamil,05-03-2023,0.02,0.43,0.753,0.56,-8.386,0.0251,130.153,1,1,0.0087,4,79,9604128,2023
Odakarai Manneduthu,S. Janaki,/artist/s-janaki,04:32,Tamil,11-06-2020,0.03,0.78,0.639,0.1,-3.708,0.092,192.882,0,1,0.0778,4,99,5084643,2020
Kundru Valar,Soolamangalam Sisters,/artist/soolamangalam-sisters,03:53,Tamil,04-10-2005,0.2,0.968,0.079,0.577,-11.247,0.0565,129.983,1,11,0.01,4,97,4148112,2005
Kanniyila Sikkathaiya,Ilaiyaraaja,/artist/iiaiyaraaja,04:18,Tamil,05-12-2009,0.26,0.44,0.53,0.4,-4.143,0.053,149.973,1,1,0.0636,4,85,2610061,2009
Arumbondru,Deepan Chakravarthy,/artist/deepan-chakravarthy,04:13,Tamil,03-06-2022,0.95,0.972,0.06,0.907,-12.427,0.067,184.402,1,0,0.049,4,81,5671216,2022
Aadal Paadal,S. Janaki,/artist/s-janaki,04:27,Tamil,09-04-2000,0.61,0.21,0.044,0.8,-6.976,0.081,125.021,1,2,0.08,4,76,4753517,2000
Ven Megame Oodiva,S. P. Balasubrahmanyam|Sasirekha,/artist/s-p-balasubrahamanyam|/artist/sasirekha,04:31,Tamil,04-10-2002,0.14,0.534,0.366,0.564,-12.075,0.08,190.38,1,7,0.0334,4,68,6691100,2002
Thokkanankuruvi,P. Susheela,/artist/p-suseela-2,03:26,Tamil,10-02-2021,0.65,0.46,0.663,0.879,-6.888,0.043,175.72,0,6,0.08,4,45,1495386,2021
Mariamman Samayapuram,T. L. Maharajan,/artist/t-l-maharajan-1,03:28,Tamil,02-06-2001,0.11,0.44,0.735,1.0,-12.774,0.0236,159.454,1,7,0.098,4,56,10015072,2001
Kadavul Padaicha Ulagam,S. P. Balasubrahmanyam,/artist/s-p-balasubrahamanyam,05:33,Tamil,02-09-2008,0.55,0.012,0.85,0.069,-6.119,0.0337,189.262,0,6,0.05,4,97,7364925,2008
Neram Vanthachu,T.M. Soundararajan|P. Susheela,/artist/tm-soundararajan|/artist/p-suseela-2,03:55,Tamil,02-05-2007,0.43,0.1,0.554,0.7,-3.946,0.03,181.744,0,4,0.01,4,75,1002615,2007
Neengatha Ennam,Malaysia Vasudevan|S. Janaki,/artist/malaysia-vasudevan|/artist/s-janaki,04:07,Tamil,01-12-2003,0.23,0.051,0.249,0.752,-7.093,0.044,172.329,1,6,0.0984,4,52,3983957,2003
Paalum Pazhamum - Story And Dialogues Part - 1,Sivaji Ganesan|B. Saroja Devi,/artist/sivaji-ganesan|/artist/b-saroja-devi-2,29:35:00,Tamil,01-09-2009,0.65,0.796,0.363,0.302,-9.412,0.03,169.561,1,7,0.083,4,91,9083002,2009
Paar Magale (Msv),M. S. Viswanathan,/artist/m-s-viswanathan-2,02:01,Tamil,10-10-2002,0.7,0.81,0.159,0.1,-10.7,0.094,169.884,0,5,0.01,4,64,9810355,2002
Kashmir Beautiful,T.M. Soundararajan,/artist/tm-soundararajan,07:27,Tamil,01-02-2006,0.69,0.027,0.047,0.639,-4.367,0.008,194.084,1,2,0.03,4,66,5451216,2006
Vandaar Kuzharkanni - Kukku Parakkum,radha jaya lakshmi,/artist/radha-jaya-lakshmi,03:02,Tamil,02-05-2021,0.48,0.58,0.965,0.5,-12.03,0.0078,118.996,1,1,0.06,4,50,7331375,2021
V,S. P. Balasubrahmanyam|S. Janaki,/artist/s-p-balasubrahamanyam|/artist/s-janaki,04:27,Tamil,03-04-2005,0.19,0.4,0.811,0.4,-11.456,0.01,190.156,1,1,0.041,4,51,9403522,2005
Malare Kurinji Malare,Soolamangalam Sisters,/artist/soolamangalam-sisters,05:01,Tamil,08-05-2005,0.64,0.77,0.465,0.761,-9.443,0.05,185.276,1,0,0.09,4,28,1897267,2005
Arivukku Virunthaagum,T.M. Soundararajan,/artist/tm-soundararajan,03:56,Tamil,07-10-2000,0.18,0.88,0.293,0.6,-12.019,0.0243,178.372,1,10,0.011,4,63,3062291,2000
Ah Engirundho Oru Kural,Vani Jairam,/artist/vani-jayaram,04:23,Tamil,07-09-2002,0.5,0.01,0.062,0.506,-10.847,0.05,193.984,1,2,0.0636,4,34,2770166,2002
Manamedai,P. Susheela,/artist/p-suseela-2,03:49,Tamil,02-07-2007,0.01,0.45,0.429,1.0,-8.183,0.04,174.961,1,1,0.088,4,98,7106922,2007
Gurubrahma,T M S Selvakumar,/artist/t-m-s-selvakumar,04:19,Tamil,12-05-2003,0.96,0.336,0.641,0.269,-11.477,0.053,166.022,1,9,0.054,4,33,11277305,2003
Pournami Nilavil,S. Janaki|S. P. Balasubrahmanyam,/artist/s-janaki|/artist/s-p-balasubrahamanyam,04:36,Tamil,01-07-2021,0.7,0.93,0.67,1.0,-10.764,0.093,159.264,1,1,0.042,4,67,2533840,2021
Thendral Kaatre Konjam Nillu,Nagore E.M. Hanifa,/artist/nagore-em-hanifa-46,03:16,Tamil,09-12-2002,0.17,0.931,0.869,0.566,-2.356,0.03,147.246,1,0,0.006,4,93,7000140,2002
Ettadukku Maaligaiyil,P. Susheela,/artist/p-suseela-2,04:02,Tamil,03-03-2020,0.78,0.12,0.848,1.0,-10.583,0.02,203.75,1,2,0.05,4,89,2971114,2020
Andhi Mayanguthadi,M.L. Vasanthakumari,/artist/ml-vasanthakumari,03:27,Tamil,09-03-2008,0.57,0.56,0.135,0.613,-4.569,0.05,206.86,0,5,0.039,4,31,2544826,2008
Azhagiya Kamalathil,P. Susheela,/artist/p-suseela-2,04:38,Tamil,11-07-2006,0.28,0.19,0.268,0.4,-6.932,0.05,184.572,0,5,0.05,4,46,5191892,2006
Adiye Ammakannu,S. P. Balasubrahmanyam,/artist/s-p-balasubrahamanyam,04:25,Tamil,09-01-2020,0.14,0.66,0.896,0.5,-13.656,0.07,178.258,0,0,0.0738,4,71,213755,2020
Ennada Pollaatha Vaazhikkai,S. P. Balasubrahmanyam,/artist/s-p-balasubrahamanyam,03:31,Tamil,01-06-2009,0.76,0.11,0.624,0.2,-8.826,0.0826,133.8,0,8,0.05,4,71,3841520,2009
Madhavi Ponmayilaal,T.M. Soundararajan,/artist/tm-soundararajan,06:22,Tamil,03-04-2024,0.19,0.216,0.283,0.024,-2.614,0.0307,193.906,1,2,0.017,4,94,2565730,2024
Mannulagil (Vinnil Thondrum),Vani Jairam,/artist/vani-jayaram,04:44,Tamil,08-06-2004,0.11,0.06,0.358,1.0,-4.593,0.083,179.24,1,1,0.0821,4,65,4910079,2004
Muthu Sippi,P. Susheela,/artist/p-suseela-2,04:13,Tamil,03-09-2022,0.97,0.611,0.233,0.007,-4.88,0.043,171.411,0,6,0.02,4,31,11162845,2022
Sorgamaa,Malaysia Vasudevan,/artist/malaysia-vasudevan,04:09,Tamil,02-09-2023,0.32,0.78,0.141,0.5,-9.768,0.068,133.177,1,1,0.0832,4,81,6325133,2023
Mayile Mayile,Jency|S. P. Balasubrahmanyam,/artist/jency|/artist/s-p-balasubrahamanyam,04:24,Tamil,11-02-2002,0.63,0.64,0.178,0.5,-11.218,0.082,184.416,1,8,0.06,4,55,5829496,2002
Kaatru Veliyidai,P. Susheela|P.B. Sreenivas,/artist/p-suseela-2|/artist/pb-sreenivas,03:44,Tamil,04-05-2002,0.13,0.94,0.378,0.8,-9.978,0.02,118.153,0,8,0.08,4,40,5546236,2002
Aayiram Pennami,P. Susheela|Chorus,/artist/p-suseela-2|/artist/chorus,03:34,Tamil,01-09-2020,0.3,0.422,0.319,0.488,-5.98,0.0481,141.034,1,1,0.094,4,48,2749740,2020
Chinnanchiru Kannan,M.S. Rajeswari|L.R. Eswari,/artist/ms-rajeswari|/artist/lr-eswari-2,03:34,Tamil,02-09-2009,0.08,0.981,0.781,0.849,-10.788,0.06,197.992,1,1,0.076,4,88,11385494,2009
Vasantha Ththil Orr Naal,P. Susheela,/artist/p-suseela-2,04:19,Tamil,01-01-2021,0.0,0.69,0.049,0.2,-11.851,0.049,179.817,1,1,0.0667,4,93,3954008,2021
Velundu,Vani Jairam,/artist/vani-jayaram,05:01,Tamil,04-11-2006,0.7,0.18,0.876,0.1,-10.32,0.0224,201.156,1,1,0.09,4,73,10870641,2006
Singara Thazhambo Pookindra,S. P. Balasubrahmanyam|S. P. Sailaja,/artist/s-p-balasubrahamanyam|/artist/s-p-sailaja-2,04:37,Tamil,05-09-2022,0.55,0.872,0.461,0.383,-7.004,0.015,108.081,1,11,0.0474,4,65,8369732,2022
Ninaikka Ninaikka,Sirkazhi Govindarajan,/artist/sirkazhi-govindarajan,04:05,Tamil,09-07-2004,0.35,0.79,0.532,0.2,-8.48,0.07,111.11,0,8,0.03,4,43,2553075,2004
Thithikkum,S. P. Balasubrahmanyam|S. P. Sailaja,/artist/s-p-balasubrahamanyam|/artist/s-p-sailaja-2,04:33,Tamil,12-11-2021,0.06,0.132,0.441,0.557,-3.349,0.027,104.536,1,1,0.024,4,26,10486637,2021
Oru Muttharatthil,P. Susheela,/artist/p-suseela-2,04:19,Tamil,05-03-2021,0.14,0.13,0.769,0.1,-2.099,0.026,199.556,1,8,0.05,4,48,8401504,2021
Kathal Swayamvaram,S. P. Sailaja,/artist/s-p-sailaja-2,04:33,Tamil,11-05-2022,0.01,0.581,0.215,0.67,-4.573,0.1,186.07,0,4,0.08,4,30,6327369,2022
Singaara Velane,S. Janaki|Karukurichi P. Arunachalam Nadaswaram,/artist/s-janaki|/artist/karukurichi-p-arunachalam-nadaswaram,05:53,Tamil,07-12-2006,0.14,0.956,0.512,0.043,-5.091,0.07,112.962,1,2,0.0127,4,85,4860979,2006
Devi Vantha Neram,S. P. Balasubrahmanyam|Vani Jairam,/artist/s-p-balasubrahamanyam|/artist/vani-jayaram,03:18,Tamil,02-02-2023,0.77,0.31,0.674,0.2,-6.258,0.1,129.999,1,11,0.087,4,43,6879252,2023
Kalyana Agathigal,P. Susheela,/artist/p-suseela-2,04:14,Tamil,12-06-2005,0.31,0.61,0.275,0.4,-9.716,0.09,184.142,1,8,0.02,4,86,9007291,2005
Thiruppathi Malayil,M. S. Viswanathan,/artist/m-s-viswanathan-2,04:18,Tamil,08-03-2008,0.22,0.44,0.809,0.1,-10.942,0.0444,175.756,1,8,0.0794,4,45,5934836,2008
Uruvaththaikkaattidum Kannaadi,P. Susheela,/artist/p-suseela-2,03:38,Tamil,03-02-2005,0.32,0.149,0.898,0.117,-7.226,0.03,129.87,0,11,0.01,4,43,2789410,2005
Vaazhumattum,S. P. Balasubrahmanyam,/artist/s-p-balasubrahamanyam,04:45,Tamil,03-04-2006,0.05,0.029,0.075,0.855,-10.65,0.0447,137.977,1,1,0.05,4,94,2237000,2006
Singaara Velane,S. Janaki|Karukurichi P. Arunachalam Nadaswaram,/artist/s-janaki|/artist/karukurichi-p-arunachalam-nadaswaram,05:05,Tamil,06-07-2006,0.82,0.91,0.263,0.6,-5.099,0.028,190.402,1,1,0.096,4,34,10961749,2006
Ival Oru Sundary,S. Janaki|S. P. Balasubrahmanyam,/artist/s-janaki|/artist/s-p-balasubrahamanyam,06:13,Tamil,05-08-2009,0.6,0.3,0.219,0.2,-6.694,0.07,185.426,0,0,0.094,4,52,10437946,2009
Sagara Sangamam,K. S. Chithra,/artist/chitra,04:20,Tamil,03-02-2002,0.94,0.989,0.538,0.477,-10.209,0.055,203.792,0,4,0.1,4,71,6315351,2002
Deepamayam,P. Jayachandran,/artist/p-jayachandran-1,04:58,Tamil,05-04-2008,0.32,0.15,0.006,0.7,-9.07,0.006,191.882,0,1,0.02,4,97,8643915,2008
Neeyo Naano,Jamuna Rani|P. Susheela|P.B. Sreenivas,/artist/jamuna-rani|/artist/p-suseela-2|/artist/pb-sreenivas,03:08,Tamil,05-07-2006,0.47,0.497,0.565,0.564,-7.118,0.0041,186.312,0,10,0.0446,4,66,3645739,2006
Illaiye Illaiye,S. P. Balasubrahmanyam|K.Swarna,/artist/s-p-balasubrahamanyam|/artist/kswarna,03:41,Tamil,02-12-2021,0.62,0.91,0.745,0.642,-5.348,0.016,106.28,0,8,0.02,4,44,5185321,2021
Ponnoonjal,P. Susheela,/artist/p-suseela-2,05:07,Tamil,03-04-2002,0.97,0.32,0.067,0.9,-5.72,0.07,195.076,1,1,0.0779,4,79,877419,2002
Kaalam Ponnaanathu,S. P. Balasubrahmanyam,/artist/s-p-balasubrahamanyam,03:26,Tamil,05-11-2022,0.82,0.78,0.495,0.6,-7.742,0.05,176.11,1,10,0.0795,4,52,10430189,2022
Manadhil Enna Mayakkam,T.M. Soundararajan|P. Susheela,/artist/tm-soundararajan|/artist/p-suseela-2,03:02,Tamil,06-05-2003,0.63,0.897,0.108,0.631,-5.68,0.09,149.999,1,1,0.02,4,91,1588786,2003
Ponmagal Vanthaal,T.M. Soundararajan,/artist/tm-soundararajan,03:53,Tamil,03-09-2004,0.38,0.34,0.911,0.8,-4.719,0.0864,135.959,1,1,0.008,4,95,6517579,2004
Ayiram Padhinayi Rangililum,V. Nataraja Mudaliar,/artist/v-nataraja-mudaliar-1,03:12,Tamil,02-04-2005,0.25,0.668,0.045,0.489,-13.474,0.05,180.068,1,6,0.094,4,86,3562404,2005
Muruga Muruga,Bhaktha Swaraa Bhajan Mandali,/artist/bhaktha-swaraa-bhajan-mandali,04:04,Tamil,12-09-2007,0.04,0.1,0.738,0.0,-11.322,0.0287,110.573,1,8,0.06,4,39,1805867,2007
Aadivelli,S. Janaki|P. Jayachandran,/artist/s-janaki|/artist/p-jayachandran-1,03:46,Tamil,02-10-2020,0.44,0.24,0.638,0.405,-6.772,0.012,110.066,0,10,0.095,4,65,8258840,2020
Sorgam Madhuvile,S. P. Balasubrahmanyam,/artist/s-p-balasubrahamanyam,04:34,Tamil,06-01-2008,0.74,0.35,0.14,0.2,-13.658,0.053,144.602,1,1,0.04,4,100,2227182,2008
Enna Kathai Cholla Sonna,K. S. Chithra,/artist/chitra,04:18,Tamil,06-10-2009,0.13,0.15,0.973,1.0,-6.844,0.063,175.006,0,11,0.004,4,29,2984525,2009
Vanthathu Nallathu,S. Janaki|S. P. Balasubrahmanyam,/artist/s-janaki|/artist/s-p-balasubrahamanyam,04:45,Tamil,02-04-2020,0.41,0.03,0.607,0.3,-13.188,0.064,120.046,0,10,0.04,4,61,1108274,2020
Naan Oru Ponnoviyam,S. P. Balasubrahmanyam|S. Janaki,/artist/s-p-balasubrahamanyam|/artist/s-janaki,05:41,Tamil,06-12-2007,0.95,0.025,0.787,0.751,-12.875,0.0391,159.981,0,0,0.045,4,32,409386,2007
Dhinasari Kalarai Parthathale,S. P. Balasubrahmanyam|S. Janaki,/artist/s-p-balasubrahamanyam|/artist/s-janaki,04:08,Tamil,02-07-2020,0.58,0.4,0.519,0.3,-7.637,0.0477,160.026,0,11,0.048,4,60,9049166,2020
Kanakambaram Poo Vangu,Sai Baba,/artist/sai-baba,06:13,Tamil,01-12-2006,0.66,0.87,0.511,0.1,-12.078,0.0946,200.046,0,8,0.074,4,57,619553,2006
M G R Annavin Ithayakkani,T.M. Soundararajan|M. R. Vijaya|Sri Pathi,/artist/tm-soundararajan|/artist/m-r-vijaya-1|/artist/sri-pathi,04:00,Tamil,09-10-2009,0.01,0.51,0.581,0.9,-12.569,0.04,185.858,1,11,0.0021,4,76,10491467,2009
Idhu Raaththiri Neram,S. P. Balasubrahmanyam|B.S. Sasirekha,/artist/s-p-balasubrahamanyam|/artist/bs-sasirekha-1,04:48,Tamil,01-11-2005,0.78,0.695,0.891,0.202,-7.288,0.05,120.452,1,7,0.08,4,83,9068724,2005
Azhagazhaga,P Suhseela,/artist/p-suhseela,04:17,Tamil,03-08-2009,0.81,0.13,0.607,0.2,-2.083,0.087,129.944,1,11,0.0871,4,99,222683,2009
Sri Mahaganapathim - Atana,Soolamangalam Sisters,/artist/soolamangalam-sisters,03:36,Tamil,09-10-2020,0.98,0.831,0.14,0.748,-6.322,0.06,103.998,1,0,0.071,4,94,1638710,2020
Angam Puthuvitham,S. P. Balasubrahmanyam|L.R. Eswari,/artist/s-p-balasubrahamanyam|/artist/lr-eswari-2,04:08,Tamil,07-03-2007,0.33,0.59,0.449,0.1,-2.643,0.0,110.052,1,9,0.0,4,92,11362984,2007
Yaarukku Yaar Sondam,K J Yesudas,/artist/k-j-yesudas,03:24,Tamil,12-08-2022,0.08,0.112,0.304,0.634,-13.962,0.033,150.091,1,11,0.06,4,25,7559189,2022
Chakkara Katti Rajathi,T.M. Soundararajan|P. Susheela,/artist/tm-soundararajan|/artist/p-suseela-2,03:23,Tamil,04-02-2005,0.38,0.49,0.478,0.8,-8.09,0.09,109.908,0,7,0.03,4,82,11046215,2005
Muthukkal Pathikkatha Kannil,K J Yesudas|K. S. Chithra,/artist/k-j-yesudas|/artist/chitra,04:16,Tamil,09-08-2009,0.04,0.36,0.093,0.3,-5.323,0.0825,150.018,0,10,0.0993,4,50,4950778,2009
Aattathil Naame,Malaysia Vasudevan|Vani Jairam,/artist/malaysia-vasudevan|/artist/vani-jayaram,04:54,Tamil,10-12-2003,0.26,0.344,0.214,0.712,-10.291,0.025,109.349,1,1,0.052,4,93,2902780,2003
Nanmai Yavum,T.M. Soundararajan,/artist/tm-soundararajan,03:01,Tamil,08-05-2009,0.43,1.0,0.888,0.5,-8.893,0.0748,152.15,0,1,0.0146,4,36,8724493,2009
Kanna Nee Kanneerai,S. Janaki,/artist/s-janaki,04:49,Tamil,02-12-2021,0.99,0.21,0.545,0.584,-12.001,0.029,129.91,1,8,0.04,4,46,4769635,2021
Kavery Oram,P. Susheela,/artist/p-suseela-2,04:14,Tamil,05-04-2003,0.68,0.73,0.443,0.3,-13.62,0.042,144.98,1,0,0.073,4,44,9276099,2003
Iraivan Irukkindrana,T.M. Soundararajan|P. Susheela,/artist/tm-soundararajan|/artist/p-suseela-2,05:41,Tamil,08-02-2006,0.87,0.746,0.2,0.102,-4.893,0.0563,191.012,1,6,0.05,4,96,5604239,2006
Saranam Saranam Thalaiva,S. Janaki|S. P. Balasubrahmanyam,/artist/s-janaki|/artist/s-p-balasubrahamanyam,04:19,Tamil,06-12-2005,0.66,0.05,0.058,0.4,-9.268,0.01,138.848,1,1,0.013,4,76,2581710,2005
Poo Maalaiyil,P. Susheela|T.M. Soundararajan,/artist/p-suseela-2|/artist/tm-soundararajan,03:43,Tamil,07-04-2020,0.24,0.7,0.218,0.5,-5.603,0.0582,180.054,1,8,0.022,4,82,196042,2020
Pillai Thamizh Paadugiren,K J Yesudas,/artist/k-j-yesudas,03:24,Tamil,02-02-2005,0.58,0.737,0.615,0.262,-10.378,0.09,124.987,1,1,0.0423,4,89,450476,2005
Theriyatha Nokku,Manorama,/artist/manorama,04:21,Tamil,10-02-2003,0.34,0.12,0.414,0.8,-11.009,0.09,184.794,1,1,0.0024,4,92,4736698,2003
Kondai Oru Pakkam,T.M. Soundararajan|P. Susheela,/artist/tm-soundararajan|/artist/p-suseela-2,04:02,Tamil,03-01-2000,0.24,0.508,0.05,0.347,-6.82,0.0435,160.047,0,4,0.039,4,42,263286,2000
Ummai Oru Naal,Tiruchi Loganathan,/artist/tiruchi-loganathan,02:47,Tamil,12-03-2003,0.73,0.12,0.702,0.9,-7.493,0.009,149.81,0,8,0.05,4,61,8251993,2003
Enna Sugam,P. Susheela|K J Yesudas,/artist/p-suseela-2|/artist/k-j-yesudas,03:17,Tamil,03-05-2003,0.09,0.888,0.897,0.485,-11.704,0.0297,110.015,1,7,0.094,4,63,5004601,2003
Kaathalile Tholviyutraal,P. Susheela,/artist/p-suseela-2,03:26,Tamil,11-03-2022,0.51,0.97,0.034,0.5,-6.272,0.0787,170.046,1,1,0.0,4,58,7252660,2022
En Ninaivuthane,S. P. Balasubrahmanyam,/artist/s-p-balasubrahamanyam,06:43,Tamil,08-10-2009,0.17,0.325,0.885,0.68,-9.677,0.02,135.971,1,9,0.05,4,27,10694019,2009
Ponnandhi Maalai Pozhuthu,T.M. Soundararajan|P. Susheela,/artist/tm-soundararajan|/artist/p-suseela-2,05:48,Tamil,08-09-2009,0.56,0.247,0.36,0.525,-12.411,0.0158,149.975,0,4,0.045,4,79,10387693,2009
Nenjil Uramumindri,Sirkazhi Govindarajan,/artist/sirkazhi-govindarajan,03:17,Tamil,08-05-2022,0.06,0.08,0.958,0.7,-3.521,0.02,115.031,0,10,0.006,4,54,1817219,2022
Ringa Ringa,Dwipen Barua|Pahari Saikia,/artist/dwipen-barua-14|/artist/pahari-saikia,03:13,Tamil,10-08-2001,0.15,0.11,0.204,0.8,-9.22,0.06,150.028,1,11,0.0811,4,59,2839766,2001
Aathai Kadakka,S. P. Balasubrahmanyam|P. Susheela,/artist/s-p-balasubrahamanyam|/artist/p-suseela-2,04:25,Tamil,01-01-2004,0.7,0.55,0.04,0.3,-3.501,0.024,139.964,1,0,0.072,4,61,2173538,2004
Thapputhalangal Vazhi,S. P. Balasubrahmanyam,/artist/s-p-balasubrahamanyam,04:44,Tamil,05-02-2006,0.58,0.141,0.838,0.424,-8.041,0.09,113.775,1,9,0.023,4,71,11263214,2006
Oru Moodan,Malaysia Vasudevan,/artist/malaysia-vasudevan,04:24,Tamil,10-08-2003,0.13,0.64,0.036,0.5,-5.118,0.0301,146.766,0,6,0.0779,4,81,2401553,2003
Seevi Mudichi,T.M. Soundararajan,/artist/tm-soundararajan,04:04,Tamil,05-01-2006,0.0,0.474,0.117,0.054,-3.998,0.0672,150.182,0,1,0.015,4,100,4973655,2006
Koothaathile Yaarthan,P. Susheela,/artist/p-suseela-2,03:45,Tamil,06-11-2003,0.89,0.75,0.647,0.2,-9.12,0.0794,186.862,0,10,0.0,4,76,2234532,2003
Annai Enbaval,Bhanumathi Ramakrishna,/artist/bhanumathi-ramakrishna,04:02,Tamil,12-03-2009,0.5,0.55,0.237,0.3,-7.027,0.05,130.047,0,11,0.07,4,78,11110464,2009
Panchashatpeetaroopini - Karnatadeva Gandhari,Soolamangalam Sisters,/artist/soolamangalam-sisters,06:13,Tamil,08-11-2009,0.54,0.96,0.034,0.6,-2.859,0.04,162.964,0,0,0.02,4,70,9693955,2009
Anbulla Nanbare,T M S Selvakumar,/artist/t-m-s-selvakumar,03:05,Tamil,05-09-2005,0.82,0.0,0.087,0.6,-10.705,0.0225,121.999,1,2,0.0714,4,54,768465,2005
Vaaname,Uma Ramanan|K J Yesudas,/artist/uma-ramanan-1|/artist/k-j-yesudas,04:19,Tamil,08-10-2005,0.9,0.301,0.013,0.195,-6.189,0.0315,125.045,0,1,0.0489,4,66,2488286,2005
Muthuvel Rathinavel,Soolamangalam Sisters,/artist/soolamangalam-sisters,03:14,Tamil,12-07-2020,0.14,0.195,0.175,0.22,-2.294,0.0837,120.034,1,8,0.09,4,83,3513316,2020
Aanandha Geethangal,Sister Sarah Navaroji,/artist/sister-sarah-navaroji,03:52,Tamil,11-05-2022,0.4,0.67,0.17,0.9,-4.834,0.037,108.144,0,6,0.06,4,44,7886862,2022
Karunai Malar,Seergazhi G.Sivachidambaram,/artist/seergazhi-gsivachidambaram,04:14,Tamil,03-07-2009,0.51,0.924,0.724,0.777,-6.616,0.02,179.45,1,9,0.021,4,66,8984419,2009
Engum Thirinthu (Vel Vel),T.M. Soundararajan,/artist/tm-soundararajan,01:44,Tamil,07-09-2004,0.97,0.49,0.482,0.6,-3.967,0.04,160.127,0,11,0.083,4,89,2013285,2004
Naanae Varuvaen,P. Susheela,/artist/p-suseela-2,04:14,Tamil,04-03-2002,0.91,0.661,0.748,0.344,-9.421,0.0643,135.986,1,2,0.07,4,43,8619165,2002
Androru Naal,T.M. Soundararajan|P. Susheela,/artist/tm-soundararajan|/artist/p-suseela-2,03:01,Tamil,05-03-2006,0.17,0.56,0.05,0.9,-8.331,0.002,159.908,1,1,0.04,4,46,2235670,2006
Enthavoor,P.B. Sreenivas,/artist/pb-sreenivas,04:04,Tamil,08-03-2022,0.62,0.334,0.967,0.167,-2.739,0.0371,148.03,0,10,0.0851,4,88,10302554,2022
Javvadhu Mediayittu,T.M. Soundararajan|P. Susheela,/artist/tm-soundararajan|/artist/p-suseela-2,04:44,Tamil,03-02-2001,0.41,0.47,0.11,0.2,-2.743,0.034,204.046,1,8,0.0465,4,74,10237817,2001
Chinnappayalae,T.M. Soundararajan,/artist/tm-soundararajan,03:58,Tamil,11-10-2005,0.61,0.009,0.05,0.244,-12.979,0.08,173.226,0,8,0.09,4,40,3205181,2005
Ulagam Engum,T.M. Soundararajan|P. Susheela,/artist/tm-soundararajan|/artist/p-suseela-2,03:27,Tamil,08-06-2008,0.87,0.741,0.803,0.122,-4.64,0.06,178.422,1,0,0.07,4,84,3785117,2008
Adi Kanne Ilamum Penne,S. P. Balasubrahmanyam,/artist/s-p-balasubrahamanyam,05:34,Tamil,10-10-2003,0.84,0.28,0.248,0.6,-11.674,0.04,204.064,0,5,0.01,4,42,744744,2003
Saranam Ayyapa,Bhaktha Swaraa Bhajan Mandali,/artist/bhaktha-swaraa-bhajan-mandali,05:05,Tamil,10-01-2020,0.59,0.95,0.791,0.655,-9.996,0.0531,179.815,1,9,0.042,4,74,10024227,2020
Ninaithen Vanthaai,P. Susheela|T.M. Soundararajan,/artist/p-suseela-2|/artist/tm-soundararajan,05:04,Tamil,04-07-2007,0.7,0.95,0.93,1.0,-4.572,0.0905,172.36,1,7,0.0994,4,30,3536121,2007
Singaara,S. P. Balasubrahmanyam|Chorus,/artist/s-p-balasubrahamanyam|/artist/chorus,02:14,Tamil,08-11-2001,0.72,0.169,0.06,0.653,-8.48,0.0227,176.781,0,9,0.057,4,83,5126290,2001
Oh Ammamma,L.R. Eswari,/artist/lr-eswari-2,03:08,Tamil,12-03-2009,0.29,0.18,0.014,0.7,-3.336,0.01,179.002,0,5,0.048,4,95,4815358,2009
Kuyilaga Nan,T.M. Soundararajan|P. Susheela,/artist/tm-soundararajan|/artist/p-suseela-2,03:05,Tamil,03-02-2021,0.24,0.356,0.078,0.166,-9.555,0.05,184.012,1,11,0.068,4,33,9365017,2021
Dhaagathakku Thannikudichen,M. S. Viswanathan,/artist/m-s-viswanathan-2,04:38,Tamil,06-01-2008,0.69,0.64,0.831,0.4,-9.324,0.0979,122.377,1,1,0.04,4,29,1035035,2008
Vasantham Paadi Vara (S.P.B),S. P. Balasubrahmanyam,/artist/s-p-balasubrahamanyam,04:47,Tamil,01-03-2006,0.83,0.798,0.5,0.291,-6.659,0.02,130.113,1,8,0.04,4,77,7712118,2006
Ethanai Maandharuku,M. S. Viswanathan,/artist/m-s-viswanathan-2,03:03,Tamil,06-01-2005,0.72,0.958,0.699,0.735,-2.174,0.0109,195.6,1,7,0.03,4,50,7686308,2005
Yae Intha Poongathu,Ilaiyaraaja,/artist/iiaiyaraaja,02:40,Tamil,10-07-2004,0.44,0.54,0.211,0.5,-5.839,0.0811,196.048,1,9,0.06,4,97,2409289,2004
En Raajathi,S. P. Balasubrahmanyam,/artist/s-p-balasubrahamanyam,04:03,Tamil,05-03-2020,0.79,0.482,0.244,0.232,-3.75,0.02,149.936,1,7,0.1,4,42,10958389,2020
Poo Pal Then Vaan,Mano,/artist/mano,04:51,Tamil,10-04-2020,0.83,0.933,0.374,0.322,-12.693,0.05,145.995,1,2,0.085,4,38,3553816,2020
Thirunirai Selvi,T.M. Soundararajan,/artist/tm-soundararajan,04:18,Tamil,05-09-2004,0.69,0.44,0.017,0.9,-13.302,0.0788,141.984,1,0,0.05,4,77,10847448,2004
Ravivarman yezhuthatha Kalaiyo,K J Yesudas,/artist/k-j-yesudas,04:14,Tamil,03-03-2004,0.35,0.21,0.705,0.8,-13.885,0.013,140.071,1,11,0.05,4,54,8137114,2004
Un Uthadu,Vani Jairam|S. P. Balasubrahmanyam,/artist/vani-jayaram|/artist/s-p-balasubrahamanyam,04:23,Tamil,09-04-2003,0.81,0.06,0.509,0.5,-3.694,0.05,180.03,0,11,0.06,4,99,9274261,2003
Powrnami Nilavenna,S. Janaki|S. P. Balasubrahmanyam,/artist/s-janaki|/artist/s-p-balasubrahamanyam,04:27,Tamil,03-04-2004,0.22,0.76,0.904,0.0,-8.478,0.016,129.643,1,1,0.064,4,76,9127379,2004
Alai Kadalil,Malaysia Vasudevan|Chorus,/artist/malaysia-vasudevan|/artist/chorus,06:04,Tamil,01-02-2002,0.63,0.58,0.0,0.8,-2.984,0.0607,163.95,1,1,0.023,4,55,5632576,2002
Santhosham Kaanadha,K J Yesudas,/artist/k-j-yesudas,04:32,Tamil,07-09-2005,0.3,0.361,0.281,0.331,-6.878,0.017,142.52,1,2,0.0198,4,63,7974824,2005
Hallo Mr.Zamindar,P.B. Sreenivas|P. Susheela,/artist/pb-sreenivas|/artist/p-suseela-2,03:19,Tamil,03-10-2007,0.46,0.324,0.348,0.03,-8.627,0.081,119.966,0,6,0.001,4,67,10912325,2007
Akilam Muzhuthum,Ramani,/artist/ramani,05:06,Tamil,02-10-2008,0.87,0.22,0.741,0.2,-7.431,0.03,140.01,1,1,0.06,4,25,1392138,2008
Sinthanaiyil Medaikatti,Sarala|Sirkazhi Govindarajan,/artist/sarala|/artist/sirkazhi-govindarajan,03:16,Tamil,10-04-2004,0.3,0.842,0.025,0.381,-2.974,0.02,162.012,0,10,0.03,4,25,10957427,2004
Summa Nikathinga Naa sollumpadi,S. P. Balasubrahmanyam|S. Janaki,/artist/s-p-balasubrahamanyam|/artist/s-janaki,04:43,Tamil,05-01-2003,0.96,0.87,0.11,0.4,-7.792,0.0113,142.952,0,1,0.06,4,76,1537464,2003
Neenga Nallayirukkanam,Dr Sirkazhi G. Sivachidambaram|S. Janaki|T M S Selvakumar,/artist/dr-sirkazhi-g-sivachidambaram|/artist/s-janaki|/artist/t-m-s-selvakumar,06:23,Tamil,07-02-2002,0.17,0.831,0.137,0.409,-7.709,0.0459,199.958,0,3,0.01,4,54,3285720,2002
Aankaviyai,T.M. Soundararajan|P. Susheela,/artist/tm-soundararajan|/artist/p-suseela-2,05:44,Tamil,11-10-2022,0.34,0.51,0.959,0.3,-8.389,0.067,203.927,1,7,0.0642,4,36,5547203,2022
Naana Paaduvathu Naanaa,S. P. Balasubrahmanyam|Vani Jairam|L. R. Anjali,/artist/s-p-balasubrahamanyam|/artist/vani-jayaram|/artist/l-r-anjali-1,04:25,Tamil,10-08-2022,0.58,0.96,0.406,0.9,-13.53,0.06,105.054,1,7,0.0701,4,96,6758823,2022
Aadai Muzhuthum,P. Susheela,/artist/p-suseela-2,04:03,Tamil,05-05-2005,0.88,0.848,0.75,0.497,-7.41,0.062,128.026,1,0,0.002,4,33,1670963,2005
Thappiththu Vanthaanammaa,K.B. Sundarambal,/artist/kb-sundarambal,02:49,Tamil,01-11-2022,0.41,0.19,0.621,0.7,-11.473,0.08,118.978,1,9,0.06,4,70,2972474,2022
Noolumillai,T M S Selvakumar,/artist/t-m-s-selvakumar,05:27,Tamil,09-02-2007,0.43,0.14,0.908,0.8,-13.582,0.0443,119.634,1,7,0.06,4,73,1895063,2007
Ullam Enbadhu,T M S Selvakumar,/artist/t-m-s-selvakumar,03:23,Tamil,11-06-2006,0.64,0.78,0.931,1.0,-12.104,0.1,164.89,0,5,0.073,4,51,3352550,2006
Pavalakodiyil,L.R. Eswari|T M S Selvakumar,/artist/lr-eswari-2|/artist/t-m-s-selvakumar,05:01,Tamil,04-02-2008,0.8,0.716,0.709,0.292,-4.138,0.042,104.125,0,9,0.09,4,57,4008213,2008
Jigu Jiguchang Kannadi,Malaysia Vasudevan|S. P. Sailaja,/artist/malaysia-vasudevan|/artist/s-p-sailaja-2,04:01,Tamil,02-12-2000,0.39,0.89,0.825,0.5,-11.164,0.01,203.92,1,6,0.023,4,25,11346559,2000
Senorita,S. P. Balasubrahmanyam,/artist/s-p-balasubrahamanyam,04:20,Tamil,01-06-2000,0.61,0.35,0.422,0.3,-9.679,0.0327,179.982,1,1,0.03,4,58,1463790,2000
Malarendru Mugam,Sinduri,/artist/sinduri,03:52,Tamil,12-01-2021,0.72,0.432,0.262,0.542,-5.319,0.0227,115.017,1,6,0.02,4,31,4451620,2021
Neerodaiyil Neeraduven,S. P. Balasubrahmanyam|Vani Jairam,/artist/s-p-balasubrahamanyam|/artist/vani-jayaram,04:11,Tamil,05-04-2021,0.7,0.415,0.595,0.118,-7.92,0.0722,178.929,1,5,0.0678,4,57,3244828,2021
Oraaru Kshethramadhil,P. Jayachandran,/artist/p-jayachandran-1,03:53,Tamil,03-08-2021,0.5,0.109,0.106,0.07,-13.474,0.06,160.038,1,7,0.0594,4,69,4313455,2021
Nalla Nalla Nilam,T.M. Soundararajan,/artist/tm-soundararajan,03:53,Tamil,08-04-2002,0.91,0.47,0.418,0.5,-2.753,0.01,118.048,0,11,0.0328,4,55,6669712,2002
Iravu Varum,T.M. Soundararajan,/artist/tm-soundararajan,03:45,Tamil,07-11-2022,0.47,0.97,0.26,0.07,-4.231,0.05,140.032,1,1,0.0965,4,58,8834348,2022
Annai Ennum Aalayam,S. Janaki,/artist/s-janaki,04:52,Tamil,12-02-2008,0.01,0.411,0.864,0.318,-12.991,0.049,120.011,1,1,0.06,4,74,6927120,2008
Nasarayenagiya Yesuve Prayer,Bro D.G.S. Dhinakaran,/artist/bro-dgs-dhinakaran-42,02:41,Tamil,08-11-2008,0.38,0.55,0.099,0.2,-7.297,0.09,129.021,1,6,0.09,4,98,7278170,2008
Sorgathin Vaasal,S. P. Balasubrahmanyam|Vani Jairam,/artist/s-p-balasubrahamanyam|/artist/vani-jayaram,05:51,Tamil,05-11-2001,0.7,0.52,0.037,0.6,-3.047,0.021,143.986,1,7,0.0353,4,60,4975935,2001
Mongililaik Kaadukale,Vani Jairam,/artist/vani-jayaram,03:59,Tamil,09-10-2001,0.14,0.15,0.906,0.5,-8.43,0.0,119.937,1,4,0.08,4,48,6819074,2001
Om Aadhi Parasakthi,T.M. Soundararajan,/artist/tm-soundararajan,03:13,Tamil,10-09-2004,0.94,0.985,0.771,0.137,-8.571,0.08,170.01,1,1,0.089,4,89,7857979,2004
Muthu Cholai,P. Susheela,/artist/p-suseela-2,03:05,Tamil,10-10-2008,0.17,0.39,0.309,0.81,-2.775,0.02,164.062,1,0,0.031,4,53,3640662,2008
Vidukathai Onnu,S. Janaki|M. ASHOK,/artist/s-janaki|/artist/m-ashok-1,04:09,Tamil,11-05-2007,0.3,0.306,0.301,0.824,-7.427,0.089,170.994,1,9,0.02,4,88,4434740,2007
Ullaththin Kadhavugal,T.M. Soundararajan,/artist/tm-soundararajan,03:36,Tamil,06-09-2009,0.66,0.93,0.074,0.4,-10.573,0.01,154.913,1,9,0.032,4,27,3225257,2009
Pesuvathu Kiliya,T.M. Soundararajan|S. Janaki,/artist/tm-soundararajan|/artist/s-janaki,04:04,Tamil,03-11-2005,0.32,0.484,0.591,0.993,-11.317,0.048,165.012,1,5,0.0021,4,69,8053558,2005
Kannae Kannae,P. Susheela,/artist/p-suseela-2,03:17,Tamil,01-04-2001,0.4,0.32,0.242,0.6,-12.576,0.07,196.054,1,11,0.097,4,85,4844507,2001
Nil Nil Nil Elan Thendraley,S. P. Balasubrahmanyam|P. Susheela,/artist/s-p-balasubrahamanyam|/artist/p-suseela-2,04:34,Tamil,05-03-2001,0.02,0.357,0.363,0.678,-13.571,0.09,144.077,0,6,0.07,4,62,958810,2001
Vaada Vaattudu,Ilaiyaraaja,/artist/iiaiyaraaja,04:09,Tamil,02-08-2006,0.59,0.655,0.881,0.543,-2.682,0.08,150.096,0,11,0.0468,4,85,11323349,2006
Pullainga Perulathan,P. Susheela,/artist/p-suseela-2,04:26,Tamil,12-12-2005,0.36,0.37,0.779,0.7,-10.933,0.0096,108.968,1,2,0.07,4,47,3476564,2005
Ponmangani Idu Ini En Magani,S. P. Balasubrahmanyam|K. S. Chithra|Dinesh|SUNDARRAJAN,/artist/s-p-balasubrahamanyam|/artist/chitra|/artist/dinesh|/artist/sundarrajan,05:42,Tamil,07-03-2000,1.0,0.165,0.391,0.655,-2.13,0.0388,121.105,1,8,0.0027,4,57,6756276,2000
Chittukkuruvikkenna,P. Susheela,/artist/p-suseela-2,04:29,Tamil,02-03-2002,0.73,0.059,0.206,0.997,-3.995,0.0992,129.943,0,1,0.09,4,31,8761814,2002
Raajaathi,Vani Jairam|S. P. Balasubrahmanyam,/artist/vani-jayaram|/artist/s-p-balasubrahamanyam,04:26,Tamil,02-12-2022,0.01,0.715,0.423,0.368,-3.891,0.06,118.986,0,1,0.01,4,69,4563534,2022
Sella Pillaiyar,Sulamangalam Murali,/artist/sulamangalam-murali,03:41,Tamil,11-04-2004,0.33,0.669,0.957,0.295,-10.316,0.05,195.874,0,0,0.06,4,72,10329609,2004
Thirupugazh Padum,Seergazhi G.Sivachidambaram,/artist/seergazhi-gsivachidambaram,04:35,Tamil,01-03-2006,0.82,0.95,0.822,0.9,-12.158,0.022,109.004,0,11,0.048,4,31,5769196,2006
Pallotti Valartha Kili With Dialogues,T M S Selvakumar,/artist/t-m-s-selvakumar,04:35,Tamil,06-06-2021,0.78,0.442,0.352,0.447,-10.881,0.0,139.988,0,4,0.038,4,82,2217918,2021
Iravum Pagalum,Vani Jairam,/artist/vani-jayaram,04:34,Tamil,05-01-2001,0.99,0.555,0.467,0.571,-3.811,0.09,177.943,1,4,0.01,4,27,4152702,2001
Paarkka Paarkka Sirippu,T.M. Soundararajan|P. Susheela,/artist/tm-soundararajan|/artist/p-suseela-2,04:14,Tamil,01-03-2003,0.34,0.358,0.211,0.682,-12.67,0.022,176.09,0,9,0.0269,4,48,10741802,2003
Gnayiru Oli Mazhaiyil,Kamal Haasan,/artist/kamal-haasan,03:28,Tamil,05-12-2002,0.57,0.385,0.643,0.973,-8.177,0.0712,147.101,0,10,0.0278,4,25,581093,2002
Kannamma Kannamma,Ramesh,/artist/ramesh,04:34,Tamil,10-03-2006,0.43,0.052,0.51,0.807,-8.584,0.06,150.514,1,11,0.04,4,32,3360321,2006
Naan Anuppuvadhu,T.M. Soundararajan,/artist/tm-soundararajan,03:32,Tamil,08-09-2006,0.74,0.38,0.579,0.7,-11.962,0.043,137.962,1,8,0.0955,4,68,4041846,2006
Hey Mallikai Poo Poothirukku,S. P. Balasubrahmanyam|S. Janaki,/artist/s-p-balasubrahamanyam|/artist/s-janaki,04:06,Tamil,10-04-2021,0.9,0.38,0.919,0.8,-13.705,0.0742,108.031,0,9,0.08,4,49,1307259,2021
Kallai Vanthavan,T.M. Soundararajan,/artist/tm-soundararajan,03:36,Tamil,10-10-2007,0.72,0.267,0.081,0.267,-10.933,0.0458,111.021,1,1,0.0683,4,31,240037,2007
Thenadi Meenadi,T.M. Soundararajan|P. Susheela,/artist/tm-soundararajan|/artist/p-suseela-2,04:01,Tamil,03-08-2003,0.85,0.74,0.551,1.0,-11.988,0.0682,148.086,1,7,0.062,4,68,10545592,2003
Gokula Krishnan,P. Susheela,/artist/p-suseela-2,03:03,Tamil,11-11-2004,0.08,0.906,0.139,0.409,-8.673,0.0397,198.102,1,4,0.073,4,90,9993298,2004
I Love You,Yello,/artist/yello,04:07,Tamil,12-05-2006,0.75,0.325,0.289,0.946,-7.037,0.04,168.086,0,6,0.06,4,38,7586951,2006
Santhosha Vinnoliye,Sister Sarah Navaroji,/artist/sister-sarah-navaroji,03:41,Tamil,02-08-2020,0.85,0.51,0.852,0.9,-4.282,0.087,119.04,0,11,0.023,4,74,5332842,2020
Sonthangalai Vazhthi,S. P. Balasubrahmanyam,/artist/s-p-balasubrahamanyam,06:17,Tamil,03-11-2004,0.88,0.649,0.088,0.74,-9.443,0.002,156.158,1,1,0.079,4,78,3363197,2004
Vaaraayo Thozha Vaaraayo,T.M. Soundararajan|Chorus,/artist/tm-soundararajan|/artist/chorus,05:29,Tamil,01-12-2021,0.28,0.64,0.311,0.2,-2.164,0.068,135.72,1,11,0.0535,4,45,2346126,2021
Yarukku Mappillai,P. Susheela,/artist/p-suseela-2,03:03,Tamil,08-07-2002,0.72,0.49,0.72,0.6,-8.519,0.009,107.976,1,1,0.08,4,95,2497837,2002
Ulagathu Nayagiye,M. R. Vijaya,/artist/m-r-vijaya-1,03:30,Tamil,10-06-2006,0.07,0.425,0.444,0.743,-8.089,0.0086,196.494,1,6,0.0739,4,82,2683162,2006
Saat Bhai Champa Jago Re,Manabendra Mukherjee,/artist/manabendra-mukherjee,03:31,Tamil,02-03-2007,0.55,0.0,0.332,0.6,-10.555,0.029,114.478,1,2,0.074,4,32,9200172,2007
Poovagi Iravu Neram,S. Janaki,/artist/s-janaki,04:43,Tamil,11-06-2021,0.74,0.289,0.382,0.382,-13.081,0.01,162.032,1,1,0.0609,4,65,2051087,2021
Nilavai Paarthu,T.M. Soundararajan,/artist/tm-soundararajan,04:48,Tamil,01-04-2021,0.66,0.4,0.938,0.5,-8.639,0.046,124.063,1,8,0.0391,4,86,1515328,2021
Malar Koduthen (Pathos),T.M. Soundararajan,/artist/tm-soundararajan,02:41,Tamil,12-12-2003,0.7,0.141,0.488,0.349,-10.593,0.01,135.996,1,8,0.055,4,29,6446637,2003
Mellia Megangal,Malaysia Vasudevan|T.l. Maharajan|Saibaba|Deepan Chakravarthy,/artist/malaysia-vasudevan|/artist/tl-maharajan|/artist/saibaba|/artist/deepan-chakravarthy,06:39,Tamil,12-04-2020,0.71,0.42,0.424,0.7,-10.173,0.017,106.175,1,11,0.0319,4,79,10231678,2020
Poo Maalaiyil,P. Susheela|T.M. Soundararajan,/artist/p-suseela-2|/artist/tm-soundararajan,03:43,Tamil,11-11-2004,0.47,0.519,0.859,0.28,-4.817,0.092,134.871,1,1,0.0108,4,78,7593746,2004
Puthiyathor Ulagam,Vani Jairam|T.M. Soundararajan,/artist/vani-jayaram|/artist/tm-soundararajan,03:47,Tamil,05-05-2003,0.02,0.88,0.321,0.3,-12.458,0.095,146.041,1,2,0.0,4,97,6239489,2003
Naattu Sarakku Ethu Nalla,Malaysia Vasudevan,/artist/malaysia-vasudevan,04:39,Tamil,01-09-2023,0.79,0.563,0.591,0.037,-8.325,0.067,127.981,1,2,0.0161,4,33,1195217,2023
Visiladichaan Kunjukala,P. Susheela|T.M. Soundararajan,/artist/p-suseela-2|/artist/tm-soundararajan,03:35,Tamil,04-03-2005,0.94,0.17,0.905,0.9,-12.712,0.01,174.041,1,7,0.079,4,81,4935736,2005
Gangai Nadhi Oram Raman Nadanthan,K J Yesudas|Vani Jairam,/artist/k-j-yesudas|/artist/vani-jayaram,03:28,Tamil,08-01-2009,0.44,0.967,0.227,0.775,-9.669,0.095,191.872,1,2,0.0105,4,49,8243683,2009
Kannippalunke Ponninkinaave,P. Susheela,/artist/p-suseela-2,04:46,Tamil,02-01-2006,0.32,0.81,0.124,0.3,-10.38,0.046,119.972,0,9,0.095,4,87,8707707,2006
Meeney Meeney,P. Susheela,/artist/p-suseela-2,03:45,Tamil,07-04-2004,0.79,0.05,0.865,0.4,-2.202,0.009,159.947,0,11,0.0051,4,40,600363,2004
Oru Katdal Devathai,S. P. Balasubrahmanyam|P. Susheela,/artist/s-p-balasubrahamanyam|/artist/p-suseela-2,03:24,Tamil,10-04-2007,0.97,0.295,0.052,0.611,-10.969,0.068,106.869,1,0,0.0579,4,57,2977945,2007
Tooth Past Erukku Bresh Irukku,S. P. Balasubrahmanyam|S. Janaki,/artist/s-p-balasubrahamanyam|/artist/s-janaki,04:08,Tamil,04-06-2021,0.24,0.68,0.99,0.6,-9.354,0.03,130.118,0,4,0.09,4,68,10893616,2021
Aadhi Manithan,P.B. Sreenivas|Jamuna Rani,/artist/pb-sreenivas|/artist/jamuna-rani,04:25,Tamil,11-10-2006,0.56,0.837,0.399,0.861,-11.497,0.0405,187.962,0,11,0.041,4,86,8176110,2006
Idhu Iravaa Pagala,Vani Jairam|K J Yesudas,/artist/vani-jayaram|/artist/k-j-yesudas,04:38,Tamil,05-01-2002,0.36,0.356,0.895,0.559,-10.069,0.0904,184.094,0,10,0.087,4,33,9668616,2002
Perai Sollavaa,S. P. Balasubrahmanyam|S. Janaki,/artist/s-p-balasubrahamanyam|/artist/s-janaki,04:47,Tamil,11-10-2004,0.8,0.33,0.314,0.8,-2.633,0.0783,123.984,1,6,0.0401,4,39,6889769,2004
Naan Unnai Azhaikkavillai,T.M. Soundararajan,/artist/tm-soundararajan,03:57,Tamil,03-09-2001,0.3,0.738,0.119,0.287,-3.797,0.074,173.926,1,1,0.055,4,82,4002399,2001
Kaikeyi Varam - Part 1,Kripanandavariar,/artist/kripanandavariar,21:52,Tamil,07-02-2006,0.44,0.87,0.36,0.3,-11.302,0.047,146.022,1,6,0.0279,4,66,11200457,2006
Aatha Mariaatha,S. Janaki,/artist/s-janaki,05:29,Tamil,02-03-2001,0.36,0.147,0.147,0.548,-2.045,0.09,152.729,1,8,0.0,4,40,5954152,2001
Hey Thanni,Ilaiyaraaja|S. Janaki,/artist/iiaiyaraaja|/artist/s-janaki,04:03,Tamil,07-02-2001,0.17,0.09,0.401,0.4,-2.715,0.0294,190.202,1,9,0.05,4,68,3478437,2001
Mahamayi Thirisuli,T. L. Maharajan,/artist/t-l-maharajan-1,03:35,Tamil,05-02-2002,0.45,0.811,0.797,0.026,-8.836,0.054,124.018,1,1,0.028,4,75,7644629,2002
Unmele Konda Aasai,Sirkazhi Govindarajan,/artist/sirkazhi-govindarajan,03:31,Tamil,02-09-2021,0.0,0.18,0.302,0.2,-5.174,0.049,170.232,1,7,0.0071,4,75,6397184,2021
Mosakkarana,S. P. Balasubrahmanyam,/artist/s-p-balasubrahamanyam,04:26,Tamil,07-02-2006,0.62,0.044,0.453,0.388,-12.293,0.0185,172.852,0,10,0.073,4,83,2354426,2006
Mei Silirkkuthu,P. Jayachandran|Vani Jairam,/artist/p-jayachandran-1|/artist/vani-jayaram,04:52,Tamil,12-02-2005,0.16,0.48,0.34,0.0,-8.907,0.001,135.391,1,1,0.075,4,100,9228443,2005
Muslim Samuthaya,A.R. Sheik Mohammed,/artist/ar-sheik-mohammed,04:30,Tamil,09-09-2008,0.7,0.931,0.91,0.972,-6.715,0.05,115.211,0,1,0.0452,4,25,9638647,2008
Thullioodum,T.M. Soundararajan|P. Susheela,/artist/tm-soundararajan|/artist/p-suseela-2,03:38,Tamil,10-12-2002,0.42,0.106,0.915,0.533,-2.061,0.0078,137.899,1,3,0.04,4,31,9353437,2002
Vellikkinnamthan,P Suhseela|S. P. Balasubrahmanyam,/artist/p-suhseela|/artist/s-p-balasubrahamanyam,03:59,Tamil,11-06-2001,0.61,0.99,0.486,0.4,-3.384,0.0351,130.101,0,1,0.025,4,60,4532767,2001
Nandoorudhu,T.M. Soundararajan,/artist/tm-soundararajan,03:39,Tamil,12-01-2004,0.94,0.586,0.237,0.213,-2.32,0.098,137.009,1,2,0.05,4,69,3006990,2004
Pothuvaaga En Manasu,Malaysia Vasudevan,/artist/malaysia-vasudevan,05:04,Tamil,12-01-2020,0.48,0.59,0.659,0.3,-10.503,0.028,159.985,0,4,0.0646,4,25,3955326,2020
Irandu Kannam,K J Yesudas|P. Susheela,/artist/k-j-yesudas|/artist/p-suseela-2,04:38,Tamil,10-05-2009,0.77,0.407,0.977,0.177,-5.204,0.04,155.952,1,1,0.06,4,25,4366309,2009
Jagam Pugazhum (Part 2),P. Susheela|P Leela,/artist/p-suseela-2|/artist/p-leela,05:25,Tamil,11-12-2003,0.23,0.04,0.551,0.2,-12.31,0.0049,159.589,1,2,0.084,4,48,7830327,2003
Chinnappayalae,T.M. Soundararajan,/artist/tm-soundararajan,03:58,Tamil,07-01-2006,0.24,0.214,0.602,0.607,-3.563,0.0484,139.988,0,5,0.038,4,79,4577848,2006
Poo Poo Pol Manasu erukku,Mano|K. S. Chithra,/artist/mano|/artist/chitra,02:12,Tamil,10-02-2020,0.35,0.33,0.285,0.2,-9.059,0.09,104.048,1,2,0.08,4,38,11150702,2020
Naanum Kooda Rajathane,T.M. Soundararajan,/artist/tm-soundararajan,03:25,Tamil,11-08-2005,0.34,0.35,0.163,0.544,-10.209,0.0685,154.917,1,1,0.032,4,92,10319339,2005
Pattathu Raajavum,T.M. Soundararajan,/artist/tm-soundararajan,03:03,Tamil,12-01-2004,0.4,0.24,0.826,0.7,-4.792,0.0061,139.044,1,7,0.09,4,82,4582238,2004
Adi Aathadi,Malaysia Vasudevan|Chorus,/artist/malaysia-vasudevan|/artist/chorus,03:55,Tamil,03-02-2003,0.1,0.832,0.952,0.866,-11.561,0.076,149.922,1,1,0.04,4,59,3815484,2003
Ulagaththil Siranthathu,T.M. Soundararajan|A.L. Raghavan|P. Susheela,/artist/tm-soundararajan|/artist/al-raghavan-1|/artist/p-suseela-2,06:08,Tamil,02-05-2004,0.01,0.356,0.141,0.744,-7.514,0.024,200.038,1,1,0.014,4,90,5306043,2004
Sri Ashtalakshmi (Part 1),K. Veeramani|Radha Ravi,/artist/k-veeramani-1|/artist/radha-ravi,12:37,Tamil,02-05-2020,0.55,0.22,0.012,0.3,-4.102,0.0183,140.036,1,1,0.04,4,36,1280952,2020
Harvest,Padma Subrahmaniam|Shyamala Balakrishnan|K.S. Vasudevan|N. Vasudevan|Chorus,/artist/padma-subrahmaniam|/artist/shyamala-balakrishnan|/artist/ks-vasudevan-21|/artist/n-vasudevan-22|/artist/chorus,03:08,Tamil,05-10-2003,0.64,0.551,0.413,0.319,-12.533,0.0612,194.844,1,0,0.04,4,71,1952412,2003
Unathu Vizhiyil,P. Susheela|T.M. Soundararajan,/artist/p-suseela-2|/artist/tm-soundararajan,03:54,Tamil,05-04-2021,0.73,0.39,0.305,0.8,-9.658,0.076,199.938,0,10,0.07,4,79,3376140,2021
Nilavenna Aadai,P. Susheela|T.M. Soundararajan,/artist/p-suseela-2|/artist/tm-soundararajan,03:17,Tamil,12-08-2003,0.37,0.357,0.469,0.605,-11.737,0.0994,131.935,1,1,0.005,4,83,9015734,2003
Nallavar Kuralukku,T.M. Soundararajan,/artist/tm-soundararajan,05:14,Tamil,04-09-2005,0.68,0.06,0.698,0.3,-8.145,0.004,119.959,1,1,0.029,4,42,9234139,2005
Varugave Varugave,P. Susheela,/artist/p-suseela-2,03:22,Tamil,10-01-2001,0.16,0.218,0.089,0.166,-8.362,0.081,113.452,0,10,0.06,4,36,3550805,2001
Maragatha Vallikku,K J Yesudas,/artist/k-j-yesudas,04:42,Tamil,09-02-2008,0.43,0.01,0.552,0.1,-13.845,0.0254,115.054,1,1,0.07,4,53,8303827,2008
Kandaen Engum,S. Janaki,/artist/s-janaki,04:47,Tamil,03-05-2008,0.67,0.201,0.554,0.815,-12.789,0.0051,159.988,0,6,0.073,4,89,9903028,2008
Sugamthaana,P. Susheela|S. P. Balasubrahmanyam,/artist/p-suseela-2|/artist/s-p-balasubrahamanyam,03:11,Tamil,04-09-2007,0.63,0.06,0.751,0.3,-2.284,0.0429,131.983,1,7,0.018,4,75,4360438,2007
Ariyathu Kodiyathu With Dialogues,K B Sundarambal,/artist/k-b-sundarambal,05:42,Tamil,09-02-2020,0.78,0.89,0.021,0.4,-3.144,0.05,112.034,0,4,0.0073,4,32,6020252,2020
Jaathi Malligaiye,Malaysia Vasudevan,/artist/malaysia-vasudevan,04:36,Tamil,10-10-2002,0.81,0.54,0.06,1.0,-3.471,0.02,189.964,0,6,0.09,4,37,8365641,2002
Bhoomi Yenna Bhoomi,Malaysia Vasudevan,/artist/malaysia-vasudevan,05:55,Tamil,12-11-2005,0.03,0.33,0.892,0.0,-13.029,0.0773,190.024,0,5,0.057,4,44,8339142,2005
Chokka Vaiku,S. P. Balasubrahmanyam|S. Janaki,/artist/s-p-balasubrahamanyam|/artist/s-janaki,05:58,Tamil,05-08-2004,0.04,0.18,0.784,0.3,-8.973,0.0462,130.23,0,6,0.0248,4,63,9924428,2004
Bodai Yethum,S. P. Balasubrahmanyam|S. Janaki,/artist/s-p-balasubrahamanyam|/artist/s-janaki,04:42,Tamil,05-05-2002,0.78,0.15,0.123,0.0,-7.51,0.015,144.034,1,4,0.048,4,34,6259665,2002
Puttam Pudu,Mano|Sujatha Mohan,/artist/mano|/artist/sujatha,04:00,Tamil,01-04-2022,0.06,0.048,0.114,0.243,-2.46,0.003,151.972,1,10,0.024,4,88,1336930,2022
Siluvaiyil,Bro D.G.S. Dhinakaran,/artist/bro-dgs-dhinakaran-39,02:08,Tamil,12-10-2007,0.48,0.42,0.243,0.8,-10.744,0.0809,139.85,1,8,0.033,4,75,2097559,2007
Kannan Naalum,S. Janaki,/artist/s-janaki,04:02,Tamil,06-08-2006,0.29,0.226,0.948,0.162,-4.319,0.0725,128.091,0,10,0.02,4,41,1519541,2006
Poongathave Thaal,Uma Ramanan|Deepan Chakarvarthy,/artist/uma-ramanan-1|/artist/deepan-chakarvarthy-1,04:02,Tamil,03-09-2007,0.71,0.93,0.751,0.0,-3.504,0.0752,147.026,0,6,0.006,4,59,621943,2007
Ethanai Manithargal,P. Jayachandran,/artist/p-jayachandran-1,03:38,Tamil,11-11-2004,0.7,0.6,0.426,0.6,-10.419,0.08,199.896,0,4,0.01,4,35,270534,2004
Pathinaaru Vayadhinile,Vani Jairam,/artist/vani-jayaram,04:14,Tamil,02-05-2020,0.82,0.26,0.045,0.4,-9.289,0.0216,170.072,1,8,0.045,4,60,1681613,2020
Naan Paadum Paattu,S. P. Sailaja,/artist/s-p-sailaja-2,04:13,Tamil,11-12-2007,0.71,0.494,0.349,0.298,-10.353,0.02,162.898,1,1,0.08,4,28,3932962,2007
Veedu Manaivi Makkal,S. P. Balasubrahmanyam,/artist/s-p-balasubrahamanyam,04:05,Tamil,07-12-2022,0.13,0.23,0.665,0.9,-13.87,0.06,170.03,1,9,0.03,4,30,10604885,2022
Surangani,Malaysia Vasudevan|Renuka,/artist/malaysia-vasudevan|/artist/renuka,02:02,Tamil,06-04-2001,0.67,0.63,0.088,0.6,-2.277,0.0838,154.834,1,9,0.0305,4,44,4767258,2001
Kangalum Kavipaduthey,Tiruchi Loganathan|Sirkazhi Govindarajan,/artist/tiruchi-loganathan|/artist/sirkazhi-govindarajan,03:48,Tamil,12-02-2022,0.3,0.823,0.686,0.336,-10.785,0.05,139.946,1,2,0.08,4,37,2982336,2022
Kannithamizh Manam,P. Susheela,/artist/p-suseela-2,04:02,Tamil,11-08-2001,0.92,0.98,0.635,0.2,-3.56,0.01,127.027,0,3,0.0843,4,70,10127513,2001
Yea Annaa (Ethuvarai Avaludan Aadave),Manorama|L.R. Eswari,/artist/manorama|/artist/lr-eswari-2,04:47,Tamil,02-08-2000,0.55,0.372,0.686,0.186,-11.549,0.0139,109.971,1,1,0.07,4,43,8625426,2000
Hey Thanni,S. Janaki|Ilaiyaraaja,/artist/s-janaki|/artist/iiaiyaraaja,04:05,Tamil,05-08-2003,0.92,0.45,0.682,0.2,-12.063,0.055,191.926,1,11,0.012,4,47,5079289,2003
Orupuram Vedan,Vani Jairam,/artist/vani-jayaram,03:08,Tamil,06-03-2003,0.27,0.604,0.127,0.535,-7.515,0.0698,145.006,1,9,0.04,4,34,450666,2003
Thirumbi Vaa,T.M. Soundararajan|P. Susheela,/artist/tm-soundararajan|/artist/p-suseela-2,04:51,Tamil,02-08-2009,0.01,0.51,0.885,0.2,-11.006,0.0164,124.027,0,1,0.0,4,33,8374431,2009
Aambalaikku Pomballai,A.L. Raghavan|L.R. Eswari,/artist/al-raghavan-1|/artist/lr-eswari-2,03:03,Tamil,09-08-2021,0.28,0.927,0.752,0.826,-10.847,0.049,159.034,0,10,0.09,4,68,1006971,2021
Tholargale Tevira Sakthikaglin Thee Pilambugale - StoryAndDialogues,Sivaji Ganesan,/artist/sivaji-ganesan,04:11,Tamil,08-03-2002,0.19,0.89,0.171,0.9,-2.277,0.0347,146.006,1,1,0.004,4,27,7448115,2002
Yaar Antha Nilavu,T M S Selvakumar,/artist/t-m-s-selvakumar,04:38,Tamil,03-11-2003,0.99,0.979,0.965,0.96,-2.436,0.04,199.752,1,5,0.047,4,93,7538608,2003
Pani Mazhai,S. P. Sailaja|Dheepan Chakravarthy,/artist/s-p-sailaja-2|/artist/dheepan-chakravarthy,04:36,Tamil,11-04-2001,0.93,0.766,0.24,0.209,-7.854,0.1,183.802,1,5,0.1,4,81,10541583,2001
Nallathor Veenaiseithe,Rajkumar Bharathi,/artist/rajkumar-bharathi,03:07,Tamil,03-05-2020,0.01,0.05,0.331,0.6,-6.384,0.069,122.998,0,8,0.05,4,60,6275278,2020
Iraivan,K J Yesudas|Vani Jairam,/artist/k-j-yesudas|/artist/vani-jayaram,05:06,Tamil,01-03-2002,0.91,0.63,0.647,0.0,-3.179,0.08,168.008,1,1,0.0284,4,59,7293694,2002
Chandiranthan Poranthiruchu,Malaysia Vasudevan|Sasirekha,/artist/malaysia-vasudevan|/artist/sasirekha,02:46,Tamil,05-04-2023,0.61,0.61,0.494,0.9,-13.99,0.0442,130.031,0,11,0.0108,4,29,4416536,2023
Vaaiyaa Raja,P Suhseela,/artist/p-suhseela,04:01,Tamil,09-01-2002,0.18,0.122,0.996,0.648,-12.245,0.0741,144.939,1,9,0.0859,4,91,731308,2002
Yevaridathum Thavarumilai,P. Susheela,/artist/p-suseela-2,03:21,Tamil,10-11-2005,0.73,0.587,0.592,0.879,-8.138,0.009,139.877,1,1,0.077,4,65,5093470,2005
Pazhani Sandhana,L.R. Eswari|Sirkazhi Govindarajan,/artist/lr-eswari-2|/artist/sirkazhi-govindarajan,03:13,Tamil,08-04-2006,0.43,0.852,0.291,0.447,-13.101,0.018,173.235,1,1,0.048,4,53,364903,2006
Vadakkathu,Uma Ramanan,/artist/uma-ramanan-1,04:45,Tamil,04-01-2022,0.25,0.97,0.743,0.9,-2.555,0.1,149.972,0,11,0.0776,4,94,3817334,2022
Mayakkaththai,P. Susheela,/artist/p-suseela-2,03:04,Tamil,05-03-2008,0.87,0.548,0.445,0.537,-11.86,0.08,160.186,1,9,0.0268,4,39,6335842,2008
Raajaveethi Bhavanivanthathu,Saibaba|T.M. Soundararajan|P. Susheela|L.R. Anjali,/artist/saibaba|/artist/tm-soundararajan|/artist/p-suseela-2|/artist/lr-anjali,05:53,Tamil,06-10-2007,0.92,0.722,0.056,0.385,-13.143,0.0739,138.015,1,1,0.0491,4,87,7709098,2007
Oh Buck Buck,P. Susheela,/artist/p-suseela-2,03:45,Tamil,03-04-2002,0.18,0.76,0.165,0.7,-13.23,0.0646,162.048,0,11,0.04,4,66,4962285,2002
Njan Ninne Sammathichu,S. Janaki,/artist/s-janaki,03:50,Tamil,10-08-2004,0.76,0.91,0.151,0.0,-12.286,0.0145,149.818,1,1,0.02,4,89,5914068,2004
Neengal Aththanai,T M S Selvakumar,/artist/t-m-s-selvakumar,03:46,Tamil,07-04-2006,0.36,0.98,0.884,0.5,-9.341,0.026,127.029,1,10,0.0178,4,41,11224845,2006
Palkaran Pendatti,Suruli Rajan|L.R. Eswari,/artist/suruli-rajan|/artist/lr-eswari-2,04:02,Tamil,09-08-2020,0.58,0.46,0.301,0.4,-8.3,0.002,135.028,1,1,0.026,4,74,1011352,2020
Adi Aadu,Malaysia Vasudevan|Chorus,/artist/malaysia-vasudevan|/artist/chorus,04:38,Tamil,11-01-2024,0.48,0.443,0.613,0.287,-12.178,0.0403,168.274,1,0,0.082,4,93,663919,2024
Theriyum Theriyum,P Suhseela|S. P. Balasubrahmanyam,/artist/p-suhseela|/artist/s-p-balasubrahamanyam,04:49,Tamil,10-10-2009,0.4,0.111,0.314,0.995,-10.153,0.08,181.786,1,1,0.096,4,75,1179016,2009
Noolumillai,T M S Selvakumar,/artist/t-m-s-selvakumar,05:27,Tamil,03-11-2005,0.73,0.122,0.446,0.673,-7.775,0.0,132.021,0,10,0.03,4,34,2132094,2005
Gnabakam Illaiyo (Duet),S. Janaki|K J Yesudas,/artist/s-janaki|/artist/k-j-yesudas,04:14,Tamil,10-07-2003,0.41,0.124,0.742,0.092,-3.246,0.002,176.754,1,5,0.009,4,30,4957149,2003
Aalayamaniyin Osaiai,U. Thiyagarajan|Orchestra,/artist/u-thiyagarajan-1|/artist/orchestra,04:51,Tamil,09-02-2003,0.23,0.68,0.728,0.6,-9.565,0.0596,114.047,0,7,0.061,4,82,3650560,2003
Oru Naal Varuval Mummy,P. Susheela|T.M. Soundararajan,/artist/p-suseela-2|/artist/tm-soundararajan,03:16,Tamil,08-07-2001,0.54,0.3,0.295,0.4,-3.525,0.08,199.974,0,0,0.05,4,86,11112708,2001
Naan Paartha,T.M. Soundararajan,/artist/tm-soundararajan,06:17,Tamil,05-12-2008,0.4,0.774,0.273,0.553,-7.406,0.093,149.982,1,2,0.0213,4,92,8028882,2008
Sri Balaji Suprabhatam,Sulamangalam Sister,/artist/sulamangalam-sister,22:21,Tamil,10-12-2022,0.37,0.42,0.164,0.4,-2.946,0.0237,143.026,1,1,0.02,4,25,2557161,2022
Odayile Oru Thamarai Poo,T.M. Soundararajan|L.R. Eswari,/artist/tm-soundararajan|/artist/lr-eswari-2,04:08,Tamil,09-01-2002,0.41,0.81,0.769,0.6,-9.397,0.01,127.057,0,0,0.1,4,98,2841895,2002
Ennamma Singaara,T.M. Soundararajan|P. Susheela,/artist/tm-soundararajan|/artist/p-suseela-2,03:34,Tamil,12-02-2000,0.36,0.849,0.914,0.442,-3.969,0.07,149.552,0,10,0.003,4,47,710009,2000
Malai Mugapinil,S. P. Balasubrahmanyam|S. Janaki,/artist/s-p-balasubrahamanyam|/artist/s-janaki,04:32,Tamil,09-06-2020,0.4,0.123,0.542,0.918,-12.878,0.062,140.054,1,6,0.049,4,88,2028805,2020
Pirandha Idam,L.R. Eswari,/artist/lr-eswari-2,03:45,Tamil,02-05-2008,0.24,0.46,0.743,0.8,-12.518,0.02,153.016,1,1,0.02,4,82,3401209,2008
Boom Boom Maattukkaaran,P. Susheela,/artist/p-suseela-2,03:43,Tamil,05-06-2022,0.26,0.876,0.022,0.536,-8.242,0.1,155.928,0,6,0.048,4,26,4070614,2022
Thanniye Pottaa,Kalyani Menon|Kamal Haasan|Sri Priya,/artist/kalyani-menon|/artist/kamal-haasan|/artist/sri-priya,04:37,Tamil,06-08-2002,0.16,0.7,0.383,0.5,-6.455,0.097,149.923,0,6,0.0404,4,49,9405240,2002
Enna Vegam,T.M. Soundararajan|A.L. Raghavan|Pattom Sadan,/artist/tm-soundararajan|/artist/al-raghavan-1|/artist/pattom-sadan,03:04,Tamil,09-12-2020,0.9,0.65,0.268,0.8,-5.936,0.03,174.027,1,0,0.03,4,65,7434444,2020
Pranavathin Porule,P. Susheela,/artist/p-suseela-2,06:07,Tamil,09-04-2007,0.75,0.512,0.339,0.677,-13.365,0.0208,160.07,0,11,0.067,4,34,7176134,2007
Mayakkum Mannan,L.R. Eswari,/artist/lr-eswari-2,03:09,Tamil,07-04-2022,0.88,0.63,0.924,0.9,-12.099,0.0009,188.064,0,5,0.0672,4,85,3083703,2022
Solladi Abhirami,T.M. Soundararajan,/artist/tm-soundararajan,03:27,Tamil,07-06-2004,0.34,0.475,0.64,0.538,-3.868,0.0462,154.116,0,11,0.09,4,35,5071475,2004
Kadhal Mayakkam_1,P. Jayachandran|Sunanda,/artist/p-jayachandran-1|/artist/p-sunanda,05:41,Tamil,11-08-2020,0.62,0.89,0.194,0.0,-10.604,0.09,178.0,1,4,0.05,4,52,125895,2020
Aayiram Kannukku,T.M. Soundararajan,/artist/tm-soundararajan,04:03,Tamil,12-02-2005,0.09,0.98,0.329,0.425,-3.409,0.06,184.078,1,0,0.0569,4,99,11136629,2005
Sevanthi Poova,Latha Kannan,/artist/latha-kannan,04:35,Tamil,05-02-2021,0.43,0.11,0.391,0.0,-10.762,0.085,113.971,1,8,0.03,4,98,8168888,2021
Inthiya Naadu,L.R. Eswari|P Suhseela|T M S Selvakumar|Krystal Klear|Yasmin,/artist/lr-eswari-2|/artist/p-suhseela|/artist/t-m-s-selvakumar|/artist/krystal-klear|/artist/yasmin,05:30,Tamil,07-05-2008,0.68,0.51,0.657,0.8,-13.289,0.0152,132.064,1,2,0.044,4,72,4782475,2008
Myna Myna,Vairamuthu,/artist/vairamuthu,04:48,Tamil,12-08-2001,0.05,0.28,0.422,0.4,-9.286,0.0537,145.035,1,2,0.05,4,96,828653,2001
Purushantha evan Purushantha,Malaysia Vasudevan|P. Susheela,/artist/malaysia-vasudevan|/artist/p-suseela-2,05:36,Tamil,03-08-2022,0.65,0.041,0.452,0.526,-13.425,0.06,155.045,0,5,0.0233,4,31,1652448,2022
Devadasum Naanum,Malaysia Vasudevan,/artist/malaysia-vasudevan,04:28,Tamil,01-03-2020,0.02,0.4,0.373,0.7,-3.683,0.096,141.016,1,1,0.0688,4,27,1964176,2020
Neela Niram,S. Janaki|T.M. Soundararajan,/artist/s-janaki|/artist/tm-soundararajan,04:31,Tamil,02-11-2022,0.74,0.168,0.638,0.028,-7.099,0.096,200.234,1,3,0.01,4,54,656195,2022
Kalyanamam Kalyanam,T.M. Soundararajan|P. Susheela,/artist/tm-soundararajan|/artist/p-suseela-2,03:24,Tamil,03-10-2008,0.45,0.99,0.297,0.3,-2.749,0.0341,151.993,0,0,0.09,4,39,9523465,2008
Thanimayile (Pathos),A. M. Rajah|P. Susheela,/artist/a-m-rajah-1|/artist/p-suseela-2,03:03,Tamil,04-10-2006,0.37,0.023,0.127,0.518,-13.81,0.042,167.879,1,2,0.08,4,93,8207613,2006
Deva and Namachivaya,Dr. Seerkazhi S. Govindarajan|P. Susheela,/artist/dr-seerkazhi-s-govindarajan-2|/artist/p-suseela-2,02:28,Tamil,09-02-2021,0.97,0.085,0.638,0.527,-11.755,0.075,155.034,1,10,0.09,4,55,1093605,2021
Vannaththamizh,C S Jayaraman,/artist/c-s-jayaraman,04:10,Tamil,08-02-2005,0.6,0.21,0.714,0.9,-6.206,0.0234,198.158,0,11,0.06,4,93,9788395,2005
Oraayiram Naatakam,P. Susheela,/artist/p-suseela-2,03:31,Tamil,12-07-2008,0.36,0.47,0.271,1.0,-6.329,0.0601,165.057,0,1,0.0472,4,76,10193826,2008
Yaaraithaan Nambuvatho,P. Susheela,/artist/p-suseela-2,03:39,Tamil,12-03-2006,0.69,0.624,0.769,0.963,-5.16,0.1,173.739,0,2,0.0509,4,87,2379067,2006
Ada Yaaro,S. P. Balasubrahmanyam,/artist/s-p-balasubrahamanyam,04:36,Tamil,06-01-2003,0.22,0.99,0.556,0.1,-7.202,0.073,199.854,0,6,0.1,4,32,4769680,2003
Aththaikku Piranthaval  Medhaikku,S. P. Balasubrahmanyam|S. P. Sailaja,/artist/s-p-balasubrahamanyam|/artist/s-p-sailaja-2,04:41,Tamil,11-12-2005,0.27,0.892,0.18,0.256,-2.116,0.003,146.744,1,1,0.087,4,59,1614913,2005
Paadam Kandaen,P. Susheela,/artist/p-suseela-2,06:02,Tamil,08-12-2021,0.0,0.54,0.461,0.6,-9.312,0.0,163.984,1,1,0.0819,4,92,3359287,2021
Needhi Idhuthana,P.B. Sreenivas,/artist/pb-sreenivas,02:55,Tamil,07-09-2022,0.7,0.711,0.212,0.167,-5.087,0.074,194.028,0,7,0.007,4,52,10134695,2022
Azhagan Murugandah,P. Susheela,/artist/p-suseela-2,05:03,Tamil,11-04-2005,0.9,0.1,0.296,0.9,-2.206,0.08,155.012,1,11,0.0434,4,99,8209460,2005
Yeena Venum Thinnungada,S. P. Balasubrahmanyam,/artist/s-p-balasubrahamanyam,04:24,Tamil,03-11-2020,0.32,0.27,0.259,0.3,-2.706,0.0941,165.924,0,10,0.0655,4,72,10571972,2020
Chellakkiliye Mella Pesu,P Suhseela,/artist/p-suhseela,02:44,Tamil,11-10-2007,0.34,0.284,0.523,0.308,-11.974,0.06,139.97,0,10,0.002,4,74,11061609,2007
Vaadaatha Pushpame,P.B. Sreenivas,/artist/pb-sreenivas,02:47,Tamil,07-08-2020,0.66,0.87,0.045,0.2,-2.629,0.062,155.756,0,6,0.09,4,80,11353721,2020
Pongum Kadalosai,Vani Jairam,/artist/vani-jayaram,03:32,Tamil,03-11-2022,0.99,0.585,0.104,0.545,-5.61,0.069,151.486,0,8,0.0561,4,68,3592292,2022
Kannanukkum,P. Susheela,/artist/p-suseela-2,02:53,Tamil,02-07-2009,0.0,0.54,0.485,0.2,-10.333,0.0952,134.825,1,2,0.1,4,30,10410077,2009
Kungkuma Kolangal,Vani Jairam,/artist/vani-jayaram,03:00,Tamil,06-11-2002,0.22,0.991,0.172,0.23,-8.485,0.097,194.026,1,1,0.0153,4,58,4858112,2002
Koduthu Paar Paar,A. M. Rajah|P. Susheela|Jikki|Tirchy Loganathan,/artist/a-m-rajah-1|/artist/p-suseela-2|/artist/jikki|/artist/tirchy-loganathan,04:46,Tamil,12-04-2005,0.77,0.45,0.827,0.073,-2.614,0.0,160.586,1,9,0.035,4,99,1746686,2005
Sollavo Sugamana,P. Susheela,/artist/p-suseela-2,03:21,Tamil,09-03-2004,0.27,0.06,0.699,0.384,-2.257,0.09,150.059,1,5,0.069,4,34,7584899,2004
Maasi Maasa,Vani Jairam,/artist/vani-jayaram,03:18,Tamil,06-10-2008,0.4,0.74,0.133,0.0,-12.731,0.04,142.155,0,11,0.015,4,94,6428514,2008
Oh Maina Oh Maina,S. P. Balasubrahmanyam,/artist/s-p-balasubrahamanyam,03:04,Tamil,10-04-2020,0.5,0.84,0.708,1.0,-4.068,0.0068,124.839,1,11,0.089,4,87,9152946,2020
Ullangal,Ilaiyaraaja,/artist/iiaiyaraaja,04:08,Tamil,01-01-2022,0.46,0.518,0.845,0.481,-2.661,0.0487,130.069,0,8,0.0833,4,43,1020674,2022
Maathennal Padaithan,T.M. Soundararajan|S. P. Balasubrahmanyam|L.R. Eswari|M.R. Vijaya,/artist/tm-soundararajan|/artist/s-p-balasubrahamanyam|/artist/lr-eswari-2|/artist/mr-vijaya-12,04:09,Tamil,08-12-2004,0.56,0.184,1.0,0.581,-12.212,0.07,199.938,1,9,0.039,4,97,7526107,2004
Nee Nenachadum,T M S Selvakumar,/artist/t-m-s-selvakumar,03:31,Tamil,03-04-2001,0.49,0.9,0.222,0.1,-8.372,0.0695,185.178,1,1,0.04,4,26,10140046,2001
Potriduvom Pugazhnthiduvom,V. Nataraja Mudaliar,/artist/v-nataraja-mudaliar-1,03:03,Tamil,08-02-2008,0.03,0.933,0.973,0.975,-8.126,0.04,127.996,0,0,0.04,4,26,7460079,2008
Sathiyam Ithu,T.M. Soundararajan,/artist/tm-soundararajan,05:18,Tamil,02-03-2004,0.31,0.88,0.13,0.6,-7.524,0.03,195.94,1,0,0.0148,4,96,7026610,2004
Kaavalukku Velundu,Sirkazhi Govindarajan,/artist/sirkazhi-govindarajan,04:41,Tamil,03-06-2021,0.98,0.619,0.791,0.691,-12.842,0.012,125.014,1,1,0.05,4,55,309420,2021
Naan Deivama,T. R. Mahalingam,/artist/t-r-mahalingam-1,03:05,Tamil,05-05-2022,0.56,0.08,0.861,0.4,-2.964,0.04,169.388,1,11,0.0134,4,85,9550081,2022
Band Music Aayiramkanpothathu English Notes,M. P. N. Ponnuswamy|M. P. N. Sethuraman,/artist/m-p-n-ponnuswamy-1|/artist/m-p-n-sethuraman-1,04:48,Tamil,11-05-2006,0.9,0.79,0.912,0.0,-8.835,0.005,151.044,1,1,0.0,4,73,10590223,2006
Kaathal,S. Janaki|S. P. Balasubrahmanyam,/artist/s-janaki|/artist/s-p-balasubrahamanyam,04:36,Tamil,11-07-2021,0.93,0.779,0.809,0.632,-6.142,0.04,158.202,1,8,0.09,4,49,5652892,2021
Muham Paartha,S. P. Balasubrahmanyam,/artist/s-p-balasubrahamanyam,04:57,Tamil,05-05-2020,0.28,0.42,0.505,0.3,-11.76,0.075,159.542,1,1,0.0615,4,47,7856863,2020
Naan Padithaen Kanjiyle,T M S Selvakumar,/artist/t-m-s-selvakumar,06:10,Tamil,06-01-2009,0.28,0.567,0.747,0.028,-2.963,0.09,126.185,0,9,0.0123,4,83,7733962,2009
Nizhal Thedi,K J Yesudas|S. Janaki,/artist/k-j-yesudas|/artist/s-janaki,05:05,Tamil,12-08-2021,0.47,0.81,0.163,1.0,-2.702,0.082,161.012,0,3,0.017,4,84,8478043,2021
Sangeethame,S. Janaki,/artist/s-janaki,06:06,Tamil,06-10-2000,0.38,0.491,0.126,0.914,-3.954,0.08,169.902,1,1,0.044,4,58,8405917,2000
Vaangadi Chittukkala,L.R. Eswari,/artist/lr-eswari-2,03:25,Tamil,02-09-2002,0.35,0.01,0.125,0.1,-3.628,0.008,179.98,1,2,0.064,4,63,11219843,2002
En Rajathi,S. P. Balasubrahmanyam,/artist/s-p-balasubrahamanyam,04:32,Tamil,01-07-2008,0.03,0.69,0.131,0.5,-13.587,0.064,150.03,1,2,0.007,4,37,9833931,2008
Naan Yaar Yaar Endru,P. Susheela,/artist/p-suseela-2,05:38,Tamil,07-03-2006,0.35,0.341,0.185,0.205,-12.444,0.07,180.584,1,1,0.0079,4,30,6881957,2006
En Arumai Kathalikku,T.M. Soundararajan,/artist/tm-soundararajan,03:33,Tamil,06-11-2003,0.54,0.41,0.508,0.5,-6.146,0.0473,187.932,1,6,0.0365,4,80,8948972,2003
Thulli Thulli,S. Janaki|P. Susheela|B. Vasantha,/artist/s-janaki|/artist/p-suseela-2|/artist/b-vasantha-1,03:53,Tamil,05-08-2008,0.65,0.485,0.296,0.157,-2.688,0.02,180.358,1,1,0.0287,4,48,6784607,2008
Pattu Pu Pu Pu,S. Janaki|Chorus,/artist/s-janaki|/artist/chorus,04:25,Tamil,08-03-2006,0.54,0.85,0.215,0.6,-13.014,0.0826,183.95,0,5,0.099,4,68,7324097,2006
Thottu Thottilla,K J Yesudas,/artist/k-j-yesudas,02:49,Tamil,01-01-2004,0.53,0.34,0.547,0.06,-12.792,0.016,151.355,1,7,0.0582,4,95,4125185,2004
Ragam Talam Pallavi Endru,P.B.Srinivas|T.M. Soundararajan,/artist/pbsrinivas-1|/artist/tm-soundararajan,04:29,Tamil,04-03-2023,0.48,0.475,0.308,0.893,-12.976,0.0513,178.014,0,7,0.008,4,47,8075854,2023
Melathai,S. Janaki,/artist/s-janaki,04:38,Tamil,09-04-2022,0.47,0.92,0.131,0.6,-5.026,0.033,171.912,1,0,0.048,4,28,9691543,2022
Sathiyam Neeye,T.M. Soundararajan,/artist/tm-soundararajan,04:14,Tamil,04-04-2009,0.21,0.749,0.336,0.345,-9.102,0.0716,179.448,0,1,0.0943,4,86,2183693,2009
Ponnazhaguppenmai,P. Susheela|L.R. Eswari,/artist/p-suseela-2|/artist/lr-eswari-2,03:22,Tamil,08-12-2000,0.33,0.83,0.945,0.3,-12.937,0.061,177.976,0,7,0.06,4,79,3099278,2000
Madanorchavam,Vani Jairam|S. P. Balasubrahmanyam,/artist/vani-jayaram|/artist/s-p-balasubrahamanyam,04:37,Tamil,08-04-2009,0.03,0.43,0.494,0.3,-11.448,0.093,181.708,1,9,0.038,4,56,11205374,2009
Solladi Abhirami,T.M. Soundararajan,/artist/tm-soundararajan,03:27,Tamil,12-07-2009,0.29,0.962,0.752,0.491,-13.072,0.09,180.046,1,9,0.03,4,52,4706688,2009
Vaanamum Phoomiyum - Bharathi Paul,Bharathi Paul,/artist/bharathi-paul,02:56,Tamil,12-12-2004,0.49,0.57,0.339,0.8,-2.955,0.0802,172.45,1,7,0.0102,4,60,6233948,2004
Vaazha Ninaiththaal,P. Susheela,/artist/p-suseela-2,02:11,Tamil,08-12-2004,0.52,0.293,0.473,0.665,-12.152,0.0,159.971,1,1,0.05,4,45,907862,2004
Pombala Oruththi,T.M. Soundararajan|A.L. Raghavan,/artist/tm-soundararajan|/artist/al-raghavan-1,04:14,Tamil,02-07-2001,0.13,0.84,0.542,0.5,-5.958,0.038,145.156,0,4,0.023,4,64,4511785,2001
Nilave Nee,M. S. Viswanathan|Jamuna,/artist/m-s-viswanathan-2|/artist/jamuna,03:38,Tamil,10-11-2009,0.81,0.205,0.587,0.819,-7.891,0.0348,114.957,1,7,0.026,4,57,2169374,2009
Poongkuyile,S. Janaki|Malaysia Vasudevan,/artist/s-janaki|/artist/malaysia-vasudevan,04:59,Tamil,02-04-2009,0.54,0.725,0.454,0.041,-12.975,0.07,148.058,1,3,0.09,4,78,769612,2009
Kanden Unthan,S. Janaki,/artist/s-janaki,04:04,Tamil,03-11-2008,0.11,0.166,0.478,0.338,-13.971,0.092,204.022,0,9,0.03,4,29,11067664,2008
Vaa Endradhu,P. Susheela,/artist/p-suseela-2,03:22,Tamil,01-02-2000,0.26,0.02,0.493,0.1,-3.484,0.0054,159.538,1,11,0.09,4,87,4675497,2000
Pani Thendral,Vani Jairam|Malaysia Vasudevan,/artist/vani-jayaram|/artist/malaysia-vasudevan,04:28,Tamil,04-03-2003,0.26,0.63,0.134,0.5,-7.133,0.0975,174.141,1,1,0.062,4,27,835389,2003
Mochchakottai,Vani Jairam|Chorus,/artist/vani-jayaram|/artist/chorus,04:11,Tamil,03-03-2007,0.44,0.095,0.311,0.173,-12.103,0.073,198.402,0,10,0.011,4,89,1903215,2007
Vaanagayya Vaathiyaariya,T.M. Soundararajan|P. Susheela,/artist/tm-soundararajan|/artist/p-suseela-2,04:54,Tamil,10-02-2003,0.81,0.24,0.742,0.3,-7.435,0.05,191.046,0,5,0.04,4,82,10150794,2003
Sugam Yethilae,T.M. Soundararajan|L.R. Eswari|K J Yesudas,/artist/tm-soundararajan|/artist/lr-eswari-2|/artist/k-j-yesudas,04:08,Tamil,06-03-2022,0.35,0.033,0.685,0.103,-8.89,0.078,173.78,1,0,0.02,4,82,720194,2022
Kadavul Irukkindrar,T.M. Soundararajan,/artist/tm-soundararajan,04:23,Tamil,01-03-2022,0.6,0.09,0.183,0.7,-11.264,0.043,155.114,0,10,0.08,4,100,2143852,2022
Pavadai Thavaniyai,Malaysia Vasudevan|S. Janaki,/artist/malaysia-vasudevan|/artist/s-janaki,04:38,Tamil,04-11-2023,0.36,0.79,0.839,0.9,-8.173,0.06,172.124,0,7,0.021,4,75,1772201,2023
Maranatthai Jeyitha Prayer,Bro D.G.S. Dhinakaran,/artist/bro-dgs-dhinakaran-37,02:31,Tamil,07-06-2001,0.49,0.6,0.574,0.753,-5.801,0.052,131.971,1,1,0.053,4,37,8078665,2001
Vaa Vaa Maama,S. Janaki,/artist/s-janaki,04:32,Tamil,05-11-2022,0.07,0.669,0.231,0.937,-3.652,0.098,145.038,1,1,0.0987,4,51,4320433,2022
O Meri Dilruba,T.M. Soundararajan|Jayalalithaa,/artist/tm-soundararajan|/artist/jayalalithaa-6,04:38,Tamil,10-07-2005,0.78,0.05,0.513,1.0,-2.615,0.1,149.226,0,4,0.076,4,47,2334908,2005
Chinna Arumbum Malarum,Tiruchi Loganathan,/artist/tiruchi-loganathan,03:05,Tamil,07-01-2006,0.62,0.95,0.023,0.654,-4.67,0.0828,123.083,0,10,0.08,4,28,10329626,2006
Adi Mathalankotti,L.R. Eswari,/artist/lr-eswari-2,04:25,Tamil,06-01-2022,0.62,0.758,0.726,0.742,-3.416,0.0478,182.948,0,10,0.06,4,58,6377624,2022
Nee Siriththaal,Sulamangalam R Rajalakshmi,/artist/sulamangalam-r-rajalakshmi,03:43,Tamil,11-03-2003,0.32,0.66,0.92,0.3,-10.907,0.04,164.981,1,11,0.0863,4,66,360827,2003
Idhuvarai Neengal,T.M. Soundararajan|P. Susheela,/artist/tm-soundararajan|/artist/p-suseela-2,05:35,Tamil,11-02-2004,0.52,0.188,0.685,0.342,-7.318,0.0522,104.979,1,1,0.003,4,45,1297452,2004
Yaar Neengal Yellai Puram Yellai Purathi Ellorum Ippadithan - StoryAndDialogues,Sivaji Ganesan,/artist/sivaji-ganesan,07:06,Tamil,09-12-2005,0.35,0.306,0.006,0.679,-2.836,0.0643,206.076,1,10,0.039,4,89,4698859,2005
Paduthaal Purandaal,S. P. Balasubrahmanyam|Ramola,/artist/s-p-balasubrahamanyam|/artist/ramola,04:33,Tamil,10-11-2002,0.16,0.709,0.991,0.706,-2.301,0.074,119.072,1,10,0.029,4,38,488950,2002
Yen Ullam Unthan,T.M. Soundararajan|L.R. Eswari,/artist/tm-soundararajan|/artist/lr-eswari-2,04:28,Tamil,09-10-2023,0.69,0.37,0.364,1.0,-7.219,0.062,120.024,1,1,0.0,4,68,8647437,2023
Devane Ennai - With Dialogues,T.M. Soundararajan,/artist/tm-soundararajan,05:15,Tamil,06-01-2006,0.52,0.73,0.066,0.5,-3.035,0.033,130.082,1,11,0.05,4,52,6804560,2006
Veppa Marathu Nizhalile,T. K. S. Kalaivanan,/artist/t-k-s-kalaivanan,04:44,Tamil,10-04-2007,0.5,0.018,0.353,0.002,-10.821,0.08,165.119,0,6,0.07,4,75,7224967,2007
Ennai Therinja,Vani Jairam|S. P. Balasubrahmanyam,/artist/vani-jayaram|/artist/s-p-balasubrahamanyam,04:39,Tamil,03-12-2009,0.96,0.03,0.825,0.2,-12.491,0.091,179.996,0,2,0.021,4,99,515977,2009
Maasillaa Deva Balane,Helen Satya,/artist/helen-satya,03:29,Tamil,12-11-2006,0.46,0.871,0.762,0.796,-8.711,0.0185,144.894,0,8,0.021,4,86,2781608,2006
Vaanam Keezhe Vanthal Enna_2,S. P. Balasubrahmanyam,/artist/s-p-balasubrahamanyam,05:58,Tamil,11-03-2021,0.31,0.06,0.971,0.1,-9.791,0.017,201.926,1,4,0.035,4,29,10189562,2021
Kalathil Idhu,L.R. Eswari,/artist/lr-eswari-2,03:27,Tamil,03-01-2009,0.92,0.79,0.402,0.9,-2.267,0.09,160.006,1,7,0.04,4,33,4874691,2009
Vaan Meghangale,S. Janaki|Malaysia Vasudevan,/artist/s-janaki|/artist/malaysia-vasudevan,04:54,Tamil,06-05-2022,0.68,0.653,0.357,0.607,-9.757,0.028,184.126,1,1,0.062,4,76,2175149,2022
Muthukkalo Kangal,T.M. Soundararajan|P. Susheela,/artist/tm-soundararajan|/artist/p-suseela-2,03:44,Tamil,01-02-2007,0.85,0.56,0.74,0.9,-12.42,0.0334,111.96,1,1,0.071,4,47,5583748,2007
Amaithikku Peyarthaan,T M S Selvakumar,/artist/t-m-s-selvakumar,05:15,Tamil,06-01-2005,0.37,0.274,0.549,0.784,-7.845,0.0775,186.004,1,1,0.04,4,99,4744978,2005
Azhagumayil,Sirkazhi Govindarajan|P. Susheela,/artist/sirkazhi-govindarajan|/artist/p-suseela-2,06:27,Tamil,08-09-2000,0.3,0.157,0.447,0.587,-4.879,0.07,170.152,1,4,0.03,4,89,1865918,2000
A B C D Chachaja,P.B.Srinivas,/artist/pbsrinivas-1,04:17,Tamil,06-11-2022,0.86,0.71,0.396,0.3,-13.331,0.065,130.01,0,4,0.04,4,26,2599916,2022
Aththai Magal,T M S Selvakumar,/artist/t-m-s-selvakumar,02:42,Tamil,12-04-2008,0.79,0.023,0.787,0.932,-13.494,0.0891,196.11,1,7,0.005,4,66,9361167,2008
Muruga Namavali,A.R. Ramani Ammal,/artist/ar-ramani-ammal-33,03:08,Tamil,03-10-2021,0.56,0.7,0.783,0.6,-6.868,0.06,176.008,1,1,0.069,4,60,2919199,2021
Prabo Venkatesa,S. P. Balasubrahmanyam|K. S. Chithra,/artist/s-p-balasubrahamanyam|/artist/chitra,06:53,Tamil,01-06-2008,0.34,0.07,0.586,0.6,-13.868,0.0,139.82,1,6,0.04,4,92,7389000,2008
Muthukulikka Vaareegala,T.M. Soundararajan|L.R. Eswari,/artist/tm-soundararajan|/artist/lr-eswari-2,03:33,Tamil,04-03-2005,0.26,0.284,0.869,0.185,-5.759,0.09,119.856,0,6,0.045,4,45,10237593,2005
Kanni Nathiyoram,P. Susheela|T.M. Soundararajan,/artist/p-suseela-2|/artist/tm-soundararajan,03:49,Tamil,08-07-2002,0.05,0.55,0.484,0.4,-11.118,0.085,120.005,0,4,0.028,4,56,2467713,2002
Paattu Varum,T.M. Soundararajan|P. Susheela,/artist/tm-soundararajan|/artist/p-suseela-2,03:46,Tamil,02-10-2007,0.89,0.692,0.477,0.518,-13.737,0.072,178.986,0,10,0.015,4,60,1355395,2007
Oru Vaalum Illai,T.M. Soundararajan,/artist/tm-soundararajan,03:41,Tamil,11-07-2001,0.16,0.03,0.016,0.7,-13.324,0.091,146.07,0,0,0.02,4,57,4944441,2001
Pakkatthu Veettu,P. Susheela,/artist/p-suseela-2,03:19,Tamil,11-09-2005,0.75,0.858,0.437,0.951,-11.205,0.0529,128.004,1,9,0.004,4,86,10601207,2005
Aasaiye Kaathule.,S. P. Sailaja|Chorus,/artist/s-p-sailaja-2|/artist/chorus,04:38,Tamil,08-03-2004,0.17,0.67,0.841,0.4,-12.048,0.015,135.062,0,11,0.0732,4,31,2049339,2004
Yogi Yunjitha Sathatham,P. Susheela,/artist/p-suseela-2,01:11,Tamil,09-06-2002,0.47,0.66,0.412,0.8,-10.457,0.025,190.116,1,0,0.082,4,45,10818378,2002
Akkam Pakkam,T.M. Soundararajan|P. Susheela,/artist/tm-soundararajan|/artist/p-suseela-2,03:37,Tamil,06-04-2005,0.57,0.63,0.484,0.505,-6.781,0.063,174.555,1,2,0.06,4,52,7425590,2005
Sami Thinthakathome,Sirkazhi Govindarajan,/artist/sirkazhi-govindarajan,03:44,Tamil,09-10-2005,0.21,0.31,0.871,0.4,-10.386,0.085,204.61,1,9,0.0402,4,67,5897636,2005
Yai Chinthamani,L.R.Anjali|Malaysia Vasudevan,/artist/lranjali|/artist/malaysia-vasudevan,05:02,Tamil,02-05-2006,0.67,0.756,0.605,0.067,-5.938,0.079,201.98,1,7,0.082,4,59,2517564,2006
Akkarai Seemai,K J Yesudas,/artist/k-j-yesudas,04:26,Tamil,02-04-2003,0.37,0.96,0.641,0.5,-7.781,0.09,200.09,1,7,0.07,4,76,8169344,2003
Kadavul Ennum,T.M. Soundararajan,/artist/tm-soundararajan,03:33,Tamil,08-01-2005,0.33,0.109,0.195,0.976,-11.574,0.04,139.833,0,11,0.01,4,76,7993015,2005
Hello Miss Hello Miss,T.M. Soundararajan,/artist/tm-soundararajan,04:11,Tamil,08-03-2002,0.97,0.442,0.289,0.172,-4.191,0.06,181.839,0,7,0.04,4,45,5202443,2002
Paadu Endru,P. Jayachandran,/artist/p-jayachandran-1,04:09,Tamil,11-07-2009,0.75,0.51,0.834,0.4,-7.168,0.0003,119.992,0,11,0.064,4,84,4021738,2009
Endhan Yesuve Undhan Nesame,Sister Sarah Navaroji,/artist/sister-sarah-navaroji,03:20,Tamil,11-10-2009,0.91,0.09,0.988,0.3,-12.356,0.1,160.08,0,10,0.0676,4,93,11393487,2009
Vignanathai,N. S. Krishnan|T. A. Madhuram,/artist/n-s-krishnan-1|/artist/t-a-madhuram-1,03:02,Tamil,12-10-2008,0.04,0.234,0.286,0.414,-7.575,0.02,167.846,1,1,0.015,4,44,6382527,2008
Naan Uyara,T.M. Soundararajan|P. Susheela,/artist/tm-soundararajan|/artist/p-suseela-2,05:46,Tamil,09-12-2004,0.93,0.305,0.333,0.719,-13.803,0.0787,126.96,0,10,0.03,4,62,10402160,2004
Ennai Vittu Pirintha Kadhalan,Vani Jairam|P. Jayachandran,/artist/vani-jayaram|/artist/p-jayachandran-1,04:55,Tamil,10-11-2003,0.23,0.74,0.136,0.3,-6.641,0.02,192.698,0,11,0.0,4,33,7890404,2003
Kadhiravan Thondrum Kaalai Idhe,Sister Sarah Navaroji,/artist/sister-sarah-navaroji,03:14,Tamil,07-04-2002,0.23,0.923,0.899,0.222,-3.759,0.03,119.963,1,8,0.07,4,56,7497838,2002
Naan Oru Medai Paadagan,T.M. Soundararajan|S. P. Balasubrahmanyam|L.R. Eswari,/artist/tm-soundararajan|/artist/s-p-balasubrahamanyam|/artist/lr-eswari-2,05:45,Tamil,05-07-2001,0.07,0.46,0.785,0.053,-13.382,0.1,119.999,1,10,0.09,4,33,1564612,2001
Disco Sangeetham Than,Deepan Chakravarthy|Uma Ramanan,/artist/deepan-chakravarthy|/artist/uma-ramanan-1,04:54,Tamil,08-02-2008,0.36,0.66,0.851,0.6,-7.01,0.06,104.967,0,11,0.043,4,99,3853714,2008
Nalla Nalla Pillaigalai (Male),T.M. Soundararajan,/artist/tm-soundararajan,03:36,Tamil,09-03-2020,0.85,0.957,0.26,0.019,-6.761,0.05,159.99,1,1,0.0931,4,98,1619477,2020
Udhithar Ulagathin Rakshagarai,Bharathi Paul,/artist/bharathi-paul,03:07,Tamil,01-08-2020,0.11,0.448,0.024,0.326,-3.818,0.0893,189.95,1,1,0.066,4,89,6078922,2020
Isaikettaal,T.M. Soundararajan,/artist/tm-soundararajan,05:00,Tamil,10-08-2004,0.62,0.563,0.688,0.841,-11.163,0.0226,165.192,1,6,0.0868,4,57,4409845,2004
Paruvam Pona,P. Susheela,/artist/p-suseela-2,04:38,Tamil,09-02-2021,0.34,0.58,0.046,0.3,-4.671,0.0051,119.998,1,2,0.055,4,25,2803048,2021
Raja Raja Maharaja - Ther Ukoothu,Party|T.M. Soundararajan,/artist/party|/artist/tm-soundararajan,09:37,Tamil,08-11-2022,0.48,0.977,0.673,0.146,-12.71,0.0481,104.523,0,1,0.04,4,79,10343415,2022
Thottu Kaattava,T.M. Soundararajan,/artist/tm-soundararajan,03:41,Tamil,03-04-2006,0.93,0.14,0.386,0.7,-3.207,0.01,140.181,0,5,0.0118,4,34,3909228,2006
Loving Is A Game,Saibaba|S. P. Balasubrahmanyam|L.R. Eswari,/artist/saibaba|/artist/s-p-balasubrahamanyam|/artist/lr-eswari-2,04:05,Tamil,06-03-2004,0.81,0.666,0.662,0.123,-2.567,0.07,140.0,1,1,0.01,4,64,10755436,2004
Kattapulle Kutta Pulle,S. Janaki|T.M. Soundararajan,/artist/s-janaki|/artist/tm-soundararajan,03:22,Tamil,08-06-2002,0.34,0.7,0.613,0.6,-11.922,0.002,194.126,0,5,0.082,4,49,7784470,2002
Aalhum Iraivan,Nagore E.M. Hanifa,/artist/nagore-em-hanifa-46,06:07,Tamil,12-12-2005,0.77,0.201,0.35,0.444,-8.076,0.05,174.146,1,1,0.055,4,86,4095673,2005
Jambulingame Jadathara,Dharapuram Sundararajan|K. Veeramani|Kovai Soundarajan,/artist/dharapuram-sundararajan|/artist/k-veeramani-1|/artist/kovai-soundaraj,03:34,Tamil,09-09-2021,0.47,0.4,0.938,0.7,-3.241,0.08,139.958,1,2,0.004,4,39,9717049,2021
Brindavanathukku,P Suhseela,/artist/p-suhseela,04:36,Tamil,10-06-2006,0.47,0.56,0.318,0.4,-12.165,0.09,144.908,0,9,0.03,4,83,6771745,2006
Vanathin Meethu,M.S. Subbulakshmi,/artist/ms-subbulakshmi,03:02,Tamil,03-12-2022,0.97,0.47,0.997,0.3,-4.437,0.0744,122.961,1,1,0.01,4,25,2492494,2022
Viragathapamenum,S. Janaki,/artist/s-janaki,04:31,Tamil,05-02-2001,0.16,0.253,0.866,0.701,-13.537,0.0073,193.956,1,11,0.0511,4,93,4987438,2001
Kannukku Theriyaatha,T.M. Soundararajan,/artist/tm-soundararajan,03:32,Tamil,09-05-2006,0.22,0.68,0.374,0.8,-5.321,0.058,148.028,0,5,0.0764,4,66,9047322,2006
Mampazha Thottam,Dr. Seerkhazhi S. Govindarajan|L.R. Eswari,/artist/dr-seerkhazhi-s-govindarajan-1|/artist/lr-eswari-2,04:15,Tamil,06-09-2007,0.27,0.332,0.269,0.261,-11.499,0.08,133.514,0,4,0.08,4,64,3621939,2007
Muthu Nagaiye,T.M. Soundararajan,/artist/tm-soundararajan,03:15,Tamil,06-03-2008,0.88,0.38,0.802,0.1,-13.268,0.0383,139.959,1,1,0.0887,4,61,2680694,2008
Ootha Kaathu,S. Janaki|P. Jayachandran,/artist/s-janaki|/artist/p-jayachandran-1,04:39,Tamil,12-02-2023,1.0,0.433,0.972,0.358,-4.11,0.04,190.108,0,4,0.08,4,32,6178277,2023
Sathappa,Malaysia Vasudevan|Venkatesh,/artist/malaysia-vasudevan|/artist/venkatesh,04:10,Tamil,03-02-2020,0.9,0.09,0.925,0.5,-10.688,0.0077,140.171,0,10,0.0564,4,58,4019770,2020
Puriyadhu,A. M. Rajah,/artist/a-m-rajah-1,04:43,Tamil,04-12-2021,0.1,0.03,0.643,0.1,-10.772,0.053,108.062,0,7,0.01,4,68,3468006,2021
Satguru Padugai,Bhaktha Swaraa Bhajan Mandali,/artist/bhaktha-swaraa-bhajan-mandali,06:30,Tamil,03-11-2008,0.21,0.22,0.681,0.0,-2.16,0.0044,185.969,0,7,0.091,4,91,6274824,2008
Devathi Devar Ellam,Malaysia Vasudevan,/artist/malaysia-vasudevan,04:10,Tamil,04-05-2000,0.86,0.23,0.174,0.021,-13.995,0.0124,115.926,1,1,0.0933,4,48,7144125,2000
Saravana Poigaiyil,P. Susheela,/artist/p-suseela-2,04:23,Tamil,10-09-2004,0.66,0.91,0.802,0.3,-4.98,0.04,140.778,0,10,0.0839,4,89,3384076,2004
Kungumam,P Suhseela|Sulamangalam R Rajalakshmi,/artist/p-suhseela|/artist/sulamangalam-r-rajalakshmi,02:51,Tamil,02-11-2004,0.17,0.462,0.514,0.766,-7.353,0.088,197.48,1,6,0.0665,4,72,5923950,2004
Naalai Naalai (Pathos),T.M. Soundararajan|P. Susheela,/artist/tm-soundararajan|/artist/p-suseela-2,04:17,Tamil,10-02-2007,0.77,0.938,0.714,0.692,-12.469,0.003,184.638,0,11,0.093,4,91,5056924,2007
Thunbamellam,K.B. Sundarambal,/artist/kb-sundarambal,02:12,Tamil,04-06-2002,0.1,0.86,0.61,0.6,-10.109,0.07,169.212,1,1,0.0654,4,81,7569878,2002
Mayakkam Enedhu,T M S Selvakumar,/artist/t-m-s-selvakumar,03:32,Tamil,12-08-2005,0.83,0.397,0.996,0.165,-8.009,0.0575,179.816,0,5,0.07,4,59,1516091,2005
Pothaicha,K. S. Chithra,/artist/chitra,04:55,Tamil,02-12-2004,0.27,0.302,0.088,0.963,-8.815,0.0046,196.304,1,0,0.0603,4,66,46779,2004
Paththumalai Thiru,Sirkazhi Govindarajan|P. Susheela|M. S. Viswanathan|L.R. Eswari|T.M. Soundararajan|Bangalore A.R. Ramani Amma,/artist/sirkazhi-govindarajan|/artist/p-suseela-2|/artist/m-s-viswanathan-2|/artist/lr-eswari-2|/artist/tm-soundararajan|/artist/bangalore-ar-ramani-amma-1,09:26,Tamil,08-10-2009,0.75,0.469,0.771,0.663,-8.203,0.05,200.817,1,1,0.04,4,91,10720938,2009
Enga Ooru,Kollangudi Karuppayi,/artist/kollangudi-karuppayi,04:11,Tamil,01-05-2020,0.35,0.571,0.594,0.878,-10.397,0.0864,189.988,1,0,0.01,4,68,8680230,2020
Thangamani Rangamani,S. P. Balasubrahmanyam|Vani Jairam,/artist/s-p-balasubrahamanyam|/artist/vani-jayaram,04:00,Tamil,03-12-2022,0.34,0.027,0.662,0.299,-8.588,0.095,155.192,1,2,0.02,4,99,6225692,2022
Iraivan Nabi Magal Fathima,K. Mohideen Baig,/artist/k-mohideen-baig-5,03:14,Tamil,08-08-2022,0.43,0.62,0.836,0.5,-9.584,0.09,199.996,0,6,0.0185,4,58,7835624,2022
Kalyana Santhaiyille Oru,P. Susheela,/artist/p-suseela-2,03:32,Tamil,07-11-2001,0.99,0.735,0.243,0.678,-4.783,0.004,171.642,1,10,0.02,4,40,2695972,2001
Thookkamun Kangalai,U. Thiyagarajan|Orchestra,/artist/u-thiyagarajan-1|/artist/orchestra,04:22,Tamil,07-01-2004,0.67,0.77,0.942,0.3,-6.13,0.07,187.028,0,11,0.01,4,55,3247183,2004
Kannil Undu Oru,Manonmani Shankar,/artist/manonmani-shankar,04:27,Tamil,02-10-2003,0.02,0.941,0.21,0.366,-3.887,0.01,191.696,1,1,0.02,4,46,8957809,2003
Kalyana Aasasi Vantha,T.M. Soundararajan|P. Susheela,/artist/tm-soundararajan|/artist/p-suseela-2,03:29,Tamil,11-02-2006,0.25,0.57,0.881,0.1,-2.333,0.1,181.448,0,6,0.005,4,42,2535422,2006
Naan Yezhu Vayasile,L.R. Eswari,/artist/lr-eswari-2,03:44,Tamil,05-05-2009,0.02,0.14,0.296,0.6,-2.833,0.08,140.065,0,0,0.06,4,33,9531204,2009
Pdachonnal,A.L. Raghavan,/artist/al-raghavan-1,01:39,Tamil,10-09-2021,0.69,0.38,0.32,0.633,-6.673,0.01,148.002,1,2,0.02,4,31,9444713,2021
Yesu Thirunaamam,Helen Satya|Betty Prince|Ruby John|Daphne Lionel|Sherene John,/artist/helen-satya|/artist/betty-prince|/artist/ruby-john|/artist/daphne-lionel|/artist/sherene-john,03:57,Tamil,06-03-2006,0.26,0.88,0.555,0.8,-3.904,0.075,186.058,1,10,0.0373,4,97,7742351,2006
Attra Melathai,Kovai Soundarajan|L.R. Eswari,/artist/kovai-soundaraj|/artist/lr-eswari-2,04:48,Tamil,01-08-2003,0.6,0.77,0.661,0.9,-4.22,0.0964,194.056,1,7,0.0046,4,70,5116480,2003
Velli Mani,P. Susheela,/artist/p-suseela-2,03:14,Tamil,05-11-2023,0.05,0.321,0.263,0.669,-2.298,0.03,130.047,1,0,0.01,4,29,4981181,2023
Saranam Saranam Saiendru,T. K. S. Kalaivanan,/artist/t-k-s-kalaivanan,04:12,Tamil,08-01-2009,0.9,0.43,0.31,0.5,-4.237,0.0427,176.114,1,5,0.0485,4,63,539821,2009
Uyire Uyire,Vani Jairam|S. P. Balasubrahmanyam,/artist/vani-jayaram|/artist/s-p-balasubrahamanyam,10:56,Tamil,10-03-2005,0.88,0.117,0.278,0.647,-6.764,0.052,150.948,1,1,0.069,4,64,803606,2005
Thoovanam,Salem S. Jayalakshmi,/artist/salem-s-jayalakshmi-2,05:29,Tamil,11-05-2001,0.79,0.76,0.074,0.3,-5.275,0.07,176.945,1,9,0.0524,4,68,11298230,2001
Oh Nenjame,S. Janaki|Dheepan Chakravarthy,/artist/s-janaki|/artist/dheepan-chakravarthy,05:41,Tamil,02-01-2020,0.35,0.839,0.842,0.161,-11.423,0.02,112.996,0,10,0.0907,4,55,3318176,2020
Kakka Pudikkama,S. P. Balasubrahmanyam,/artist/s-p-balasubrahamanyam,04:40,Tamil,02-03-2022,0.29,0.49,0.331,0.7,-6.712,0.026,112.347,1,7,0.0041,4,88,10769451,2022
Neramithu,P Suhseela|T M S Selvakumar,/artist/p-suhseela|/artist/t-m-s-selvakumar,04:33,Tamil,08-04-2000,0.11,0.43,0.942,0.2,-4.746,0.03,116.997,1,1,0.0008,4,33,8107782,2000
Vadivelane,P Suhseela,/artist/p-suhseela,04:05,Tamil,12-10-2009,0.77,0.659,0.629,0.282,-10.316,0.056,178.978,0,11,0.085,4,39,4291035,2009
Maargazhiyil,Vani Jairam|S. P. Balasubrahmanyam,/artist/vani-jayaram|/artist/s-p-balasubrahamanyam,04:31,Tamil,08-07-2022,0.2,0.96,0.13,0.4,-3.358,0.018,123.906,1,7,0.067,4,46,11161451,2022
Unnai Ondru (Pathos),P. Susheela,/artist/p-suseela-2,02:01,Tamil,11-04-2022,0.35,0.47,0.595,0.1,-10.595,0.0371,140.042,1,0,0.1,4,50,6130897,2022
Ammadi Ponnukku (Happy),T.M. Soundararajan,/artist/tm-soundararajan,03:42,Tamil,10-03-2003,0.64,0.98,0.66,0.5,-10.442,0.08,192.048,1,1,0.092,4,64,3927965,2003
Ponnendrum Poovendrum,S. P. Balasubrahmanyam,/artist/s-p-balasubrahamanyam,03:39,Tamil,02-11-2006,0.72,0.95,0.971,1.0,-8.346,0.027,171.043,1,1,0.038,4,96,6562653,2006
Kodi Kodi,Pitthukuli Murugadas,/artist/pitthukuli-murugadas,07:02,Tamil,02-03-2000,1.0,0.95,0.499,0.4,-11.36,0.024,119.992,1,1,0.06,4,60,4743008,2000
Pattu Vanna Roja,K. S. Chithra,/artist/chitra,04:26,Tamil,03-11-2008,0.96,0.29,0.367,0.8,-12.065,0.0013,185.97,0,8,0.068,4,43,6591407,2008
Yaaradaa Manithan,T.M. Soundararajan,/artist/tm-soundararajan,03:29,Tamil,07-04-2006,0.07,0.175,0.279,0.396,-5.994,0.03,192.066,1,8,0.05,4,66,4341400,2006
Penmani Ava Kanmani,S. P. Balasubrahmanyam,/artist/s-p-balasubrahamanyam,04:13,Tamil,07-01-2009,0.96,0.35,0.371,0.5,-10.322,0.0434,159.954,1,8,0.075,4,79,4937486,2009
Oh Ammani Akka,S. Janaki,/artist/s-janaki,04:18,Tamil,08-12-2005,0.77,0.399,0.234,0.523,-2.311,0.07,121.974,0,1,0.0939,4,95,10628949,2005
Kanna Kurumai Nira,P. Susheela,/artist/p-suseela-2,03:21,Tamil,03-06-2005,0.99,0.06,0.052,0.4,-12.967,0.03,141.773,1,2,0.03,4,82,6992055,2005
Konjam Odhungu,S. P. Balasubrahmanyam,/artist/s-p-balasubrahamanyam,04:28,Tamil,02-09-2022,0.96,0.002,0.391,0.366,-4.508,0.0,154.889,1,8,0.07,4,88,2212961,2022
Pottu Vaitha - Instrumental,Kunnakudi Vaidyanathan,/artist/kunnakkudi-baidyanathan,04:18,Tamil,01-12-2001,0.87,0.46,0.677,0.3,-12.398,0.0654,160.146,1,2,0.073,4,62,2329484,2001
Intha Malligai Manasai,S. Janaki|Chorus,/artist/s-janaki|/artist/chorus,04:58,Tamil,01-06-2003,0.67,0.139,0.672,0.816,-5.33,0.0,157.953,1,8,0.012,4,25,651169,2003
Indha Minminikku,S. Janaki|Malaysia Vasudevan,/artist/s-janaki|/artist/malaysia-vasudevan,04:27,Tamil,11-08-2020,0.28,0.82,0.676,0.2,-3.429,0.056,129.976,0,10,0.0058,4,64,10830987,2020
Kalyana Naal Paarkka,P. Susheela|T.M. Soundararajan,/artist/p-suseela-2|/artist/tm-soundararajan,04:28,Tamil,11-02-2001,0.35,0.938,0.16,0.58,-10.076,0.09,159.984,0,6,0.0789,4,55,3029643,2001
Megangal,P. Susheela|Sirkazhi Govindarajan,/artist/p-suseela-2|/artist/sirkazhi-govindarajan,03:35,Tamil,06-03-2023,0.8,0.91,0.758,0.6,-13.531,0.013,133.117,0,0,0.0705,4,95,7476988,2023
Raja Embaar,S. Janaki|S. P. Balasubrahmanyam,/artist/s-janaki|/artist/s-p-balasubrahamanyam,04:32,Tamil,08-12-2022,0.54,0.567,0.562,0.112,-8.717,0.044,148.234,1,9,0.07,4,54,4445643,2022
Oru Iniya Manathu,Sujatha Mohan,/artist/sujatha,04:18,Tamil,01-12-2009,0.33,0.64,0.06,0.2,-9.295,0.0046,159.873,1,0,0.08,4,57,7014514,2009
Atthai Maganae,P. Susheela,/artist/p-suseela-2,02:48,Tamil,12-05-2007,0.59,0.022,0.068,0.159,-9.796,0.0296,113.978,1,0,0.0896,4,48,8742853,2007
Yaarukku Maappillai Yaaro,P. Susheela,/artist/p-suseela-2,03:33,Tamil,07-02-2020,0.8,0.86,0.19,0.1,-6.923,0.0797,166.762,1,7,0.07,4,60,8680821,2020
Ye Machchi,Malaysia Vasudevan,/artist/malaysia-vasudevan,04:33,Tamil,05-07-2022,0.3,0.526,0.772,0.835,-4.061,0.03,140.027,0,9,0.0424,4,73,6952259,2022
Oorgolam Pokindra,L.R. Eswari|S. P. Balasubrahmanyam,/artist/lr-eswari-2|/artist/s-p-balasubrahamanyam,04:30,Tamil,04-06-2003,0.63,0.988,0.918,0.232,-6.782,0.027,150.1,0,11,0.034,4,85,2040646,2003
Panikooda Vairam Pol,Dheepan Chakravarthy|Vani Jairam,/artist/dheepan-chakravarthy|/artist/vani-jayaram,04:09,Tamil,07-08-2006,0.33,0.997,0.251,0.914,-5.263,0.011,150.418,0,4,0.093,4,34,2615319,2006
Kodiyil Irandu,T.M. Soundararajan|P. Susheela,/artist/tm-soundararajan|/artist/p-suseela-2,03:18,Tamil,06-10-2001,0.29,0.19,0.284,0.6,-13.443,0.046,166.028,0,10,0.09,4,26,1965427,2001
Ulagamengum,U. Thiyagarajan|Orchestra,/artist/u-thiyagarajan-1|/artist/orchestra,03:53,Tamil,05-07-2002,0.06,0.85,0.255,0.171,-10.841,0.0464,120.998,1,2,0.08,4,52,6302489,2002
Tikkirikki Tikkirikki Tattada,P.B. Sreenivas|L.R. Eswari,/artist/pb-sreenivas|/artist/lr-eswari-2,03:35,Tamil,02-10-2021,0.78,0.34,0.407,0.4,-11.749,0.0416,148.09,1,11,0.0447,4,79,811143,2021
Anbe Oru Aasai Geettham,S. P. Balasubrahmanyam,/artist/s-p-balasubrahamanyam,04:41,Tamil,04-12-2021,0.93,0.757,0.047,0.174,-3.826,0.08,139.935,0,5,0.088,4,33,7615487,2021
Thirutheril Varum,P. Susheela|S. P. Balasubrahmanyam,/artist/p-suseela-2|/artist/s-p-balasubrahamanyam,03:53,Tamil,04-04-2020,0.21,0.39,0.419,0.8,-7.517,0.069,107.119,1,7,0.0504,4,45,10497418,2020
Ilamai Ennum Orch,T. Selvakumar,/artist/t-selvakumar-1,03:58,Tamil,04-01-2006,0.34,0.403,0.435,0.748,-6.724,0.08,127.003,1,6,0.049,4,96,4065503,2006
Aasaiyaa Kopamaa,T.M. Soundararajan|P. Susheela,/artist/tm-soundararajan|/artist/p-suseela-2,03:32,Tamil,04-02-2021,0.02,0.81,0.69,0.9,-11.605,0.05,192.03,1,1,0.009,4,39,2800038,2021
Naan Oru Gumastha,T.M. Soundararajan,/artist/tm-soundararajan,02:05,Tamil,04-02-2006,0.48,0.76,0.376,0.0,-3.845,0.02,172.933,0,8,0.0495,4,44,2877804,2006
Aval Our Menagai,S. P. Balasubrahmanyam,/artist/s-p-balasubrahamanyam,03:39,Tamil,08-02-2022,0.82,0.081,0.706,0.286,-10.226,0.03,192.108,0,11,0.0033,4,79,6676353,2022
Seeradi Vazhum,Manonmani Shankar,/artist/manonmani-shankar,04:09,Tamil,04-02-2009,0.41,0.74,0.999,0.7,-10.368,0.0438,197.21,1,1,0.0079,4,93,9042862,2009
Sonthakkara - Sad,K. S. Chithra,/artist/chitra,02:06,Tamil,06-02-2023,0.59,0.118,0.626,0.085,-3.388,0.0466,159.833,1,8,0.071,4,33,4577933,2023
Andru Nee Velundri,K B Sundarambal,/artist/k-b-sundarambal,01:16,Tamil,02-09-2022,0.67,0.94,0.54,0.0,-13.334,0.0,192.012,1,2,0.03,4,45,3575447,2022
Anbulla Appa,S. P. Balasubrahmanyam|S. P. Sailaja,/artist/s-p-balasubrahamanyam|/artist/s-p-sailaja-2,04:20,Tamil,06-03-2023,0.08,0.508,0.449,0.357,-3.215,0.0541,145.99,1,1,0.09,4,42,9416669,2023
Poo Vaitha,T.M. Soundararajan|P. Susheela|L.R. Eswari,/artist/tm-soundararajan|/artist/p-suseela-2|/artist/lr-eswari-2,04:13,Tamil,02-08-2001,1.0,0.66,0.373,0.5,-4.664,0.07,145.179,0,0,0.0318,4,70,5810868,2001
Poongatre-Kelayo,K. S. Chithra,/artist/chitra,04:36,Tamil,11-07-2001,0.29,0.47,0.714,0.7,-8.746,0.022,192.526,0,7,0.0982,4,39,6480360,2001
Maaveduthu Pookolam,Vidhyaa|S. P. Balasubrahmanyam,/artist/vidhyaa|/artist/s-p-balasubrahamanyam,03:53,Tamil,09-11-2004,0.55,0.564,0.357,0.77,-7.191,0.0817,196.132,0,3,0.0561,4,74,6885793,2004
Muththuppal Sirippennavo,T.M. Soundararajan|P. Susheela,/artist/tm-soundararajan|/artist/p-suseela-2,06:02,Tamil,04-11-2009,0.7,0.735,0.057,0.742,-11.063,0.085,133.955,0,10,0.086,4,85,8165220,2009
Yeazhaiyin,Malaysia Vasudevan,/artist/malaysia-vasudevan,02:58,Tamil,11-10-2008,0.77,0.09,0.658,0.4,-7.737,0.0511,194.952,0,9,0.017,4,54,5582185,2008
Kanda Mula Bhaji,P. Susheela,/artist/p-suseela-2,03:21,Tamil,04-10-2022,0.66,0.68,0.285,0.4,-10.583,0.06,151.974,0,8,0.045,4,33,6398673,2022
Kuru Kuru Nagaienna,L.R. Eswari|T.M. Soundararajan,/artist/lr-eswari-2|/artist/tm-soundararajan,03:01,Tamil,12-07-2008,0.62,0.622,0.531,0.489,-3.512,0.07,148.274,0,11,0.09,4,69,1169037,2008
Navarathiriyil - Punnagaimannan,S. Janaki|P. Susheela,/artist/s-janaki|/artist/p-suseela-2,05:03,Tamil,03-04-2020,0.48,0.23,0.453,0.1,-7.156,0.0642,165.176,1,2,0.004,4,73,9270237,2020
Dey Vembu,S. P. Balasubrahmanyam,/artist/s-p-balasubrahamanyam,04:38,Tamil,02-02-2007,0.77,0.92,0.196,0.145,-2.617,0.01,141.004,1,7,0.06,4,79,360432,2007
Aadamal Aadugiren,P. Susheela,/artist/p-suseela-2,04:04,Tamil,08-01-2009,0.81,0.15,0.008,0.2,-5.504,0.0089,179.514,0,6,0.077,4,71,7176383,2009
Munthaanai,S. P. Balasubrahmanyam,/artist/s-p-balasubrahamanyam,04:36,Tamil,11-10-2022,0.6,0.719,0.33,0.132,-13.104,0.0429,120.004,0,5,0.0432,4,81,8590861,2022
Vellampole Thullum Ullangal,S. P. Balasubrahmanyam|Paravai,/artist/s-p-balasubrahamanyam|/artist/paravai,04:40,Tamil,05-06-2022,0.81,0.98,0.461,0.3,-8.7,0.082,171.847,1,11,0.0681,4,92,3081591,2022
Engalathu Bhoomi,Manorama|J. P. Chandrababu|Kovai Soundarajan|P. Susheela,/artist/manorama|/artist/j-p-chandrababu-1|/artist/kovai-soundaraj|/artist/p-suseela-2,05:46,Tamil,06-04-2004,0.9,0.485,0.989,0.621,-9.57,0.0187,168.044,0,6,0.09,4,78,956163,2004
Kaatril Enthan,S. Janaki,/artist/s-janaki,04:26,Tamil,03-04-2002,0.28,0.32,0.819,0.5,-4.593,0.09,166.97,1,10,0.01,4,96,10077392,2002
Vellipanatthukkum,P.B. Sreenivas,/artist/pb-sreenivas,03:15,Tamil,02-04-2020,0.41,0.517,0.263,0.501,-2.674,0.076,159.662,0,10,0.04,4,76,7540166,2020
Title Music - Film (Aarilirunthu Arupathu Varai),Orchestra,/artist/orchestra,03:03,Tamil,07-07-2002,0.67,0.739,0.641,0.958,-12.15,0.02,119.932,1,1,0.0049,4,52,11085701,2002
Oru Aviyal Virunthu,L.R. Eswari|K. Veeramani|Pattom Sadan|T.A. Mothi|N. Rao|J.V. Ragubala,/artist/lr-eswari-2|/artist/k-veeramani-1|/artist/pattom-sadan|/artist/ta-mothi|/artist/n-rao-2|/artist/jv-ragubala-1,06:53,Tamil,03-12-2020,0.38,0.939,0.505,0.179,-7.351,0.05,151.99,1,8,0.02,4,84,11149597,2020
Karunai Oli Vellam,S. Lalitha|T.M. Soundararajan,/artist/s-lalitha|/artist/tm-soundararajan,04:27,Tamil,03-03-2020,0.66,0.24,0.366,1.0,-11.994,0.039,134.924,0,0,0.04,4,73,1581411,2020
Naane Naana.,Vani Jairam,/artist/vani-jayaram,04:27,Tamil,09-10-2002,0.2,0.582,0.118,0.918,-11.021,0.025,190.083,1,8,0.0066,4,85,4941905,2002
Kattipudi samy dharisanam Kami,K. S. Chithra,/artist/chitra,04:22,Tamil,01-10-2003,0.45,0.97,0.425,0.7,-10.678,0.049,149.995,1,7,0.074,4,59,10151484,2003
Allipanthal,M.S. Raju|L.R. Eswari,/artist/ms-raju-4|/artist/lr-eswari-2,03:16,Tamil,07-01-2007,0.06,0.23,0.621,0.331,-4.161,0.019,135.03,1,0,0.1,4,65,9606469,2007
Bhakthar Gana Priya,Dharmapuram P Swaminathan,/artist/dharmapuram-p-swaminathan,06:53,Tamil,05-09-2023,0.6,0.22,0.189,0.9,-2.492,0.05,155.062,0,8,0.0536,4,67,6111292,2023
Odam Ondru,Ilaiyaraaja,/artist/iiaiyaraaja,03:11,Tamil,11-09-2003,0.7,0.557,0.742,0.9,-6.305,0.039,184.975,0,11,0.05,4,83,5996178,2003
Kovalan - Kannaki Therukoothu - Part 2,Kovai Soundarajan|Sirkazhi Govindarajan|Tharai A. Ganesan|A. Kasthuri,/artist/kovai-soundaraj|/artist/sirkazhi-govindarajan|/artist/tharai-a-ganesan-1|/artist/a-kasthuri,04:13,Tamil,09-09-2004,0.98,0.1,0.392,0.3,-4.723,0.039,144.028,0,6,0.043,4,34,5503065,2004
Sandhanatthil,P Suhseela|T M S Selvakumar,/artist/p-suhseela|/artist/t-m-s-selvakumar,05:12,Tamil,08-11-2002,0.47,0.5,0.005,0.8,-2.738,0.0733,160.045,1,9,0.02,4,33,8983254,2002
Thillumullu Thillumullu,S. P. Balasubrahmanyam,/artist/s-p-balasubrahamanyam,01:35,Tamil,03-05-2007,0.73,0.08,0.359,0.2,-5.39,0.0166,135.112,0,10,0.055,4,80,2651773,2007
Paal Vadiyum Mugam (Nadhaswaram),Pandanallur T.R.D.Anandakumar,/artist/pandanallur-trdanandakumar,07:06,Tamil,02-07-2005,0.37,0.87,0.139,0.607,-6.678,0.093,175.215,1,2,0.043,4,76,5682592,2005
Miyav Miyav Poonikutti,M.S. Rajeswari,/artist/ms-rajeswari,03:03,Tamil,01-02-2004,0.38,0.28,0.861,0.1,-6.188,0.09,168.018,1,8,0.031,4,36,9876972,2004
Poontha Malliyile,Manorama|S. P. Balasubrahmanyam|Pattom Sadan,/artist/manorama|/artist/s-p-balasubrahamanyam|/artist/pattom-sadan,04:08,Tamil,09-06-2020,0.29,0.03,0.171,0.671,-11.831,0.033,115.964,1,1,0.008,4,30,10283239,2020
My Name Is Aasha,Various,/artist/various,05:16,Tamil,04-08-2005,0.47,0.19,0.9,0.8,-8.496,0.01,121.986,0,6,0.067,4,65,4107093,2005
Thullivarum Meengale,T.M. Soundararajan,/artist/tm-soundararajan,03:19,Tamil,01-04-2020,0.2,0.473,0.681,0.421,-12.114,0.0,163.975,1,9,0.01,4,98,10505577,2020
Yendru Thaniyum,P Leela,/artist/p-leela,03:17,Tamil,12-04-2005,0.02,0.327,0.257,0.719,-5.079,0.089,114.079,0,11,0.03,4,69,9486563,2005
Olimayamaana - Instrumental,T. E. Palanisami,/artist/t-e-palanisami-1,04:48,Tamil,07-12-2003,0.39,0.37,0.337,0.3,-8.113,0.004,173.966,1,2,0.04,4,93,94156,2003
Kizhakku Veluthathadi,T.M. Soundararajan|P. Susheela,/artist/tm-soundararajan|/artist/p-suseela-2,03:31,Tamil,10-05-2008,0.58,0.195,0.49,0.634,-3.715,0.07,124.017,1,7,0.072,4,65,4539845,2008
Chinnam Chiru Sudhane,Bharathi Paul,/artist/bharathi-paul,03:13,Tamil,04-03-2020,0.95,0.641,0.82,0.18,-8.78,0.039,163.959,0,4,0.0795,4,57,2192300,2020
Thottukkollavaa,P Suhseela|T M S Selvakumar,/artist/p-suhseela|/artist/t-m-s-selvakumar,03:04,Tamil,08-03-2021,0.18,0.66,0.665,0.8,-8.633,0.0807,174.536,1,7,0.04,4,78,3882470,2021
Punnagai Puriyatha,K J Yesudas|S. P. Sailaja,/artist/k-j-yesudas|/artist/s-p-sailaja-2,04:42,Tamil,05-11-2008,0.18,0.61,0.234,0.4,-13.8,0.03,124.978,1,6,0.0758,4,46,6084684,2008
Chinna Chinna,P. Susheela|Chorus,/artist/p-suseela-2|/artist/chorus,03:34,Tamil,10-05-2009,0.75,0.56,0.141,0.8,-13.011,0.0554,137.079,1,1,0.0657,4,68,7250851,2009
Thendral Urangiya Podhum,M.S. Naseem|Jaya,/artist/ms-naseem|/artist/jaya,03:38,Tamil,08-08-2000,0.99,0.64,0.884,0.1,-4.335,0.05,136.614,0,5,0.072,4,49,6529805,2000
Brova Baarama,K J Yesudas,/artist/k-j-yesudas,04:14,Tamil,06-12-2002,0.12,0.143,0.302,0.179,-2.281,0.03,177.894,0,6,0.02,4,92,4760617,2002
Un Paadal Paathi,P. Jayachandran|P. Susheela,/artist/p-jayachandran-1|/artist/p-suseela-2,04:41,Tamil,07-12-2005,0.35,0.696,0.536,0.634,-3.696,0.05,148.775,0,10,0.014,4,73,10291362,2005
Uravu Endoru,S. Janaki,/artist/s-janaki,03:35,Tamil,04-02-2007,0.26,0.624,0.088,0.437,-10.114,0.08,196.038,1,1,0.0838,4,42,2382973,2007
Azhagan Murugan,P. Susheela,/artist/p-suseela-2,03:29,Tamil,09-01-2021,0.69,0.11,0.556,0.403,-4.373,0.0294,141.021,1,1,0.05,4,47,3282822,2021
Azhagiya Oviyam,K J Yesudas|P. Susheela,/artist/k-j-yesudas|/artist/p-suseela-2,03:01,Tamil,10-04-2008,0.94,0.99,0.528,0.7,-10.581,0.0556,131.971,0,3,0.0961,4,97,2928472,2008
Akkarai Seemai,K J Yesudas,/artist/k-j-yesudas,04:26,Tamil,02-03-2002,0.71,0.034,0.567,0.368,-2.791,0.0361,159.956,1,2,0.08,4,96,3585773,2002
Kan Kavarum Silaiye,T.M. Soundararajan,/artist/tm-soundararajan,03:25,Tamil,05-09-2009,0.73,0.364,0.999,0.742,-4.183,0.02,120.977,1,1,0.0531,4,55,10521502,2009
Enakkoru Makan,T.M. Soundararajan,/artist/tm-soundararajan,04:07,Tamil,10-02-2021,0.79,0.64,0.647,1.0,-13.276,0.06,159.995,0,8,0.058,4,31,9698510,2021
Pattu Selai Kaatthaada,T.M. Soundararajan|P. Susheela,/artist/tm-soundararajan|/artist/p-suseela-2,03:03,Tamil,04-07-2003,0.21,0.92,0.74,0.7,-6.237,0.05,124.818,0,2,0.06,4,35,4379686,2003
Adi Aadu,Malaysia Vasudevan|Chorus,/artist/malaysia-vasudevan|/artist/chorus,04:38,Tamil,10-12-2023,0.75,0.27,0.401,0.7,-5.04,0.032,138.193,1,8,0.02,4,59,1643244,2023
Mundahakkanniyamma,L.R. Eswari,/artist/lr-eswari-2,03:38,Tamil,02-12-2022,0.06,0.88,0.826,0.2,-4.289,0.042,133.99,1,9,0.02,4,92,3488354,2022
Achuvella Pechukari,S. P. Balasubrahmanyam,/artist/s-p-balasubrahamanyam,04:15,Tamil,01-03-2023,0.14,0.96,0.463,0.1,-7.31,0.03,133.922,0,4,0.0653,4,59,7277939,2023
Vannakkili,P Suhseela|T M S Selvakumar,/artist/p-suhseela|/artist/t-m-s-selvakumar,03:43,Tamil,05-09-2008,0.17,0.435,0.199,0.375,-9.601,0.0204,160.049,1,2,0.02,4,42,1206834,2008
Aadhi Thiruvaarthai,Helen Satya|Betty Prince,/artist/helen-satya|/artist/betty-prince,06:12,Tamil,05-07-2005,0.59,0.54,0.331,0.4,-8.167,0.013,151.098,1,1,0.077,4,91,147046,2005
Thenandal,P Suhseela,/artist/p-suhseela,05:16,Tamil,05-08-2005,0.43,0.028,0.639,0.197,-5.85,0.008,140.045,0,8,0.016,4,60,4213739,2005
Varanamayiram,Vani Jairam,/artist/vani-jayaram,01:41,Tamil,10-04-2002,0.94,0.87,0.983,0.3,-5.53,0.0174,131.977,1,8,0.0313,4,33,7415478,2002
Araro Thai Pada,K J Yesudas,/artist/k-j-yesudas,02:20,Tamil,09-02-2001,0.93,0.336,0.038,0.491,-3.475,0.01,127.984,1,11,0.0353,4,97,3782644,2001
Muthupole,Sirkazhi Govindarajan|Rajalakshmi,/artist/sirkazhi-govindarajan|/artist/rajalakshmi,03:03,Tamil,01-08-2005,0.71,0.46,0.041,0.9,-5.524,0.0,163.996,1,1,0.07,4,67,5419353,2005
Inba Elai Kaanum Neram,S. Janaki|P.B. Sreenivas,/artist/s-janaki|/artist/pb-sreenivas,03:21,Tamil,02-02-2006,0.63,0.64,0.675,0.9,-12.919,0.0658,162.112,0,9,0.0932,4,92,10767308,2006
Nenjam Marappathillai (Female),P. Susheela,/artist/p-suseela-2,04:23,Tamil,08-12-2002,0.03,0.59,0.124,0.9,-2.751,0.0707,144.946,1,8,0.02,4,55,4542280,2002
Nee Aada Aada Azhagu,T.M. Soundararajan,/artist/tm-soundararajan,03:25,Tamil,12-06-2001,0.76,0.441,0.192,0.802,-5.881,0.009,173.849,1,5,0.0066,4,76,2161463,2001
Sevvaaname,K J Yesudas|S. P. Sailaja,/artist/k-j-yesudas|/artist/s-p-sailaja-2,04:19,Tamil,10-01-2022,0.2,0.37,0.699,0.7,-3.289,0.068,111.482,1,8,0.09,4,35,10261533,2022
Amma Unathu Arputhangal,Vani Jairam,/artist/vani-jayaram,04:36,Tamil,03-01-2006,0.05,0.19,0.739,0.5,-8.358,0.05,160.14,1,0,0.019,4,25,9587433,2006
Kirupaiyidhe,V. Nataraja Mudaliar|Chorus,/artist/v-nataraja-mudaliar-1|/artist/chorus,03:13,Tamil,08-11-2008,0.08,0.373,0.696,0.667,-12.468,0.0871,200.01,1,7,0.09,4,94,1358612,2008
Velli Chalangai,T M S Selvakumar|P Suhseela,/artist/t-m-s-selvakumar|/artist/p-suhseela,04:40,Tamil,02-01-2002,0.12,0.237,0.939,0.818,-8.868,0.031,130.043,1,2,0.013,4,47,131084,2002
Kaadal Vila,Mano|Swarnalatha,/artist/mano|/artist/swarnalatha,04:00,Tamil,12-05-2000,0.38,0.258,0.004,0.045,-4.862,0.08,187.816,0,4,0.098,4,53,11349408,2000
Un Vizhi Sollum Siru Kathai Ondru,Vani Jairam|P. Jayachandran,/artist/vani-jayaram|/artist/p-jayachandran-1,04:23,Tamil,10-03-2002,0.4,0.88,0.229,0.6,-10.378,0.04,179.986,0,1,0.06,4,75,1965853,2002
Pon Veenaiye,S. P. Balasubrahmanyam,/artist/s-p-balasubrahamanyam,05:14,Tamil,12-04-2001,0.22,0.587,0.042,0.963,-12.386,0.054,205.062,1,6,0.0486,4,73,70787,2001
Welcome,L.R. Eswari,/artist/lr-eswari-2,04:42,Tamil,04-03-2001,0.37,0.99,0.404,0.1,-11.035,0.056,117.943,1,9,0.005,4,63,11016060,2001
Kappalukku Pona,A.R. Sheik Mohammed,/artist/ar-sheik-mohammed,06:20,Tamil,08-11-2007,0.81,0.81,0.56,0.125,-13.144,0.0294,167.604,1,2,0.06,4,79,9538024,2007
Vaanam Engay,S. Janaki|P. Jayachandran,/artist/s-janaki|/artist/p-jayachandran-1,04:38,Tamil,05-03-2004,0.02,0.1,0.206,0.5,-7.894,0.0436,152.198,1,9,0.0768,4,79,3737661,2004
Odi Vilayadupara,Saibaba|K J Yesudas,/artist/saibaba|/artist/k-j-yesudas,04:59,Tamil,02-02-2009,0.28,0.22,0.708,0.402,-10.749,0.0,175.91,1,2,0.0299,4,32,637945,2009
Oru Pakkam,T.M. Soundararajan,/artist/tm-soundararajan,03:39,Tamil,04-12-2003,0.25,0.862,0.636,0.669,-13.68,0.07,149.996,0,10,0.065,4,75,664187,2003
Amma Amma,S. P. Balasubrahmanyam,/artist/s-p-balasubrahamanyam,04:28,Tamil,06-12-2002,0.41,0.58,0.842,0.8,-10.299,0.02,150.008,0,5,0.01,4,62,10670698,2002
Idhuthaan Ulagama,P. Susheela,/artist/p-suseela-2,03:31,Tamil,11-11-2002,0.34,0.753,0.804,0.907,-10.524,0.0664,207.948,1,1,0.01,4,95,4298100,2002
Seetha Kalyanam - Part 1,Kripanandavariar,/artist/kripanandavariar,22:26,Tamil,01-09-2006,0.27,0.02,0.995,0.8,-7.921,0.097,180.165,1,9,0.076,4,80,10763116,2006
Nallavane Nallapadi Nee Vazhanum,T.M. Soundararajan|M. R. Vijaya|Sri Pathi,/artist/tm-soundararajan|/artist/m-r-vijaya-1|/artist/sri-pathi,05:00,Tamil,05-12-2001,0.68,0.623,0.15,0.441,-2.054,0.056,126.94,0,1,0.0852,4,65,4204277,2001
Mangayar Mugathile,Jamuna Rani|P. Susheela,/artist/jamuna-rani|/artist/p-suseela-2,04:45,Tamil,07-03-2002,0.51,0.15,0.176,0.3,-12.722,0.0011,190.036,1,8,0.001,4,50,10180044,2002
Nenachathellaam Nadkapore,S. Janaki|S. P. Balasubrahmanyam,/artist/s-janaki|/artist/s-p-balasubrahamanyam,03:01,Tamil,10-08-2020,0.09,0.312,0.487,0.939,-12.761,0.08,136.97,0,0,0.0163,4,98,1323417,2020
Kikku Kikku,Various,/artist/various,05:02,Tamil,02-12-2009,0.4,0.46,0.688,1.0,-3.553,0.0028,160.03,0,6,0.04,4,57,3163106,2009
Maruthamalai Meethiley,P Suhseela|T M S Selvakumar,/artist/p-suhseela|/artist/t-m-s-selvakumar,08:32,Tamil,07-04-2006,0.53,0.926,0.206,0.402,-7.397,0.0336,120.001,1,1,0.005,4,70,7605295,2006
Kaatchiyum Neethaan,S. Janaki|T. R. Mahalingam,/artist/s-janaki|/artist/t-r-mahalingam-1,03:02,Tamil,07-06-2004,0.96,0.55,0.196,0.1,-11.404,0.0539,110.018,1,3,0.02,4,78,6262478,2004
Manamagale - Instrumental,T. E. Palanisami,/artist/t-e-palanisami-1,03:13,Tamil,02-11-2008,0.01,0.843,0.445,0.665,-2.702,0.08,139.951,0,3,0.074,4,72,6238690,2008
Thavamirunthaalum,P. Susheela,/artist/p-suseela-2,03:13,Tamil,06-02-2004,0.59,0.96,0.525,0.2,-6.554,0.07,151.816,1,4,0.036,4,83,9847953,2004
Oru Nilla,Mano,/artist/mano,03:50,Tamil,01-04-2009,0.3,0.53,0.443,0.5,-12.838,0.05,110.116,0,0,0.0817,4,66,10951125,2009
Paavai Nee Malaigai Paal Nila,Vani Jairam|P. Jayachandran,/artist/vani-jayaram|/artist/p-jayachandran-1,04:28,Tamil,03-05-2021,0.33,0.532,0.405,0.137,-4.656,0.01,119.986,1,8,0.04,4,51,9714506,2021
Sugam Sugam,P. Susheela,/artist/p-suseela-2,03:09,Tamil,08-05-2002,0.88,0.88,0.292,0.9,-6.032,0.0045,145.284,0,10,0.026,4,30,4857977,2002
Vaanam Engal Ellai,Malaysia Vasudevan|K. S. Chithra,/artist/malaysia-vasudevan|/artist/chitra,04:40,Tamil,12-01-2005,0.41,0.7,0.469,0.2,-2.19,0.09,138.022,1,1,0.07,4,47,2356064,2005
Title Music (Kaadu),Shankar Ganesh,/artist/shankar-ganesh,02:26,Tamil,09-03-2007,0.95,0.632,0.313,0.153,-2.266,0.02,115.044,0,9,0.1,4,59,6041100,2007
Andru Oomai,P Suhseela,/artist/p-suhseela,07:05,Tamil,08-08-2021,0.28,0.33,0.487,0.0,-8.69,0.077,142.023,1,7,0.06,4,43,9610633,2021
Ponnukkenna Azhagu,T.M. Soundararajan|P. Susheela,/artist/tm-soundararajan|/artist/p-suseela-2,04:31,Tamil,10-06-2008,0.89,0.567,0.829,0.857,-11.022,0.025,164.058,0,1,0.07,4,99,8621119,2008
Life Is Funny,Anuradha Paudwal|S. P. Balasubrahmanyam,/artist/anuradha-paudwal-2|/artist/s-p-balasubrahamanyam,05:02,Tamil,09-12-2009,0.07,0.86,0.927,0.9,-2.779,0.08,140.078,1,4,0.046,4,47,5960928,2009
Sokku Podi Potta,S. Janaki|T.M. Soundararajan,/artist/s-janaki|/artist/tm-soundararajan,03:12,Tamil,07-04-2002,0.16,0.974,0.322,0.816,-5.377,0.076,140.025,0,5,0.0782,4,100,4802413,2002
Naadu Athai Naadu,T.M. Soundararajan|P. Susheela,/artist/tm-soundararajan|/artist/p-suseela-2,05:12,Tamil,06-07-2022,0.93,0.711,0.682,0.026,-6.059,0.095,150.118,1,1,0.0331,4,98,9171180,2022
Unnai Thotta Katru,S. P. Balasubrahmanyam|P. Susheela,/artist/s-p-balasubrahamanyam|/artist/p-suseela-2,03:08,Tamil,09-11-2022,0.74,0.125,0.365,0.608,-5.28,0.019,152.776,1,5,0.08,4,96,8999213,2022
Ehe Hey,Various,/artist/various,00:35,Tamil,02-04-2022,0.76,0.19,0.325,0.3,-8.962,0.0782,186.046,0,5,0.074,4,32,661745,2022
Uruvera,Dharmapuram P Swaminathan,/artist/dharmapuram-p-swaminathan,06:48,Tamil,09-08-2023,0.15,0.244,0.897,0.266,-2.602,0.059,170.193,1,9,0.01,4,95,5238585,2023
Thedralil Aadum,Vani Jairam|K J Yesudas,/artist/vani-jayaram|/artist/k-j-yesudas,04:26,Tamil,12-02-2002,0.03,0.56,0.199,0.7,-5.088,0.0361,171.332,0,2,0.0948,4,80,3903806,2002
Chittukkuruvikkenna,P. Susheela,/artist/p-suseela-2,04:29,Tamil,12-01-2001,0.88,0.503,0.588,0.075,-4.064,0.02,157.016,1,2,0.018,4,82,941428,2001
Aadi Pizhaitthalum,P Leela,/artist/p-leela,03:18,Tamil,04-07-2001,0.32,0.99,0.164,0.7,-9.163,0.059,143.048,1,2,0.0571,4,53,5546272,2001
Mathura Nagaril,P.B. Sreenivas|P. Susheela,/artist/pb-sreenivas|/artist/p-suseela-2,05:37,Tamil,08-04-2020,0.15,0.801,0.887,0.733,-5.215,0.026,155.001,1,0,0.062,4,31,11299452,2020
Manadil Urudhi Vendum,B. Neeraja,/artist/b-neeraja-1,01:46,Tamil,10-06-2008,0.6,0.57,0.17,0.4,-3.891,0.0961,129.944,1,2,0.0583,4,95,284352,2008
Nadhikkarai,S. P. Sailaja|K J Yesudas,/artist/s-p-sailaja-2|/artist/k-j-yesudas,04:24,Tamil,06-05-2000,0.81,0.447,0.732,0.971,-9.786,0.0,190.058,0,1,0.0394,4,44,2688756,2000
Mogam Pirandhadhamma,T.M. Soundararajan,/artist/tm-soundararajan,05:33,Tamil,03-03-2008,0.33,0.33,0.583,0.8,-6.593,0.0,126.366,1,1,0.0099,4,42,8166501,2008
Adangoppuraana,T.M. Soundararajan,/artist/tm-soundararajan,03:01,Tamil,02-07-2022,0.66,0.565,0.759,0.851,-6.37,0.07,115.031,0,5,0.0469,4,76,2217111,2022
Pazhanimalai Meethiley,K B Sundarambal,/artist/k-b-sundarambal,02:41,Tamil,04-06-2008,0.11,0.879,0.522,0.141,-7.976,0.0126,142.948,1,5,0.09,4,28,7359264,2008
Sorgathai Theduvom,T.M. Soundararajan,/artist/tm-soundararajan,03:54,Tamil,03-12-2020,0.08,0.79,0.833,0.8,-7.895,0.07,141.944,1,1,0.0526,4,54,596920,2020
Naan Unai,P. Susheela|S. P. Balasubrahmanyam,/artist/p-suseela-2|/artist/s-p-balasubrahamanyam,04:03,Tamil,04-04-2002,0.59,0.298,0.932,0.621,-9.825,0.099,145.987,1,0,0.07,4,98,9684016,2002
Vaanukku Thanthai,S. P. Balasubrahmanyam|L.R. Eswari,/artist/s-p-balasubrahamanyam|/artist/lr-eswari-2,04:21,Tamil,10-01-2009,0.32,0.21,0.799,0.0,-12.941,0.08,139.984,0,10,0.075,4,96,3333424,2009
Samiyoda,Malasiya Vasudeva Chorus,/artist/malasiya-vasudeva-chorus,03:15,Tamil,09-05-2007,0.75,0.555,0.022,0.391,-11.825,0.074,123.441,1,0,0.009,4,42,4364989,2007
Pethaalum Pethaney,Ilaiyaraaja|S. P. Sailaja,/artist/iiaiyaraaja|/artist/s-p-sailaja-2,04:13,Tamil,03-04-2001,0.99,0.03,0.122,0.6,-2.382,0.086,127.003,1,9,0.0427,4,57,10485310,2001
Aasaivacha,P. Susheela|Ashoke,/artist/p-suseela-2|/artist/ashoke,04:30,Tamil,04-04-2002,0.8,0.26,0.488,0.9,-9.519,0.063,145.059,0,11,0.0393,4,98,4896738,2002
Than Vaanathai,S. Janaki|S. P. Balasubrahmanyam,/artist/s-janaki|/artist/s-p-balasubrahamanyam,05:05,Tamil,09-03-2006,0.56,0.89,0.553,0.6,-6.501,0.002,163.054,0,6,0.006,4,31,4812526,2006
Kutthadi Kutthadi,Malaysia Vasudevan,/artist/malaysia-vasudevan,04:45,Tamil,08-03-2005,0.04,0.02,0.029,0.3,-7.446,0.03,183.866,0,1,0.05,4,78,6924909,2005
Purapadadaa Thambi,T.M. Soundararajan,/artist/tm-soundararajan,03:51,Tamil,08-06-2022,0.17,0.91,0.339,0.5,-13.621,0.055,193.968,0,11,0.0101,4,68,11017938,2022
Angamithu,A.L. Raghavan,/artist/al-raghavan-1,03:32,Tamil,11-12-2023,0.16,0.637,0.71,0.956,-4.188,0.1,179.985,0,11,0.0,4,39,6984268,2023
Maariyathu Nenjam,P. Susheela,/artist/p-suseela-2,04:02,Tamil,05-09-2020,0.72,0.17,0.775,0.0,-10.599,0.1,180.506,1,1,0.0656,4,81,7429955,2020
Kizhakkupparavai,T M S Selvakumar,/artist/t-m-s-selvakumar,04:14,Tamil,05-06-2007,0.72,0.172,0.798,0.901,-2.547,0.0493,195.98,1,2,0.0243,4,84,10690627,2007
Chera Chozha Pandian,L.R. Eswari|P. Madhuri,/artist/lr-eswari-2|/artist/p-madhuri-1,04:48,Tamil,12-12-2020,0.41,0.217,0.299,0.302,-6.762,0.0247,127.995,0,7,0.087,4,60,2527180,2020
Kangalin Vaarthaigal,A. M. Rajah|P. Susheela,/artist/a-m-rajah-1|/artist/p-suseela-2,03:37,Tamil,09-03-2004,0.75,0.76,0.259,0.1,-8.245,0.05,119.903,1,5,0.012,4,61,8014222,2004
Allavaithozhuthale,P. Susheela|Nagoor M. M. Yoosuff,/artist/p-suseela-2|/artist/nagoor-m-m-yoosuff-1,03:14,Tamil,12-06-2022,0.57,0.3,0.517,0.8,-4.908,0.0396,138.034,0,7,0.068,4,28,11376321,2022
Malligai Poo,Jamuna Rani,/artist/jamuna-rani,03:16,Tamil,11-10-2020,0.82,0.672,0.731,0.897,-12.414,0.0619,149.995,0,1,0.02,4,64,10468834,2020
Amutha Nilavum,T.M. Soundararajan,/artist/tm-soundararajan,03:59,Tamil,09-04-2007,0.02,0.17,0.662,0.6,-4.041,0.0303,144.946,1,1,0.03,4,26,9037682,2007
Appappa Thambi,Kovai Soundarajan|Manorama|Party|L.R. Anjali,/artist/kovai-soundaraj|/artist/manorama|/artist/party|/artist/lr-anjali,06:31,Tamil,12-08-2008,0.37,0.07,0.687,0.6,-2.559,0.035,107.903,1,1,0.006,4,35,1212522,2008
Vennilavai Mudal Naal,S. P. Balasubrahmanyam,/artist/s-p-balasubrahamanyam,04:36,Tamil,12-11-2005,0.89,0.99,0.838,0.7,-6.101,0.0306,110.004,0,6,0.03,4,92,3353474,2005
Indha Punnagai,T.M. Soundararajan|P. Susheela,/artist/tm-soundararajan|/artist/p-suseela-2,05:14,Tamil,10-02-2023,0.72,0.947,0.699,0.946,-3.651,0.004,175.014,1,0,0.0132,4,68,3401423,2023
Rathe Unakku,T.M. Soundararajan,/artist/tm-soundararajan,02:52,Tamil,07-09-2002,0.25,0.49,0.482,0.568,-12.064,0.0503,130.051,0,1,0.0274,4,86,7682952,2002
Neeril Neenthidum,P. Susheela,/artist/p-suseela-2,03:24,Tamil,05-01-2021,0.91,0.04,0.239,0.5,-9.692,0.08,116.016,0,10,0.02,4,27,3472436,2021
Kannukulle Ennai Kandea,S. P. Balasubrahmanyam|S. Janaki,/artist/s-p-balasubrahamanyam|/artist/s-janaki,04:25,Tamil,06-08-2006,0.54,0.78,0.299,0.785,-6.289,0.095,174.144,1,0,0.09,4,26,7267863,2006
Naan Seththuppilachavaan,T.M. Soundararajan,/artist/tm-soundararajan,03:54,Tamil,12-03-2008,0.64,0.08,0.203,0.5,-7.644,0.01,156.996,1,1,0.0032,4,69,1925085,2008
Iranthavanai Sumanthavanum - Saasokan,Ashokan,/artist/ashokan,03:21,Tamil,09-10-2022,0.95,0.296,0.837,0.945,-4.167,0.052,159.999,1,10,0.02,4,33,4422966,2022
Mullil Roja Thulluthe,P. Susheela,/artist/p-suseela-2,02:58,Tamil,09-02-2001,0.39,0.27,0.971,0.6,-5.698,0.01,169.986,0,3,0.0692,4,61,612455,2001
Mukkathuttu,Vani Jairam,/artist/vani-jayaram,04:01,Tamil,01-05-2007,0.45,0.76,0.736,1.0,-8.36,0.08,168.286,1,2,0.086,4,53,6107795,2007
Ponn Enbatho,S. P. Balasubrahmanyam,/artist/s-p-balasubrahamanyam,04:25,Tamil,07-11-2020,0.82,0.83,0.738,0.9,-12.541,0.05,157.968,1,5,0.0081,4,42,10919066,2020
Manjalum Thanthaal,Jikki|S. Janaki,/artist/jikki|/artist/s-janaki,03:58,Tamil,02-05-2002,0.42,0.83,0.177,0.7,-7.215,0.036,179.901,1,10,0.0918,4,98,1142024,2002
Idai Kaiyirandil,A. M. Rajah|P. Susheela,/artist/a-m-rajah-1|/artist/p-suseela-2,03:02,Tamil,09-05-2001,0.77,0.099,0.278,0.794,-4.552,0.085,139.947,1,8,0.026,4,26,4951023,2001
Pozhape Raathiri,Malaysia Vasudevan,/artist/malaysia-vasudevan,05:00,Tamil,06-05-2009,0.86,0.48,0.753,0.3,-8.215,0.08,140.026,1,6,0.08,4,44,2512079,2009
Kuyil Osayal Vellum,P. Susheela|A.P. Komala,/artist/p-suseela-2|/artist/ap-komala,03:04,Tamil,09-10-2006,0.91,0.09,0.912,0.2,-4.863,0.038,144.943,1,8,0.0681,4,82,7535104,2006
Kalakalakkuthu Kathu,T.M. Soundararajan|P. Susheela,/artist/tm-soundararajan|/artist/p-suseela-2,03:03,Tamil,02-01-2007,0.27,0.698,0.762,0.999,-9.936,0.035,180.006,1,7,0.03,4,57,130636,2007
Koluse Koluse,S. P. Balasubrahmanyam|S. P. Sailaja,/artist/s-p-balasubrahamanyam|/artist/s-p-sailaja-2,04:33,Tamil,06-06-2020,0.93,0.44,0.019,0.0,-13.369,0.07,139.91,1,0,0.042,4,44,4591992,2020
En Kathai,T M S Selvakumar,/artist/t-m-s-selvakumar,03:24,Tamil,08-01-2003,0.44,0.448,0.753,0.884,-2.758,0.045,136.06,0,1,0.054,4,91,3603123,2003
Kannae Kamalapoo ? Neelambari,M.L.Vasanthakumari,/artist/mlvasanthakumari-1,05:26,Tamil,12-11-2000,0.23,0.38,0.355,0.5,-7.024,0.068,139.966,0,8,0.0221,4,62,1389552,2000
Vaanathil Varuvathu,T.M. Soundararajan|P. Susheela,/artist/tm-soundararajan|/artist/p-suseela-2,04:08,Tamil,12-03-2008,0.9,0.574,0.215,0.257,-6.668,0.066,119.298,0,4,0.03,4,94,2560478,2008
Vedham Nee Iniya,K J Yesudas,/artist/k-j-yesudas,04:29,Tamil,03-11-2000,0.37,0.96,0.543,0.6,-12.915,0.09,143.078,1,0,0.055,4,46,7399770,2000
Nam Vaazhkkai,P. Susheela|Dheepan Chakravarthy,/artist/p-suseela-2|/artist/dheepan-chakravarthy,04:18,Tamil,02-04-2001,0.64,0.232,0.812,0.024,-11.469,0.0777,124.789,1,7,0.02,4,78,9152150,2001
Yetho Pudhu Vitha,K J Yesudas|S. Janaki,/artist/k-j-yesudas|/artist/s-janaki,04:04,Tamil,02-01-2006,0.94,0.5,0.063,0.4,-7.405,0.001,135.051,1,7,0.0491,4,25,2910922,2006
Nilavu Vanthu,P. Susheela,/artist/p-suseela-2,04:22,Tamil,09-03-2005,0.77,0.247,0.019,0.915,-8.506,0.005,112.223,0,5,0.0346,4,80,9647124,2005
Kattukkule Thiruvizha,P. Susheela,/artist/p-suseela-2,04:02,Tamil,03-04-2021,0.22,0.91,0.508,0.7,-11.784,0.013,124.986,1,9,0.09,4,77,1771629,2021
Kannadi Arayinile,Soolamangalam Sisters,/artist/soolamangalam-sisters,04:12,Tamil,04-03-2023,0.47,0.36,0.936,1.0,-8.5,0.0,140.119,1,4,0.08,4,52,4617130,2023
Raaja Kannu Pogathadi,T.M. Soundararajan,/artist/tm-soundararajan,04:26,Tamil,06-09-2004,0.12,0.47,0.081,0.2,-6.143,0.07,179.954,1,1,0.0516,4,30,9241380,2004
Ponnoonjal,Malaysia Vasudevan|Chorus,/artist/malaysia-vasudevan|/artist/chorus,05:09,Tamil,11-01-2023,0.11,0.014,0.787,0.768,-2.625,0.0417,160.92,0,7,0.046,4,67,1530649,2023
Allah Enbathu,A.R. Sheik Mohammed|Pazhani M.Sikkander,/artist/ar-sheik-mohammed|/artist/pazhani-msikkander,03:43,Tamil,10-04-2009,0.63,0.81,0.122,0.3,-2.425,0.05,149.972,0,5,0.026,4,77,650058,2009
Etham Erachu Kathu Kidapen,S. Janaki,/artist/s-janaki,02:59,Tamil,09-03-2001,0.08,0.93,0.82,0.6,-11.391,0.073,200.028,1,6,0.0057,4,44,6208823,2001
Ada Arumugam,P Suhseela|T M S Selvakumar,/artist/p-suhseela|/artist/t-m-s-selvakumar,03:41,Tamil,08-08-2022,0.08,0.405,0.695,0.571,-13.789,0.042,173.632,0,4,0.052,4,47,10325207,2022
Irangum Irangum Karunai Vari,D.A. Dhanapandian,/artist/da-dhanapandian-3,03:18,Tamil,03-08-2007,0.66,0.3,0.949,0.0,-9.398,0.1,147.978,1,8,0.02,4,38,3896124,2007
Delhikku Raja Analum,Manorama,/artist/manorama,04:22,Tamil,04-11-2022,0.93,0.06,0.746,0.3,-11.202,0.09,185.916,1,0,0.01,4,47,3429369,2022
Vadivelan Manasu,T.M. Soundararajan|P. Susheela,/artist/tm-soundararajan|/artist/p-suseela-2,03:57,Tamil,11-01-2021,0.73,0.384,0.176,0.886,-4.029,0.032,180.008,0,7,0.0237,4,28,6549941,2021
Don'T Touch Me,T.M. Soundararajan|L.R. Eswari,/artist/tm-soundararajan|/artist/lr-eswari-2,04:23,Tamil,07-07-2009,0.49,0.53,0.841,0.7,-8.204,0.0231,116.735,0,1,0.07,4,62,3620533,2009
Paai Viriththathu,T.M. Soundararajan|P. Susheela,/artist/tm-soundararajan|/artist/p-suseela-2,03:53,Tamil,11-07-2002,0.83,0.288,0.8,0.875,-12.453,0.07,139.981,1,2,0.01,4,54,2508387,2002
Yezhayin Sirippil,T.M. Soundararajan,/artist/tm-soundararajan,04:36,Tamil,07-01-2007,0.65,0.038,0.625,0.14,-5.823,0.07,188.004,0,11,0.0013,4,42,9517098,2007
Kuthuvilakko,Vani Jairam|S. P. Balasubrahmanyam,/artist/vani-jayaram|/artist/s-p-balasubrahamanyam,04:24,Tamil,05-01-2006,0.79,0.272,0.611,0.47,-4.54,0.05,119.992,0,8,0.023,4,81,8540920,2006
Pani Illatha,T.M. Soundararajan|P. Susheela,/artist/tm-soundararajan|/artist/p-suseela-2,03:43,Tamil,04-12-2000,0.03,0.132,0.965,0.296,-8.964,0.0993,162.894,1,1,0.06,4,88,5076606,2000
Angulya Prathanam - Part 1,Kripanandavariar,/artist/kripanandavariar,21:05,Tamil,03-07-2005,0.35,0.767,0.397,0.168,-8.663,0.0877,111.962,1,1,0.022,4,70,8717534,2005
Vazhaiyum,Sunanda Chorus,/artist/sunanda-chorus,04:18,Tamil,06-11-2002,0.11,0.91,0.907,1.0,-3.519,0.045,200.052,1,8,0.081,4,99,6279574,2002
Snow Reeta,S. P. Balasubrahmanyam,/artist/s-p-balasubrahamanyam,04:20,Tamil,11-01-2021,0.36,0.885,0.788,0.583,-7.667,0.04,196.026,0,5,0.0323,4,64,328786,2021
Moongilile,S. P. Balasubrahmanyam,/artist/s-p-balasubrahamanyam,05:01,Tamil,04-03-2024,0.63,0.473,0.023,0.441,-13.036,0.06,140.986,1,7,0.0184,4,65,4310277,2024
Aymbathilum,T M S Selvakumar,/artist/t-m-s-selvakumar,04:36,Tamil,09-04-2007,0.63,0.1,0.951,0.6,-6.209,0.033,136.029,0,3,0.004,4,37,2512711,2007
Appappa Naan Appan,T.M. Soundararajan,/artist/tm-soundararajan,04:29,Tamil,08-03-2005,0.75,0.855,0.534,0.801,-10.751,0.081,113.253,1,5,0.01,4,66,4321486,2005
Ragam Nanethan Thalam Nanethan,S. P. Sailaja,/artist/s-p-sailaja-2,04:02,Tamil,11-08-2023,0.57,0.285,0.252,0.347,-5.846,0.0863,110.007,0,5,0.089,4,67,8489466,2023
Varuga Varuga Endru,P. Susheela,/artist/p-suseela-2,03:29,Tamil,09-11-2022,0.43,0.219,0.077,0.617,-3.408,0.08,199.932,1,5,0.1,4,48,256070,2022
Oru Pakkam Pakkiran,L.R. Eswari|T M S Selvakumar,/artist/lr-eswari-2|/artist/t-m-s-selvakumar,03:40,Tamil,08-06-2002,0.79,0.31,0.071,0.5,-8.637,0.0509,190.004,0,7,0.02,4,25,5263238,2002
He Macchan,S. P. Balasubrahmanyam|K. S. Chithra,/artist/s-p-balasubrahamanyam|/artist/chitra,04:12,Tamil,12-08-2020,0.35,0.78,0.745,0.242,-6.598,0.08,196.018,1,10,0.01,4,87,384890,2020
Ponmagal Vandhal - Instrumental,Kunnakudi Vaidyanathan,/artist/kunnakkudi-baidyanathan,03:28,Tamil,09-02-2020,0.67,0.001,0.096,0.657,-9.776,0.0852,130.029,1,7,0.024,4,25,10860674,2020
Aanmeega Oliveezum,K. S. Chithra,/artist/chitra,04:15,Tamil,10-08-2023,0.68,0.697,0.456,0.468,-3.18,0.0313,147.931,0,8,0.04,4,58,3683774,2023
Jankarasruthi,M.S. Subbulakshmi,/artist/ms-subbulakshmi,03:24,Tamil,04-04-2009,0.96,0.23,0.716,0.1,-9.316,0.0,156.131,0,0,0.06,4,99,2778213,2009
Kanni Venduma,P.B. Sreenivas|L.R. Eswari,/artist/pb-sreenivas|/artist/lr-eswari-2,03:27,Tamil,10-03-2023,0.43,0.914,0.89,0.947,-3.713,0.02,159.992,0,7,0.0887,4,94,6991873,2023
Vaadi Kitta Vaadi,Malaysia Vasudevan,/artist/malaysia-vasudevan,03:57,Tamil,07-12-2021,0.47,0.63,0.674,0.5,-11.535,0.0488,135.005,1,3,0.083,4,61,3335252,2021
Vaanathile Nelava Vechcha,Malaysia Vasudevan,/artist/malaysia-vasudevan,05:33,Tamil,02-12-2009,0.37,0.51,0.651,0.7,-2.9,0.0065,144.115,1,1,0.087,4,54,4396355,2009
M.G.R. Oru Varalaru,Mano,/artist/mano,04:45,Tamil,03-03-2007,0.32,0.162,0.455,0.659,-9.326,0.07,138.263,0,4,0.0089,4,65,3468053,2007
Kaadai Pidippom,Manorama|S.V. Ponnusamy,/artist/manorama|/artist/sv-ponnusamy-17,03:07,Tamil,05-11-2006,0.96,0.257,0.215,0.471,-11.898,0.06,151.178,0,11,0.064,4,32,5342284,2006
Manamagale Manamagale,P. Susheela,/artist/p-suseela-2,03:01,Tamil,08-01-2004,0.72,0.02,0.916,0.5,-3.792,0.079,147.804,1,7,0.0838,4,39,10914881,2004
Vaarayo Vennilave,M.S. Naseem|Jaya,/artist/ms-naseem|/artist/jaya,04:12,Tamil,06-02-2001,0.25,0.001,0.689,0.011,-7.594,0.08,179.98,1,9,0.03,4,68,5206930,2001
Enaannavo,P. Susheela,/artist/p-suseela-2,04:32,Tamil,02-02-2006,0.11,0.552,0.092,0.329,-11.363,0.073,162.059,0,6,0.0755,4,38,7404119,2006
Paavam Periasamy,Malaysia Vasudevan,/artist/malaysia-vasudevan,04:39,Tamil,01-01-2006,0.44,0.3,0.833,0.9,-5.503,0.034,117.139,0,5,0.02,4,98,5825068,2006
Rasa En Rasa Unna Naanthan,S. Janaki,/artist/s-janaki,04:50,Tamil,02-03-2007,0.72,0.3,0.227,0.6,-12.291,0.06,129.995,0,4,0.042,4,57,6553587,2007
Thottaidam Ellam,P Suhseela|Saibaba|T M S Selvakumar,/artist/p-suhseela|/artist/saibaba|/artist/t-m-s-selvakumar,04:43,Tamil,07-06-2003,0.96,0.753,0.787,0.354,-9.712,0.046,130.126,1,1,0.06,4,83,10241577,2003
English Kaaran Thanni,Mano|Malaysia Vasudevan,/artist/mano|/artist/malaysia-vasudevan,04:36,Tamil,03-06-2023,0.66,0.903,0.122,0.268,-10.791,0.0331,114.778,1,6,0.07,4,57,8123111,2023
Thendrale,Mano,/artist/mano,03:56,Tamil,03-02-2023,0.05,0.87,0.173,0.5,-8.733,0.0448,174.001,1,8,0.0733,4,71,4664305,2023
Ilam Maane Unnaithane,Malaysia Vasudevan|Vani Jairam,/artist/malaysia-vasudevan|/artist/vani-jayaram,04:17,Tamil,12-04-2001,0.8,0.068,0.399,0.226,-12.838,0.05,165.968,1,8,0.0844,4,65,2240954,2001
Chinna Kanna Chella Kanna,K. S. Chithra,/artist/chitra,04:27,Tamil,08-02-2022,0.36,0.37,0.962,0.3,-2.271,0.1,196.026,1,8,0.028,4,84,607733,2022
Azhagaana Malayalam,L.R. Eswari,/artist/lr-eswari-2,03:59,Tamil,09-05-2002,0.1,0.921,0.83,0.328,-7.162,0.0027,150.174,1,9,0.0952,4,99,1401815,2002
Neeraja Samaneeya Krishna (Nadhaswaram),Pandanallur T.R.D.Anandakumar,/artist/pandanallur-trdanandakumar,06:42,Tamil,10-09-2004,0.7,0.21,0.315,0.9,-10.949,0.05,164.959,0,7,0.009,4,46,4810971,2004
Tharu Thuyaram,Salem S. Jayalakshmi,/artist/salem-s-jayalakshmi-2,03:41,Tamil,08-11-2021,0.76,0.189,0.786,0.479,-11.183,0.09,127.02,1,8,0.01,4,73,8926016,2021
Mounam Kalaikirathu,T.M. Soundararajan,/artist/tm-soundararajan,03:33,Tamil,03-02-2020,0.5,0.07,0.618,0.7,-6.293,0.03,106.654,1,1,0.038,4,64,10016883,2020
Odam Ithu Odatume,S. P. Balasubrahmanyam|S. Janaki,/artist/s-p-balasubrahamanyam|/artist/s-janaki,05:55,Tamil,12-05-2021,0.51,0.59,0.54,0.2,-5.16,0.0092,152.172,1,11,0.09,4,83,1757490,2021
Vadivudaiyamma,L.R. Eswari,/artist/lr-eswari-2,03:37,Tamil,08-01-2006,0.28,0.518,0.225,0.991,-3.141,0.0822,183.048,0,10,0.058,4,77,6953876,2006
Oru Padal Solgiren,Vairamuthu,/artist/vairamuthu,04:42,Tamil,08-03-2003,0.03,0.686,0.7,0.715,-12.832,0.03,109.992,1,3,0.0646,4,91,2940288,2003
Thiththom Thiththom,Vani Jairam,/artist/vani-jayaram,05:15,Tamil,08-04-2008,0.83,0.651,0.903,0.647,-8.951,0.07,200.068,0,1,0.0882,4,97,1973428,2008
Kealai Magane,T.M. Soundararajan,/artist/tm-soundararajan,04:23,Tamil,03-06-2002,0.58,0.896,0.143,0.411,-7.544,0.0444,159.914,0,1,0.038,4,78,8140111,2002
Yaar  Yaar  Yaar,T.M. Soundararajan|M. R. Vijaya|Sri Pathi,/artist/tm-soundararajan|/artist/m-r-vijaya-1|/artist/sri-pathi,04:00,Tamil,01-03-2022,0.97,0.04,0.863,0.5,-11.655,0.04,116.041,1,7,0.092,4,37,10393800,2022
Kavalaigal Kidakkattum,T.M. Soundararajan|P.B. Sreenivas,/artist/tm-soundararajan|/artist/pb-sreenivas,03:49,Tamil,09-04-2022,0.35,0.468,0.932,0.85,-10.664,0.0535,160.29,1,2,0.08,4,33,2777208,2022
Idhu Ketka thigattatha Ganam,M. Balamuralikrishna,/artist/m-balamuralikrishna-1,05:40,Tamil,10-03-2024,0.78,0.57,0.945,0.4,-9.769,0.09,161.945,0,11,0.0729,4,82,6299869,2024
Kutthala Aruviyile,Sirkazhi Govindarajan|P Leela,/artist/sirkazhi-govindarajan|/artist/p-leela,03:25,Tamil,08-06-2009,0.59,0.45,0.029,0.2,-10.504,0.06,159.904,1,7,0.072,4,39,1122380,2009
Devankoil Mani,Vani Jairam|S. P. Balasubrahmanyam,/artist/vani-jayaram|/artist/s-p-balasubrahamanyam,04:34,Tamil,10-04-2006,0.99,0.087,0.658,0.596,-10.44,0.052,140.275,1,8,0.011,4,44,5870351,2006
Kondal Vannanai,Salem S. Jayalakshmi,/artist/salem-s-jayalakshmi-2,01:33,Tamil,04-06-2007,0.49,0.37,0.469,0.8,-11.32,0.047,119.914,1,8,0.096,4,74,8510523,2007
Thulli Thulli Vilaiyada,P. Susheela|L.R. Eswari|Sulamangalam R Rajalakshmi,/artist/p-suseela-2|/artist/lr-eswari-2|/artist/sulamangalam-r-rajalakshmi,03:06,Tamil,12-10-2021,0.76,0.226,0.353,0.168,-8.806,0.0887,132.996,0,11,0.002,4,32,2089141,2021
Roja Malarae Rajakumari,P.B. Sreenivas|P. Susheela,/artist/pb-sreenivas|/artist/p-suseela-2,03:01,Tamil,01-03-2002,0.24,0.165,0.559,0.255,-6.413,0.0025,105.944,1,1,0.045,4,37,403200,2002
Palaattril,Dr Sirkazhi G. Sivachidambaram,/artist/dr-sirkazhi-g-sivachidambaram,03:18,Tamil,09-07-2003,0.36,0.16,0.205,0.7,-3.772,0.077,124.161,0,11,0.0013,4,95,6991598,2003
Babavin Arulirukka,T. K. S. Kalaivanan,/artist/t-k-s-kalaivanan,03:47,Tamil,10-04-2005,0.83,0.35,0.901,0.3,-2.692,0.07,182.216,1,10,0.0933,4,51,1703433,2005
Enathu Paattai (S.P.B),S. P. Balasubrahmanyam,/artist/s-p-balasubrahamanyam,04:05,Tamil,05-05-2020,0.04,0.2,0.798,0.287,-9.92,0.0588,145.084,0,2,0.037,4,78,10405846,2020
Aasaiyulla Roja Chendu,Malaysia Vasudevan|Vani Jairam,/artist/malaysia-vasudevan|/artist/vani-jayaram,04:18,Tamil,06-12-2022,1.0,0.105,0.959,0.866,-3.038,0.0014,125.971,1,0,0.0,4,35,6983671,2022
Pottathu Mulachithadi,T.M. Soundararajan,/artist/tm-soundararajan,03:02,Tamil,01-04-2020,0.18,0.66,0.866,0.1,-12.363,0.01,117.994,0,11,0.0008,4,47,153655,2020
Palli Araikkul,Uma Ramanan,/artist/uma-ramanan-1,05:22,Tamil,10-09-2022,0.69,0.985,0.201,0.342,-11.085,0.06,155.094,1,8,0.099,4,96,6519048,2022
Ellarum Paithiyanthan,Various,/artist/various,05:55,Tamil,08-11-2008,0.41,0.292,0.932,0.454,-2.907,0.088,120.887,1,7,0.0274,4,46,10005438,2008
Sugam Aayiram,Vani Jairam,/artist/vani-jayaram,04:12,Tamil,12-03-2020,0.4,0.97,0.621,0.8,-9.767,0.0815,146.078,1,0,0.06,4,80,9583771,2020
Ayirathil Oruthiyamma,T.M. Soundararajan,/artist/tm-soundararajan,03:43,Tamil,02-01-2009,0.93,0.861,0.229,0.884,-5.094,0.09,133.98,0,5,0.03,4,93,4270069,2009
Ilamai Naattiya,S. Janaki|T.M. Soundararajan,/artist/s-janaki|/artist/tm-soundararajan,05:06,Tamil,10-08-2001,0.38,0.66,0.033,0.7,-4.318,0.0962,195.996,0,0,0.06,4,79,2889805,2001
Ondrey Engal Devan,S. P. Balasubrahmanyam|S. Janaki,/artist/s-p-balasubrahamanyam|/artist/s-janaki,04:34,Tamil,09-01-2002,0.44,0.453,0.678,0.659,-4.746,0.03,195.984,0,5,0.013,4,31,6178579,2002
Jalli Kattu Kaloi,S. P. Balasubrahmanyam|Malaysia Vasudevan,/artist/s-p-balasubrahamanyam|/artist/malaysia-vasudevan,04:32,Tamil,07-01-2005,0.03,0.87,0.141,0.0,-9.626,0.002,196.076,1,1,0.01,4,49,1700150,2005
Bhoomidevi Pushpiniyaayi,P. Susheela|B. Vasantha,/artist/p-suseela-2|/artist/b-vasantha-1,03:18,Tamil,10-04-2003,0.99,0.6,0.52,0.6,-8.138,0.0022,164.712,0,5,0.0832,4,62,3110296,2003
Raman Eththanai,Nithya Shree,/artist/nithya-shree,04:42,Tamil,03-10-2023,0.6,0.64,0.881,0.6,-4.192,0.0881,162.839,0,11,0.0084,4,61,5976703,2023
Oruvanukku Oruththi,P. Susheela,/artist/p-suseela-2,03:02,Tamil,06-07-2002,0.03,0.172,0.708,0.166,-12.479,0.015,130.051,1,11,0.07,4,54,3492783,2002
Antha Anbulla Annkili,S. P. Balasubrahmanyam|S. Janaki,/artist/s-p-balasubrahamanyam|/artist/s-janaki,04:40,Tamil,12-01-2002,0.6,0.145,0.965,0.778,-11.533,0.052,200.864,1,8,0.071,4,60,399016,2002
Naan Vantha Paathai,T.M. Soundararajan,/artist/tm-soundararajan,03:18,Tamil,02-06-2002,0.65,0.51,0.045,0.8,-6.499,0.095,128.094,1,1,0.06,4,26,9232816,2002
Panam Panthiyile,Sirkazhi Govindarajan,/artist/sirkazhi-govindarajan,03:36,Tamil,11-07-2001,0.44,0.141,0.12,0.138,-12.296,0.06,180.081,0,8,0.08,4,96,6892008,2001
Rathathiriku Konjam,K J Yesudas,/artist/k-j-yesudas,04:53,Tamil,04-04-2006,0.46,0.15,0.414,0.5,-3.22,0.0257,168.045,0,2,0.005,4,71,5766728,2006
Chandanappunnagai,S. Janaki|S. P. Balasubrahmanyam,/artist/s-janaki|/artist/s-p-balasubrahamanyam,03:47,Tamil,10-06-2008,0.31,0.32,0.993,0.4,-13.492,0.06,133.938,1,11,0.087,4,75,4745633,2008
Malaril Pirandhu,Soolamangalam Sisters,/artist/soolamangalam-sisters,04:59,Tamil,06-02-2002,0.17,0.62,0.543,0.057,-5.414,0.0086,140.062,1,7,0.08,4,44,10054336,2002
Ondrum Ariyaatha,T M S Selvakumar,/artist/t-m-s-selvakumar,04:40,Tamil,07-09-2002,0.58,0.028,0.202,0.505,-10.445,0.04,132.164,1,1,0.06,4,43,11354030,2002
Ezhukadal Seemai,Kousalya|T.M. Soundararajan,/artist/kousalya|/artist/tm-soundararajan,03:27,Tamil,08-11-2006,0.49,0.34,0.429,0.2,-11.364,0.075,136.173,0,9,0.09,4,81,5560016,2006
Sandhega,K J Yesudas,/artist/k-j-yesudas,03:07,Tamil,01-10-2002,0.96,0.668,0.856,0.472,-13.123,0.0033,130.013,1,3,0.04,4,91,4059817,2002
Sabarisa,Bhaktha Swaraa Bhajan Mandali,/artist/bhaktha-swaraa-bhajan-mandali,03:39,Tamil,05-02-2003,0.54,0.33,0.91,0.4,-3.435,0.08,166.072,0,1,0.004,4,25,4960924,2003
Ponmagal Vanthaal,T.M. Soundararajan,/artist/tm-soundararajan,03:53,Tamil,05-01-2007,0.93,0.606,0.735,0.937,-4.297,0.077,159.804,1,7,0.0199,4,96,3931660,2007
Kaathalukku Naangu Kanngal,T.R. Mahalingam,/artist/tr-mahalingam,03:31,Tamil,03-03-2002,0.86,0.29,0.557,0.5,-12.488,0.0627,139.951,0,0,0.08,4,33,2888673,2002
Idayathil Irundhu,T.M. Soundararajan|P. Susheela,/artist/tm-soundararajan|/artist/p-suseela-2,04:05,Tamil,06-03-2004,0.36,0.673,0.305,0.303,-8.944,0.023,153.554,0,5,0.0739,4,35,2436030,2004
Thennai Mara,S. P. Sailaja,/artist/s-p-sailaja-2,03:19,Tamil,01-09-2005,0.11,0.14,0.217,0.2,-12.908,0.093,151.039,0,10,0.02,4,86,3963147,2005
Anbe Anbe Un Kadal,S. P. Balasubrahmanyam,/artist/s-p-balasubrahamanyam,06:15,Tamil,04-05-2023,0.44,0.56,0.925,0.54,-12.597,0.071,143.25,1,1,0.0801,4,86,4840364,2023
Unnai Than Kumbitten,S. P. Balasubrahmanyam|T.M. Soundararajan,/artist/s-p-balasubrahamanyam|/artist/tm-soundararajan,04:39,Tamil,12-08-2002,0.63,0.52,0.426,0.4,-3.968,0.02,160.02,1,8,0.06,4,41,679365,2002
Vaa Arugil Vaa,P. Susheela,/artist/p-suseela-2,05:01,Tamil,07-07-2001,0.18,0.4,0.11,0.8,-6.074,0.004,129.954,0,6,0.0233,4,81,1790356,2001
Moodupani,T.M. Soundararajan|P. Susheela,/artist/tm-soundararajan|/artist/p-suseela-2,02:58,Tamil,12-12-2008,0.68,0.448,0.293,0.07,-5.23,0.068,129.968,1,11,0.04,4,75,6964387,2008
Seeradi Irundhar Baba,T. K. S. Kalaivanan,/artist/t-k-s-kalaivanan,04:03,Tamil,09-05-2006,0.26,0.47,0.267,0.9,-9.912,0.0256,139.97,1,10,0.0418,4,70,5360642,2006
Poo Poothathai Yar Pathathu,K J Yesudas,/artist/k-j-yesudas,04:26,Tamil,10-09-2003,0.88,0.39,0.266,1.0,-2.74,0.035,203.968,0,4,0.0112,4,62,5945050,2003
Sirippil Undaagum,T.M. Soundararajan|P. Susheela,/artist/tm-soundararajan|/artist/p-suseela-2,04:18,Tamil,09-04-2009,0.43,0.867,0.351,0.704,-4.251,0.0801,160.047,1,5,0.022,4,36,3033701,2009
Moothaval Nee,P. Susheela,/artist/p-suseela-2,03:15,Tamil,07-05-2007,0.9,0.157,0.205,0.469,-6.34,0.0,124.959,1,7,0.02,4,75,5280048,2007
Chellakkiliye,P. Susheela,/artist/p-suseela-2,02:43,Tamil,03-09-2002,0.09,0.5,0.875,0.8,-13.672,0.078,191.87,1,0,0.06,4,32,276160,2002
Odaiyinna Nal Lodai,K J Yesudas|S. Janaki,/artist/k-j-yesudas|/artist/s-janaki,05:10,Tamil,11-12-2000,0.85,0.861,0.392,0.643,-8.024,0.0987,204.044,1,9,0.099,4,91,8033753,2000
Neelakkaruvizhyil,P. Jayachandran,/artist/p-jayachandran-1,04:41,Tamil,02-02-2020,0.19,0.68,0.959,0.6,-11.54,0.03,145.976,0,6,0.09,4,30,10052251,2020
Paarthal Pasi Theerum,P Suhseela,/artist/p-suhseela,03:26,Tamil,05-09-2020,0.45,0.794,0.286,0.765,-4.132,0.058,114.979,1,1,0.0151,4,85,11263283,2020
Ullam Rendum,T.M. Soundararajan,/artist/tm-soundararajan,03:42,Tamil,07-05-2007,0.9,0.28,0.4,0.1,-7.368,0.0659,120.044,1,1,0.039,4,74,7123842,2007
Kaalamagal Kann Thirappal,P. Susheela,/artist/p-suseela-2,03:03,Tamil,11-05-2021,0.81,0.281,0.42,0.658,-11.954,0.04,161.008,0,10,0.05,4,66,6033587,2021
Ada Maadi Veettu,Latha Kannan,/artist/latha-kannan,02:03,Tamil,08-05-2022,0.61,0.01,0.932,0.9,-10.132,0.03,120.057,0,6,0.033,4,71,1600240,2022
Oho Endhan Baby,M.S. Naseem|Jaya,/artist/ms-naseem|/artist/jaya,03:40,Tamil,07-08-2022,0.11,0.365,0.842,0.187,-6.987,0.05,140.084,1,11,0.099,4,48,7122051,2022
Kaathalile Tholviyutraal,P Suhseela,/artist/p-suhseela,01:51,Tamil,02-07-2020,0.6,0.36,0.216,0.5,-10.103,0.04,143.038,1,1,0.029,4,57,7565870,2020
Mayakkamaa Kalakkama,P.B. Sreenivas,/artist/pb-sreenivas,02:04,Tamil,10-09-2009,0.17,0.619,0.895,0.362,-4.806,0.025,165.044,0,9,0.03,4,58,4045757,2009
Nilavai Paarthu,T.M. Soundararajan,/artist/tm-soundararajan,04:48,Tamil,06-03-2003,0.26,0.58,0.237,0.4,-7.85,0.013,122.022,0,6,0.04,4,64,6270128,2003
Nilavenna Pesum,T.M. Soundararajan|P. Susheela,/artist/tm-soundararajan|/artist/p-suseela-2,02:53,Tamil,04-08-2022,0.57,0.202,0.741,0.316,-8.807,0.0074,177.922,0,9,0.0215,4,39,7754635,2022
Selvame (T.M.S),T M S Selvakumar,/artist/t-m-s-selvakumar,04:49,Tamil,02-04-2022,0.82,0.47,0.884,0.4,-10.504,0.07,189.874,0,5,0.0,4,41,341865,2022
Ninaithen Vanthaai,T.M. Soundararajan|P. Susheela,/artist/tm-soundararajan|/artist/p-suseela-2,05:04,Tamil,03-09-2006,0.74,0.509,0.091,0.143,-4.47,0.03,145.052,1,11,0.015,4,95,5627086,2006
Sugam Sugam,S. Janaki,/artist/s-janaki,04:27,Tamil,06-07-2007,0.54,0.42,0.857,0.672,-12.391,0.037,170.004,0,1,0.0529,4,78,11266300,2007
Thirumal Perumai Part I,A. P. Nagarajan,/artist/a-p-nagarajan-5,29:15:00,Tamil,04-02-2004,0.79,0.016,0.813,0.268,-6.401,0.025,192.15,0,10,0.0167,4,42,10640465,2004
Pada Ariyen/Ithnvo Athnvo,P. Muruga Doss,/artist/p-muruga-doss-1,09:01,Tamil,02-04-2004,0.26,0.64,0.539,0.2,-7.218,0.07,133.928,0,5,0.02,4,46,9897286,2004
Ethanai Kaalaam,P. Susheela,/artist/p-suseela-2,03:08,Tamil,08-06-2007,0.59,0.553,0.381,0.766,-9.921,0.0105,112.96,0,9,0.057,4,66,4302248,2007
Padagu Padagu,S. P. Balasubrahmanyam|P. Susheela,/artist/s-p-balasubrahamanyam|/artist/p-suseela-2,06:38,Tamil,11-07-2020,0.12,0.67,0.776,0.7,-10.652,0.0502,160.085,1,8,0.0211,4,48,945204,2020
Malare Malare,S. P. Balasubrahmanyam,/artist/s-p-balasubrahamanyam,04:29,Tamil,07-02-2020,0.99,0.1,0.426,0.6,-8.561,0.006,130.143,1,7,0.033,4,40,2369731,2020
Athey Kathal,S. P. Balasubrahmanyam|K. S. Chithra,/artist/s-p-balasubrahamanyam|/artist/chitra,04:30,Tamil,08-10-2023,0.17,0.34,0.361,0.319,-9.011,0.05,175.987,1,5,0.018,4,37,5746432,2023
Chinna Kutty,Krishnamurthy,/artist/krishnamurthy,03:02,Tamil,05-03-2004,0.3,0.17,0.617,0.3,-8.515,0.029,130.104,0,10,0.041,4,97,6552836,2004
Neeradi Pattuduthi,Vani Jairam,/artist/vani-jayaram,04:38,Tamil,03-04-2006,0.13,0.913,0.659,0.962,-7.218,0.046,152.974,1,1,0.0,4,98,10982237,2006
Sendhooril Vaazhum,T.M. Soundararajan,/artist/tm-soundararajan,04:29,Tamil,10-03-2005,0.45,0.55,0.284,0.0,-7.776,0.049,160.998,0,9,0.0843,4,94,2198572,2005
Kanni Ponney,Vani Jairam|S.N. Surendar,/artist/vani-jayaram|/artist/sn-surendar-1,04:07,Tamil,03-03-2009,0.6,0.335,0.015,0.951,-7.553,0.0489,109.045,0,11,0.063,4,37,4473612,2009
Enna Solla,Vani Jairam|S. P. Balasubrahmanyam,/artist/vani-jayaram|/artist/s-p-balasubrahamanyam,04:02,Tamil,03-12-2003,0.63,0.821,0.634,0.074,-10.998,0.0729,160.024,1,8,0.058,4,64,2838072,2003
Nadakkum Enbar,T.M. Soundararajan,/artist/tm-soundararajan,04:09,Tamil,02-04-2022,0.39,1.0,0.98,0.9,-8.222,0.051,140.956,1,6,0.041,4,26,3644426,2022
Rojappu,S. P. Balasubrahmanyam|K. S. Chithra,/artist/s-p-balasubrahamanyam|/artist/chitra,04:25,Tamil,03-09-2001,0.82,0.71,0.873,0.7,-10.065,0.04,193.914,0,0,0.0837,4,32,3547086,2001
Aval Our Menagai,S. P. Balasubrahmanyam,/artist/s-p-balasubrahamanyam,03:39,Tamil,07-04-2001,0.95,0.4,0.203,0.6,-2.469,0.074,150.992,1,0,0.099,4,36,4221792,2001
Vettikkati,S. Janaki|Chorus,/artist/s-janaki|/artist/chorus,05:16,Tamil,07-08-2006,0.23,0.897,0.303,0.215,-8.849,0.0371,192.042,1,1,0.071,4,91,5526014,2006
En Kathali,K J Yesudas|S. P. Balasubrahmanyam,/artist/k-j-yesudas|/artist/s-p-balasubrahamanyam,03:16,Tamil,04-03-2023,0.35,0.31,0.093,0.7,-12.318,0.0583,159.744,1,7,0.08,4,91,7731225,2023
Omanthingal,Unni Menon,/artist/unni-menon,03:49,Tamil,01-08-2000,0.24,0.008,0.531,0.465,-13.763,0.0427,136.049,0,5,0.07,4,75,10998903,2000
Naanda Ingoppanda,Malaysia Vasudevan|T.M. Soundararajan,/artist/malaysia-vasudevan|/artist/tm-soundararajan,02:51,Tamil,07-04-2008,0.13,0.3,0.82,0.1,-13.397,0.02,138.082,0,5,0.0944,4,51,4518484,2008
Manam Kanivaana,P Suhseela|T M S Selvakumar,/artist/p-suhseela|/artist/t-m-s-selvakumar,05:31,Tamil,01-03-2007,0.23,0.159,0.823,0.986,-3.971,0.0507,173.852,0,8,0.057,4,76,10472829,2007
Mama Mama Yen Paarthe Madiyil,S. Janaki|Malaysia Vasudevan|K J Yesudas,/artist/s-janaki|/artist/malaysia-vasudevan|/artist/k-j-yesudas,04:05,Tamil,08-02-2004,0.11,0.24,0.562,0.4,-12.131,0.001,158.052,0,3,0.0776,4,37,2489702,2004
Anchaaru,P. Jayachandran|Vani Jairam,/artist/p-jayachandran-1|/artist/vani-jayaram,04:31,Tamil,09-06-2008,0.52,0.986,0.502,0.098,-9.2,0.021,169.86,1,8,0.0171,4,35,1216352,2008
Senthoor Murugan (Female),P. Susheela,/artist/p-suseela-2,04:00,Tamil,02-11-2003,0.11,0.02,0.302,0.2,-6.896,0.033,200.094,0,5,0.09,4,28,8024801,2003
Pongum Kadalosai,Vani Jairam,/artist/vani-jayaram,03:31,Tamil,03-11-2003,0.19,0.74,0.574,0.842,-9.264,0.05,118.028,0,7,0.086,4,80,8802844,2003
Yennai Kathalithal,P. Susheela|T.M. Soundararajan,/artist/p-suseela-2|/artist/tm-soundararajan,03:14,Tamil,04-10-2003,0.75,0.561,0.232,0.333,-7.719,0.029,130.163,1,11,0.01,4,35,1887350,2003
Naanoru Koyil,Malaysia Vasudevan|S. P. Balasubrahmanyam,/artist/malaysia-vasudevan|/artist/s-p-balasubrahamanyam,04:28,Tamil,04-09-2021,0.2,0.8,0.794,0.3,-11.546,0.062,167.51,0,11,0.004,4,52,4219860,2021
Paattu Paada Vaayedutthen,P. Susheela,/artist/p-suseela-2,03:26,Tamil,06-03-2023,0.64,0.78,0.076,0.2,-11.262,0.0925,149.881,0,1,0.0532,4,59,7526845,2023
Kanninun,Salem S. Jayalakshmi,/artist/salem-s-jayalakshmi-2,02:52,Tamil,03-10-2002,0.66,0.49,0.555,0.9,-9.835,0.04,163.071,0,0,0.05,4,100,4284116,2002
Elankiliyae,S. Janaki|S. P. Balasubrahmanyam,/artist/s-janaki|/artist/s-p-balasubrahamanyam,04:34,Tamil,05-04-2005,0.75,0.93,0.477,0.9,-11.875,0.054,175.23,1,2,0.0075,4,69,10838337,2005
Katti Thangam,T.M. Soundararajan,/artist/tm-soundararajan,03:42,Tamil,10-11-2001,0.46,0.64,0.771,0.5,-7.43,0.02,164.023,1,2,0.06,4,52,10711788,2001
Vaazhumattum,S. P. Balasubrahmanyam,/artist/s-p-balasubrahamanyam,04:45,Tamil,09-10-2023,0.41,0.642,0.867,0.973,-2.844,0.1,105.873,1,1,0.05,4,64,10967251,2023
Irangiya Devanin Namamariya,R. Jesiah,/artist/r-jesiah-9,03:08,Tamil,01-08-2003,0.16,0.808,0.771,0.836,-10.494,0.093,151.329,0,11,0.08,4,81,10162987,2003
Sangam Valartha Thamizh,T.M. Soundararajan,/artist/tm-soundararajan,03:02,Tamil,09-12-2002,0.41,0.903,0.104,0.148,-2.593,0.06,111.16,1,2,0.084,4,32,1925063,2002
En Thalaivan,S. Janaki,/artist/s-janaki,04:04,Tamil,01-10-2008,0.46,0.34,0.848,0.4,-7.49,0.06,142.035,0,2,0.004,4,80,10934185,2008
Naalu Vagai Poovil,S. Janaki|P. Jayachandran,/artist/s-janaki|/artist/p-jayachandran-1,03:04,Tamil,03-01-2020,0.4,0.564,0.124,0.245,-6.524,0.05,146.95,1,7,0.006,4,61,1492547,2020
Kangalin Vaarthaigal,A. M. Rajah|P. Susheela,/artist/a-m-rajah-1|/artist/p-suseela-2,03:37,Tamil,07-01-2003,0.68,0.72,0.165,0.5,-7.054,0.053,145.005,1,2,0.08,4,82,6243518,2003
Moolamandiram & Ore Thai Ore Kulam,DR. SEERKAZHI|S. GOVINDARAJAN,/artist/dr-seerkazhi|/artist/s-govindarajan-1,05:16,Tamil,06-06-2009,0.78,0.425,0.246,0.183,-3.558,0.03,139.97,0,7,0.025,4,37,6024552,2009
Recreation,Shyamala Balakrishnan|Padmasubrahmanyam|N. Vasudevan|K.S. Vasudevan|Chorus,/artist/shyamala-balakrishnan|/artist/padmasubrahmanyam|/artist/n-vasudevan-18|/artist/ks-vasudevan-17|/artist/chorus,03:05,Tamil,01-03-2009,0.06,0.55,0.482,0.2,-13.986,0.065,128.517,1,1,0.05,4,89,3658071,2009
Seetharama Pattabisgekam - Part 1,Kripanandavariar,/artist/kripanandavariar,21:04,Tamil,02-09-2003,0.36,0.119,0.66,0.508,-5.928,0.023,143.202,0,5,0.0047,4,40,8181150,2003
Poovukulle,S. P. Balasubrahmanyam|K. S. Chithra,/artist/s-p-balasubrahamanyam|/artist/chitra,04:57,Tamil,02-04-2004,0.31,0.61,0.057,0.8,-12.151,0.052,130.003,0,6,0.0345,4,41,4794437,2004
Naam Aani Ittal,T.M. Soundararajan|L.R. Eswari,/artist/tm-soundararajan|/artist/lr-eswari-2,03:00,Tamil,10-02-2000,0.72,0.72,0.636,0.6,-2.814,0.0423,122.016,1,1,0.002,4,90,4123663,2000
Thambikku Oru Pattu,T.M. Soundararajan,/artist/tm-soundararajan,03:36,Tamil,03-02-2002,0.17,0.661,0.093,0.675,-7.235,0.02,119.986,1,9,0.044,4,46,2118047,2002
V,S. P. Balasubrahmanyam|S. Janaki,/artist/s-p-balasubrahamanyam|/artist/s-janaki,04:27,Tamil,09-06-2009,0.87,0.23,0.941,0.8,-5.192,0.046,116.052,0,4,0.049,4,39,8393937,2009
Pogathe Pogathe,Malaysia Vasudevan,/artist/malaysia-vasudevan,04:44,Tamil,10-01-2006,0.44,0.266,0.554,0.783,-13.598,0.093,128.117,1,8,0.01,4,81,2143177,2006
Kannula Nikkudu,S. P. Balasubrahmanyam|Lalitha,/artist/s-p-balasubrahamanyam|/artist/lalitha,05:02,Tamil,01-02-2021,0.49,0.36,0.744,0.382,-12.47,0.0236,171.978,1,0,0.0758,4,60,50066,2021
Orinathu Paravaigale,Manimala|T.M. Soundararajan|S.P. Ponnuswamy|K. Latha,/artist/manimala|/artist/tm-soundararajan|/artist/sp-ponnuswamy-1|/artist/k-latha-3,04:09,Tamil,11-01-2006,0.35,0.52,0.587,0.9,-7.389,0.07,116.041,0,9,0.08,4,27,7218827,2006
Kaalinga Nardhanam,Needamanglam G. Krishnamurthy Bhagavathar|Uthukkadu Venkatasubbaier,/artist/needamanglam-g-krishnamurthy-bhagavathar|/artist/uthukkadu-venkatasubbaier,19:57,Tamil,11-06-2006,0.12,0.97,0.023,0.9,-12.195,0.0677,191.99,1,7,0.034,4,38,2136188,2006
Malarkodi Naane,P. Susheela,/artist/p-suseela-2,03:15,Tamil,03-05-2008,0.86,0.89,0.24,0.445,-8.618,0.002,130.011,1,8,0.084,4,65,10990004,2008
Vasanthame Varugave,P. Susheela|P. Jayachandran,/artist/p-suseela-2|/artist/p-jayachandran-1,04:34,Tamil,03-10-2020,0.4,0.23,0.854,0.4,-2.789,0.09,120.085,1,7,0.098,4,78,9427884,2020
Kalla Malar,P. Susheela,/artist/p-suseela-2,03:12,Tamil,03-11-2001,0.36,0.906,0.006,0.644,-10.38,0.06,160.049,1,0,0.0761,4,44,3660462,2001
Kudumbam Oru Kadambam,M. S. Viswanathan,/artist/m-s-viswanathan-2,04:31,Tamil,01-02-2020,0.14,0.1,0.792,0.7,-6.764,0.0365,158.043,1,5,0.0251,4,66,9530617,2020
Pon Vaana Poongavil,S. P. Sailaja|K J Yesudas,/artist/s-p-sailaja-2|/artist/k-j-yesudas,04:15,Tamil,05-05-2008,0.06,0.87,0.268,0.7,-4.036,0.0,148.032,0,4,0.05,4,88,66192,2008
Swara Raga,P. Jayachandran|Vani Jairam,/artist/p-jayachandran-1|/artist/vani-jayaram,04:53,Tamil,06-12-2023,0.77,0.2,0.773,0.368,-12.294,0.0701,207.884,1,1,0.074,4,78,10611681,2023
Thaaye Mookambikayae,K. S. Chithra,/artist/chitra,06:22,Tamil,06-09-2003,0.06,0.12,0.718,0.3,-9.879,0.0025,155.012,1,7,0.0,4,49,5729138,2003
Nabhi Vazhi Nadanthaal,Nagore E.M. Hanifa,/artist/nagore-em-hanifa-46,03:05,Tamil,04-05-2009,0.59,0.57,0.584,0.2,-12.716,0.02,110.0,1,8,0.0433,4,95,3183017,2009
Vaadi Thozhi,P. Susheela|B. Vasantha,/artist/p-suseela-2|/artist/b-vasantha-1,05:21,Tamil,01-11-2006,0.85,0.425,0.189,0.183,-4.024,0.096,137.06,1,1,0.02,4,70,9660540,2006
Saraswathi Pooja And Ayudha Pooja 1,Ashwini Sastry|Rohini Sastry,/artist/ashwini-sastry|/artist/rohini-sastry,12:47,Tamil,11-01-2002,0.07,0.79,0.379,0.5,-6.617,0.0078,146.02,0,4,0.03,4,56,796973,2002
Sri Venkatan,Uma Raman|A.V.Ramanan,/artist/uma-raman|/artist/avramanan,05:22,Tamil,12-06-2020,0.68,0.325,0.419,0.064,-12.769,0.068,140.051,1,1,0.06,4,84,5717785,2020
Theerthakarai Dhanile,K J Yesudas,/artist/k-j-yesudas,04:33,Tamil,03-03-2009,0.11,0.14,0.632,0.2,-3.965,0.008,108.008,1,1,0.075,4,82,5512534,2009
Enthan Karpanai,B.S.Sasirekha|T.L. Maharajen,/artist/bssasirekha-1|/artist/tl-maharajen-1,04:26,Tamil,09-11-2000,0.27,0.552,0.757,0.736,-7.329,0.0361,185.002,0,2,0.04,4,80,2982686,2000
Vittu Vittu Thudikithu,S. P. Balasubrahmanyam|S. Janaki,/artist/s-p-balasubrahamanyam|/artist/s-janaki,04:42,Tamil,01-01-2004,0.12,0.71,0.131,0.9,-10.184,0.0718,119.891,1,1,0.034,4,91,2696108,2004
Azhgaga Kannukku,S. Janaki,/artist/s-janaki,03:25,Tamil,12-12-2005,0.39,0.079,0.362,0.36,-13.418,0.093,178.94,1,1,0.051,4,62,101300,2005
Oruvar Oruvaraai Pirandhom,T.M. Soundararajan,/artist/tm-soundararajan,03:45,Tamil,09-07-2007,0.43,0.93,0.078,0.3,-6.695,0.081,119.891,1,0,0.09,4,50,9196042,2007
Onnonna Onnonna,T.M. Soundararajan|P. Susheela,/artist/tm-soundararajan|/artist/p-suseela-2,04:48,Tamil,07-03-2003,0.55,0.358,0.886,0.05,-12.704,0.069,114.993,1,1,0.08,4,84,5814962,2003
Poona Poora Vittitu Avana,Malaysia Vasudevan|S. P. Sailaja,/artist/malaysia-vasudevan|/artist/s-p-sailaja-2,04:25,Tamil,03-01-2022,0.99,0.43,0.356,0.1,-9.533,0.0095,166.748,0,6,0.08,4,38,10782403,2022
Kanne Undhan Kannil,Mano,/artist/mano,04:25,Tamil,06-05-2005,0.96,0.321,0.981,0.417,-12.129,0.03,122.111,0,1,0.02,4,41,6815140,2005
Chitthadai,Malaysia Vasudevan|S. Janaki,/artist/malaysia-vasudevan|/artist/s-janaki,04:21,Tamil,01-04-2021,0.59,0.75,0.971,0.7,-5.244,0.08,172.065,0,4,0.0504,4,67,4475990,2021
Govindhan,Vani Jairam,/artist/vani-jayaram,04:32,Tamil,11-03-2003,0.7,0.29,0.224,0.2,-13.751,0.08,119.938,1,1,0.001,4,34,9229457,2003
Malarum Vaannilavum,P. Susheela,/artist/p-suseela-2,03:03,Tamil,10-01-2002,0.77,0.836,0.817,0.207,-9.071,0.05,190.014,0,6,0.056,4,64,159064,2002
Aananda Thein Kaatru,Malaysia Vasudevan|S. P. Sailaja,/artist/malaysia-vasudevan|/artist/s-p-sailaja-2,04:35,Tamil,12-08-2020,0.45,0.724,0.017,0.25,-11.639,0.0764,195.984,1,1,0.014,4,46,9431299,2020
Madhavin Kovilil,S. Janaki,/artist/s-janaki,04:53,Tamil,11-03-2004,0.14,0.15,0.666,0.3,-6.371,0.03,105.971,1,1,0.0609,4,86,24199,2004
Nayyandi Melathaikkelu,Malaysia Vasudevan|Vivek Sarathy,/artist/malaysia-vasudevan|/artist/vivek-sarathy,04:04,Tamil,05-01-2006,0.54,0.76,0.82,0.473,-7.398,0.0571,105.896,1,7,0.086,4,98,1456981,2006
Navarathiri,P. Susheela,/artist/p-suseela-2,04:59,Tamil,11-02-2009,0.26,0.294,0.325,0.674,-9.238,0.0658,164.06,1,1,0.023,4,91,8263936,2009
Kattilarai,S. Janaki,/artist/s-janaki,03:56,Tamil,03-07-2008,0.37,0.47,0.136,0.4,-4.303,0.001,160.984,0,3,0.009,4,87,3087023,2008
Naattumakkale,T.M. Soundararajan,/artist/tm-soundararajan,04:49,Tamil,12-11-2009,0.35,0.34,0.547,0.4,-7.567,0.008,180.046,1,3,0.04,4,66,5437017,2009
Endha Oor Endravane,P.B. Sreenivas,/artist/pb-sreenivas,03:58,Tamil,07-08-2005,0.82,0.21,0.929,0.5,-5.601,0.05,137.711,1,9,0.018,4,57,2198521,2005
Namachivaya Vazhga,S. Jayalakshmi,/artist/s-jayalakshmi-1,02:29,Tamil,06-03-2001,0.97,0.313,0.497,0.281,-9.024,0.0535,146.987,1,7,0.0511,4,70,6020903,2001
Temple Dance,H. M. V. Orchestra,/artist/h-m-v-orchestra-1,03:12,Tamil,02-05-2001,0.42,0.69,0.924,0.3,-2.473,0.03,140.16,1,11,0.077,4,38,9812248,2001
Assalamu Aleikkum,S.M. Yusuf,/artist/sm-yusuf-7,02:52,Tamil,07-11-2006,0.49,0.34,0.563,0.4,-10.314,0.09,120.01,1,1,0.03,4,67,9267367,2006
Ithaya Oonjal Aadava,T.M. Soundararajan|P. Susheela,/artist/tm-soundararajan|/artist/p-suseela-2,03:23,Tamil,05-02-2020,0.87,0.048,0.937,0.25,-12.315,0.0099,165.102,1,1,0.079,4,58,7168507,2020
Oru Tajmahalai,Praveen Karpagam,/artist/praveen-karpagam,04:36,Tamil,05-03-2020,0.91,0.49,0.318,0.5,-2.2,0.011,173.278,0,3,0.0682,4,44,5606351,2020
Kadavul Seidha Paavam,T.M. Soundararajan,/artist/tm-soundararajan,04:40,Tamil,12-01-2009,0.29,0.139,0.838,0.53,-3.128,0.0719,145.983,1,1,0.07,4,55,4834907,2009
Pallavi Endru,S. Janaki|P. Susheela,/artist/s-janaki|/artist/p-suseela-2,05:05,Tamil,02-01-2001,0.69,0.734,0.981,0.769,-8.93,0.0674,147.017,1,5,0.08,4,89,3924845,2001
Ithu Neerodu Selgindra Odam,Sirkazhi Govindarajan,/artist/sirkazhi-govindarajan,03:45,Tamil,12-12-2009,0.52,0.73,0.975,0.2,-8.471,0.1,139.94,0,4,0.096,4,99,2411605,2009
Kaalai Vayasu,Jamuna Rani,/artist/jamuna-rani,03:56,Tamil,01-10-2020,0.33,0.658,0.472,0.242,-6.185,0.0641,170.339,0,10,0.0959,4,49,7494776,2020
Aandavaril Nam Agamagihvom,Hema Paul|Bharathi Paul,/artist/hema-paul-1|/artist/bharathi-paul,03:13,Tamil,07-02-2020,0.42,0.22,0.463,0.8,-9.212,0.02,169.898,1,1,0.0279,4,45,4607413,2020
Inshah Allah,T.M. Soundararajan,/artist/tm-soundararajan,04:36,Tamil,08-02-2022,0.89,0.334,0.826,0.172,-4.092,0.0823,199.4,0,10,0.02,4,58,1343577,2022
Amma Appavum Illai,S. Janaki,/artist/s-janaki,04:28,Tamil,11-09-2001,0.85,0.81,0.621,0.7,-8.688,0.08,129.93,1,1,0.098,4,51,4066409,2001
Thamizhil Adhuoru,T.M. Soundararajan|P. Susheela,/artist/tm-soundararajan|/artist/p-suseela-2,04:04,Tamil,10-10-2008,0.64,0.26,0.902,0.0,-10.497,0.07,170.018,1,6,0.0331,4,51,2259009,2008
Muruganin Murugatthai,T.M. Soundararajan,/artist/tm-soundararajan,03:11,Tamil,02-04-2008,0.89,0.868,0.393,0.684,-7.96,0.0919,145.143,1,1,0.05,4,29,3211427,2008
Thaayakathin Suthanthirame,T.M. Soundararajan,/artist/tm-soundararajan,03:56,Tamil,02-04-2007,0.1,0.448,0.032,0.356,-13.575,0.041,174.824,1,7,0.05,4,71,3423216,2007
Paadum Paniye,T.M. Soundararajan,/artist/tm-soundararajan,04:17,Tamil,02-08-2021,0.71,0.426,0.252,0.751,-13.157,0.0157,106.997,1,1,0.056,4,41,1914592,2021
Vinnukku Melaadai,T.M. Soundararajan|P. Susheela,/artist/tm-soundararajan|/artist/p-suseela-2,04:26,Tamil,02-05-2008,0.66,0.089,0.922,0.187,-12.217,0.05,122.963,0,10,0.0094,4,95,5580082,2008
Kammakkulle,T. K. S. Natarajan,/artist/t-k-s-natarajan-1,04:00,Tamil,08-03-2002,0.75,0.4,0.275,0.6,-3.908,0.1,179.752,1,1,0.0495,4,83,2026636,2002
Kattazhagu Thangamagal,P. Susheela,/artist/p-suseela-2,03:05,Tamil,12-01-2003,0.18,0.53,0.376,0.9,-5.755,0.01,105.943,1,1,0.09,4,75,10270039,2003
Mella Mella,T.M. Soundararajan,/artist/tm-soundararajan,03:14,Tamil,06-04-2008,0.07,0.138,0.253,0.181,-2.386,0.0039,166.02,1,1,0.04,4,70,8003379,2008
Madhuvin,Dr Kalyan|Uma Ramanan,/artist/dr-kalyan|/artist/uma-ramanan-1,04:33,Tamil,08-12-2003,0.9,0.1,0.173,0.3,-5.475,0.0424,132.071,1,7,0.0898,4,95,10416809,2003
Vazhaninathaal,P Suhseela|T M S Selvakumar,/artist/p-suhseela|/artist/t-m-s-selvakumar,03:56,Tamil,12-09-2022,0.77,0.95,0.438,0.9,-11.03,0.016,111.989,1,1,0.0678,4,32,2605471,2022
Sogasuga - Chitti Babu,Chitti babu,/artist/chittibabu,10:04,Tamil,07-01-2008,0.59,0.48,0.507,0.3,-6.149,0.0634,150.955,0,3,0.079,4,71,11087613,2008
Etthanai Peyar Unakku,L.R. Eswari,/artist/lr-eswari-2,04:48,Tamil,07-06-2005,0.08,0.608,0.689,0.772,-11.777,0.034,149.998,1,5,0.049,4,52,8442566,2005
Ullathukkulle,T.M. Soundararajan|P. Susheela,/artist/tm-soundararajan|/artist/p-suseela-2,03:43,Tamil,07-12-2020,0.49,0.58,0.308,0.9,-6.428,0.017,154.984,0,3,0.0,4,78,9567093,2020
Paaladai Meni,P. Susheela|L.R. Eswari,/artist/p-suseela-2|/artist/lr-eswari-2,04:22,Tamil,01-11-2006,0.99,0.991,0.283,0.444,-8.493,0.025,192.084,0,4,0.084,4,90,11367844,2006
Ragangal Padhnaaru,S. P. Balasubrahmanyam,/artist/s-p-balasubrahamanyam,04:06,Tamil,11-05-2021,0.59,0.275,0.642,0.102,-9.157,0.032,144.924,1,1,0.0321,4,52,4982240,2021
Eraiva yen intha sothanai,Malaysia Vasudevan,/artist/malaysia-vasudevan,05:10,Tamil,09-02-2006,0.08,0.56,0.384,0.9,-4.078,0.072,127.954,0,1,0.065,4,49,3265207,2006
Mannai Nambi,Jikki|S.C. Krishnan,/artist/jikki|/artist/sc-krishnan-59,03:25,Tamil,01-01-2021,0.1,0.46,0.612,0.7,-5.614,0.03,184.544,1,6,0.08,4,96,1931556,2021
Vellarikka,Malaysia Vasudevan|Chorus,/artist/malaysia-vasudevan|/artist/chorus,04:31,Tamil,02-04-2007,0.39,0.367,0.457,0.884,-4.344,0.03,155.852,1,2,0.087,4,54,6926972,2007
Enna Paattu Paada,Ilaiyaraaja,/artist/iiaiyaraaja,04:18,Tamil,12-01-2003,0.84,0.46,0.692,0.1,-11.386,0.06,150.998,1,1,0.0122,4,53,621641,2003
Nadhiyinil Vellam,T.M. Soundararajan,/artist/tm-soundararajan,04:15,Tamil,02-02-2005,0.3,0.865,0.901,0.818,-11.535,0.01,122.98,0,11,0.008,4,52,7597771,2005
Ithazhai,L.R. Eswari|T.M. Soundararajan,/artist/lr-eswari-2|/artist/tm-soundararajan,05:57,Tamil,01-04-2023,0.52,0.8,0.942,0.6,-13.309,0.074,115.084,1,11,0.034,4,63,10419652,2023
Elangai Thamizharai Kakkave,T.M. Soundararajan|M. R. Vijaya|Sri Pathi,/artist/tm-soundararajan|/artist/m-r-vijaya-1|/artist/sri-pathi,03:00,Tamil,03-10-2003,0.12,0.599,0.861,0.567,-5.012,0.0564,125.101,1,6,0.0299,4,78,8028269,2003
Oru Podhiyil,S. Janaki,/artist/s-janaki,03:02,Tamil,03-12-2022,0.95,0.93,0.334,0.1,-3.727,0.019,141.974,0,8,0.01,4,44,4245076,2022
Megame Thoodhaga Vaa,S. P. Balasubrahmanyam,/artist/s-p-balasubrahamanyam,03:12,Tamil,01-06-2006,0.84,0.152,0.979,0.176,-10.1,0.088,143.966,1,8,0.08,4,34,5905383,2006
Babu Babu Babu Enge,P. Susheela|T.M. Soundararajan,/artist/p-suseela-2|/artist/tm-soundararajan,03:21,Tamil,02-03-2020,0.09,0.87,0.209,0.6,-9.598,0.0584,200.18,1,0,0.022,4,93,9372728,2020
Abhisheka,S. P. Balasubrahmanyam,/artist/s-p-balasubrahamanyam,04:23,Tamil,09-03-2023,0.7,0.29,0.307,0.7,-2.691,0.04,195.898,0,0,0.03,4,46,9002458,2023
Kannaanaal Naan,T.M. Soundararajan|P. Susheela,/artist/tm-soundararajan|/artist/p-suseela-2,03:51,Tamil,10-01-2022,0.89,0.115,0.819,0.771,-11.848,0.002,129.027,1,0,0.002,4,28,292454,2022
Therkku Thesa Kaththu,K. S. Chithra,/artist/chitra,04:41,Tamil,06-11-2007,0.57,0.96,0.839,0.5,-9.301,0.097,145.98,1,2,0.1,4,89,3797470,2007
Oru Tharam Saravana Bhava Raga Charukesi Kanada,M.S. Subbulakshmi|Radha Vishwanathan|R.K. Shriram Kumar|K.V. Prasad,/artist/ms-subbulakshmi|/artist/radha-viswanathan-vocally-supported|/artist/rk-shriram-kumar-7|/artist/kv-prasad-11,09:59,Tamil,05-11-2022,0.18,0.45,0.071,0.942,-5.106,0.073,108.031,1,1,0.008,4,99,5498068,2022
Babu Babu Babu Enge,P. Susheela|T.M. Soundararajan,/artist/p-suseela-2|/artist/tm-soundararajan,03:21,Tamil,06-04-2020,0.25,0.898,0.862,0.436,-12.797,0.07,150.089,1,1,0.03,4,45,4232007,2020
General,Padma Subrahmaniam|Shyamala Balakrishnan|K.S. Vasudevan|N. Vasudevan|Chorus,/artist/padma-subrahmaniam|/artist/shyamala-balakrishnan|/artist/ks-vasudevan-18|/artist/n-vasudevan-19|/artist/chorus,04:00,Tamil,07-02-2021,0.69,0.97,0.822,0.8,-13.852,0.031,200.108,0,1,0.053,4,63,1509856,2021
Sengezh Adutha,A.R. Ramani Ammal,/artist/ar-ramani-ammal-33,03:18,Tamil,03-02-2021,0.44,0.05,0.504,0.6,-13.662,0.028,194.172,1,8,0.05,4,64,6461740,2021
Sengarumbu Thangakatti,S. Janaki|Malaysia Vasudevan,/artist/s-janaki|/artist/malaysia-vasudevan,04:13,Tamil,05-12-2020,0.41,0.57,0.143,0.6,-9.363,0.049,204.084,1,9,0.034,4,97,6985223,2020
Ingu Naam Kaanum Paasam Ellame,K J Yesudas,/artist/k-j-yesudas,04:46,Tamil,06-04-2021,0.28,0.446,0.93,0.719,-11.256,0.06,148.767,1,2,0.06,4,42,5633762,2021
Mugilukkulle,Deepan Chakravarthy,/artist/deepan-chakravarthy,04:29,Tamil,03-04-2022,0.71,0.47,0.978,0.5,-2.745,0.04,156.065,1,1,0.0451,4,75,11113679,2022
Eanakku Neeyum,P. Susheela,/artist/p-suseela-2,04:41,Tamil,11-01-2022,0.34,0.768,0.664,0.762,-5.135,0.0186,150.966,1,6,0.013,4,28,5828512,2022
Mappila Sir Mappila Sir,Malaysia Vasudevan,/artist/malaysia-vasudevan,05:50,Tamil,11-10-2006,0.43,0.26,0.269,0.6,-11.238,0.0565,167.01,1,8,0.088,4,81,10594089,2006
Indira Sabaiyil Aadidum,S. P. Balasubrahmanyam,/artist/s-p-balasubrahamanyam,04:48,Tamil,03-11-2020,0.76,0.81,0.526,0.6,-8.73,0.0129,189.996,0,8,0.0585,4,87,7173763,2020
Keettavarellan Paadalam,T.M. Soundararajan,/artist/tm-soundararajan,05:07,Tamil,01-04-2006,0.83,0.27,0.283,0.2,-2.1,0.0335,151.563,0,10,0.076,4,47,10832240,2006
Nee Paayum Nadhiyanai,S. P. Balasubrahmanyam|Vani Jairam,/artist/s-p-balasubrahamanyam|/artist/vani-jayaram,03:35,Tamil,04-08-2004,0.38,0.03,0.879,0.773,-8.928,0.07,115.071,1,8,0.0401,4,41,7811666,2004
Cigarette Please,L.R. Eswari,/artist/lr-eswari-2,04:48,Tamil,10-09-2002,0.58,0.6,0.607,0.4,-4.726,0.019,155.992,0,6,0.04,4,34,10320103,2002
Muthu Meenakshi ada Kanchi,S. P. Balasubrahmanyam|S. Janaki,/artist/s-p-balasubrahamanyam|/artist/s-janaki,04:27,Tamil,07-01-2002,0.03,0.228,0.045,0.61,-11.132,0.01,132.527,1,9,0.0,4,95,5832988,2002
Nitham Nitham,Sirkazhi Govindarajan,/artist/sirkazhi-govindarajan,04:05,Tamil,11-06-2003,0.94,0.77,0.017,0.2,-8.797,0.0623,139.994,0,2,0.0266,4,76,7970331,2003
Paavai Ithazh,K J Yesudas|S. Janaki,/artist/k-j-yesudas|/artist/s-janaki,04:18,Tamil,08-06-2000,0.78,0.756,0.641,0.474,-6.118,0.087,180.058,0,3,0.005,4,57,4040103,2000
Athisayam Parthen Mannile,Sirkazhi Govindarajan,/artist/sirkazhi-govindarajan,02:48,Tamil,01-07-2007,0.9,0.51,0.148,1.0,-4.547,0.02,143.014,0,10,0.02,4,30,868350,2007
Kooru Naave,Sirkazhi Govindarajan,/artist/sirkazhi-govindarajan,02:01,Tamil,03-02-2009,0.38,0.671,0.137,0.346,-3.229,0.006,108.034,1,8,0.0712,4,99,8307836,2009
Megam Mundhanai Aaduthu_2,S. P. Balasubrahmanyam|Vani Jairam,/artist/s-p-balasubrahamanyam|/artist/vani-jayaram,05:39,Tamil,01-03-2022,0.59,0.46,0.124,0.0,-12.401,0.027,163.016,1,5,0.036,4,48,2931908,2022
Chinnappayalae,T.M. Soundararajan,/artist/tm-soundararajan,03:58,Tamil,03-04-2005,0.63,0.69,0.562,0.5,-3.753,0.0874,207.796,1,1,0.01,4,43,8260112,2005
Chinna Thamarai,Uma Raman,/artist/uma-raman,05:17,Tamil,06-08-2000,0.26,0.991,0.114,0.538,-7.211,0.064,128.039,1,1,0.06,4,36,3563295,2000
Naan Vaazhnthum,Jikki,/artist/jikki,03:05,Tamil,11-01-2020,0.09,0.801,0.683,0.305,-11.948,0.0526,139.986,0,0,0.1,4,56,10245470,2020
Poiyyile Pirandhu,T.M. Soundararajan|P. Susheela,/artist/tm-soundararajan|/artist/p-suseela-2,04:54,Tamil,07-08-2005,0.82,0.41,0.62,0.9,-7.861,0.0627,115.833,0,10,0.08,4,75,9103216,2005
Kannile Anbirundhal,P. Susheela,/artist/p-suseela-2,03:28,Tamil,04-05-2004,0.03,0.71,0.892,0.0,-9.127,0.05,114.015,1,9,0.091,4,64,4232940,2004
Aana Mela Ambariyaam,Malaysia Vasudevan|B. S. Sasirekha,/artist/malaysia-vasudevan|/artist/b-s-sasirekha-1,04:52,Tamil,05-09-2004,0.99,0.967,0.407,0.854,-13.889,0.062,140.032,0,10,0.0737,4,73,10043257,2004
Poochudam Nerathile,P. Susheela,/artist/p-suseela-2,03:44,Tamil,04-05-2006,0.35,0.115,0.856,0.068,-6.469,0.047,200.244,1,9,0.0151,4,69,1990736,2006
Koonthal Karuppu,T.M. Soundararajan|P. Susheela,/artist/tm-soundararajan|/artist/p-suseela-2,03:28,Tamil,02-01-2020,0.04,0.817,0.201,0.122,-11.939,0.09,188.052,1,1,0.06,4,37,8154962,2020
Manjalum Maalaiyum,P. Susheela|S. P. Balasubrahmanyam,/artist/p-suseela-2|/artist/s-p-balasubrahamanyam,03:38,Tamil,11-04-2023,0.76,0.65,0.335,0.3,-8.465,0.083,129.992,1,8,0.08,4,52,3998462,2023
Varavendum Ennil,A.J. Muthuswamy,/artist/aj-muthuswamy,03:32,Tamil,11-05-2008,0.18,0.62,0.232,0.8,-3.151,0.05,154.242,0,11,0.08,4,75,609557,2008
En Deiva Veenaiye,K J Yesudas,/artist/k-j-yesudas,05:05,Tamil,04-09-2022,0.28,0.186,0.734,0.996,-10.517,0.02,139.944,1,1,0.078,4,57,9940059,2022
Pengal Illadha,P. Susheela,/artist/p-suseela-2,06:43,Tamil,06-11-2004,0.01,0.89,0.208,0.9,-4.667,0.077,132.955,0,0,0.09,4,42,7529184,2004
Mayangatha Manamyaavum,Bhanumathi Ramakrishna,/artist/bhanumathi-ramakrishna,05:11,Tamil,09-03-2023,0.62,0.257,0.677,0.716,-5.306,0.09,169.972,0,6,0.0282,4,37,1132671,2023
Welcome,S. P. Balasubrahmanyam,/artist/s-p-balasubrahamanyam,04:46,Tamil,06-04-2007,0.99,0.72,0.088,0.8,-12.588,0.022,130.057,1,4,0.078,4,72,3398171,2007
Gnabakam Illaiyo (K.J.Yesudas ),K J Yesudas,/artist/k-j-yesudas,04:43,Tamil,01-03-2021,0.34,0.94,0.214,0.8,-10.136,0.014,160.079,0,6,0.036,4,45,6691437,2021
Vannam Entha Vanjiyin,S. P. Balasubrahmanyam|S. Janaki,/artist/s-p-balasubrahamanyam|/artist/s-janaki,04:41,Tamil,06-01-2003,0.06,0.663,0.321,0.879,-8.928,0.09,139.922,1,6,0.0221,4,27,7078941,2003
Oru Muttharatthil,P. Susheela,/artist/p-suseela-2,04:19,Tamil,05-05-2009,0.63,0.45,0.34,0.4,-3.431,0.06,105.016,1,8,0.0532,4,76,3960266,2009
Vazhva Saava,S. P. Balasubrahmanyam,/artist/s-p-balasubrahamanyam,04:20,Tamil,05-01-2001,0.63,0.14,0.121,0.5,-11.273,0.052,144.078,1,1,0.0758,4,53,9359757,2001
Mullil Roja,P.B. Sreenivas|L.R. Eswari,/artist/pb-sreenivas|/artist/lr-eswari-2,05:47,Tamil,11-06-2022,0.36,0.148,0.032,0.597,-7.31,0.045,152.052,1,8,0.055,4,78,1676060,2022
Iraivam Pirandhan,T. K. S. Kalaivanan,/artist/t-k-s-kalaivanan,04:31,Tamil,12-03-2003,0.64,0.71,0.365,0.9,-2.899,0.08,149.98,0,4,0.058,4,85,11392915,2003
Chinnachiru Vannakili,S. P. Balasubrahmanyam|P. Susheela,/artist/s-p-balasubrahamanyam|/artist/p-suseela-2,04:42,Tamil,10-01-2024,0.49,0.68,0.864,0.386,-5.886,0.04,167.372,1,5,0.042,4,53,3306608,2024
Kaviri Karayin,P. Susheela,/artist/p-suseela-2,03:01,Tamil,12-10-2003,0.82,0.42,0.831,0.6,-7.786,0.09,140.082,1,7,0.02,4,31,1124115,2003
Kurudaana Kavingnanukku,T M S Selvakumar|B.S. Sasirekha,/artist/t-m-s-selvakumar|/artist/bs-sasirekha-1,04:57,Tamil,08-09-2021,1.0,0.372,0.454,0.155,-5.255,0.093,104.035,0,8,0.0284,4,71,10880358,2021
Engalai Nee,L.R. Eswari,/artist/lr-eswari-2,04:01,Tamil,07-12-2005,0.85,0.54,0.734,0.8,-8.27,0.0228,127.993,1,1,0.039,4,90,11268632,2005
Enna Machchan,S. Janaki|S. P. Balasubrahmanyam,/artist/s-janaki|/artist/s-p-balasubrahamanyam,03:16,Tamil,11-06-2004,0.13,0.09,0.049,0.7,-11.632,0.001,148.003,1,1,0.063,4,69,10617352,2004
Kaathal Vaibhogame (Saxophone),Jadav,/artist/jadav,04:05,Tamil,08-01-2022,0.21,0.171,0.761,0.021,-6.931,0.0358,168.61,1,8,0.07,4,40,10549493,2022
Aadi Paadi Sirikka,L.R. Eswari|Sharada|L.R. Anjali|M.R. Vijaya,/artist/lr-eswari-2|/artist/sharada|/artist/lr-anjali|/artist/mr-vijaya-9,04:57,Tamil,12-11-2020,0.09,0.5,0.949,0.5,-9.223,0.079,111.048,1,0,0.01,4,85,3869799,2020
Kannum Kannum Pesuthu,Jamuna Rani|P.B. Sreenivas,/artist/jamuna-rani|/artist/pb-sreenivas,03:56,Tamil,09-08-2004,0.19,0.67,0.717,0.464,-5.586,0.074,120.019,1,1,0.0187,4,61,8162553,2004
Aanandhame,S. P. Balasubrahmanyam,/artist/s-p-balasubrahamanyam,04:28,Tamil,05-02-2023,0.77,0.02,0.134,0.1,-6.018,0.073,123.985,0,5,0.0483,4,74,8189952,2023
Chandanappothikaiyin,C S Jayaraman,/artist/c-s-jayaraman,03:12,Tamil,06-01-2006,0.31,0.381,0.842,0.617,-12.879,0.08,187.872,1,8,0.04,4,65,3205037,2006
Ennathan Paduvathu,P. Susheela,/artist/p-suseela-2,04:06,Tamil,02-02-2008,0.79,0.5,0.438,0.6,-11.89,0.0208,150.007,1,8,0.01,4,63,8760587,2008
Dabba Dabba,Sirkazhi Govindarajan,/artist/sirkazhi-govindarajan,03:11,Tamil,01-10-2008,0.84,0.69,0.674,0.5,-4.773,0.099,159.972,0,6,0.0555,4,38,3262451,2008
Paavai Ithazh,K J Yesudas|S. Janaki,/artist/k-j-yesudas|/artist/s-janaki,04:27,Tamil,06-10-2022,0.57,0.307,0.192,0.338,-2.043,0.032,158.026,1,1,0.016,4,27,3246927,2022
Kan Maiyendum,P.B. Sreenivas|P. Susheela,/artist/pb-sreenivas|/artist/p-suseela-2,04:13,Tamil,07-01-2005,0.87,0.8,0.874,0.4,-2.101,0.0484,125.521,0,10,0.033,4,69,1450333,2005
Iniyathu Iniyathu,T.M. Soundararajan,/artist/tm-soundararajan,03:29,Tamil,10-02-2020,0.47,0.22,0.676,0.5,-13.034,0.0752,104.984,1,7,0.0162,4,51,6730954,2020
Konji Konji Pesi (Pathos),P. Susheela,/artist/p-suseela-2,03:39,Tamil,01-04-2022,0.4,0.76,0.52,1.0,-2.11,0.04,188.01,0,10,0.03,4,79,8672073,2022
Maruthiyae,P.B. Sreenivas,/artist/pb-sreenivas,03:09,Tamil,11-03-2000,0.56,0.91,0.603,0.777,-6.657,0.021,160.004,1,1,0.0407,4,80,4486751,2000
Odam Yeri Chendre,Jikki|A. M. Rajah,/artist/jikki|/artist/a-m-rajah-1,03:16,Tamil,05-12-2004,0.49,0.63,0.812,1.0,-6.282,0.0827,192.026,1,0,0.013,4,55,414452,2004
Pathik Bondhu Eso,Manabendra Mukherjee,/artist/manabendra-mukherjee,02:58,Tamil,09-04-2009,0.72,0.34,0.407,0.7,-7.926,0.004,120.064,0,6,0.0686,4,44,1845338,2009
"Musafir, Mochh Re Ankhijal",Manabendra Mukherjee,/artist/manabendra-mukherjee,03:33,Tamil,02-03-2020,0.35,0.194,0.34,0.312,-6.728,0.0,151.875,1,1,0.05,4,28,6646495,2020
Vata Vatta Paaraiyile,Sirkazhi Govindarajan|P. Susheela,/artist/sirkazhi-govindarajan|/artist/p-suseela-2,04:46,Tamil,03-08-2005,0.64,0.88,0.349,0.7,-4.697,0.08,198.916,0,11,0.01,4,46,8707562,2005
Union Vaazhga,T.M. Soundararajan,/artist/tm-soundararajan,02:49,Tamil,01-04-2002,0.35,0.351,0.894,0.725,-5.856,0.0051,149.906,0,11,0.0498,4,57,10318817,2002
Vaaika Varabukulla vayasupulla,Malaysia Vasudevan|Vani Jairam,/artist/malaysia-vasudevan|/artist/vani-jayaram,04:44,Tamil,11-12-2004,0.57,0.75,0.05,0.5,-9.267,0.01,175.906,1,9,0.03,4,94,5691097,2004
Paal Thamizh Paal,T.M. Soundararajan|L.R. Eswari,/artist/tm-soundararajan|/artist/lr-eswari-2,02:59,Tamil,11-08-2002,0.16,0.912,0.909,0.902,-4.728,0.0061,206.032,0,11,0.1,4,96,1186991,2002
Manasukkul,P. Susheela|Raj Sitaram,/artist/p-suseela-2|/artist/raj-sitaraman,06:20,Tamil,02-07-2008,0.29,0.17,0.181,0.3,-2.686,0.0331,197.94,1,2,0.006,4,27,2321227,2008
Mazhaiye Mazhaiye,S. P. Balasubrahmanyam|S. Janaki,/artist/s-p-balasubrahamanyam|/artist/s-janaki,05:06,Tamil,01-04-2003,0.63,0.217,0.598,0.901,-6.296,0.0241,189.9,0,10,0.0854,4,97,7750170,2003
Ilamai Rathamo,P. Jayachandran|P. Susheela,/artist/p-jayachandran-1|/artist/p-suseela-2,04:09,Tamil,03-04-2023,0.31,0.61,0.715,0.6,-13.411,0.005,159.988,1,0,0.0228,4,34,9952034,2023
Padaithaane Brahmadevan,S. P. Balasubrahmanyam,/artist/s-p-balasubrahamanyam,03:14,Tamil,08-07-2006,0.24,0.509,0.748,0.173,-6.966,0.01,191.958,1,2,0.003,4,27,11079258,2006
Kaaviyamaa Nenjil,P. Susheela|C.S. Jayaraman,/artist/p-suseela-2|/artist/cs-jayaraman-59,05:04,Tamil,07-09-2020,0.48,0.773,0.259,0.29,-13.236,0.01,160.008,0,10,0.0823,4,100,2528621,2020
Chithira Poovizhi,P. Susheela|L.R. Eswari,/artist/p-suseela-2|/artist/lr-eswari-2,03:35,Tamil,04-04-2003,0.09,0.834,0.297,0.772,-13.126,0.025,120.056,0,9,0.066,4,71,171832,2003
Deviyin Kovil,S. Janaki,/artist/s-janaki,03:29,Tamil,11-06-2002,0.11,0.364,0.834,0.2,-11.378,0.012,133.027,1,0,0.0951,4,71,2029175,2002
Kaayatha,Dheepan Chakravarthy,/artist/dheepan-chakravarthy,04:33,Tamil,10-05-2003,0.55,0.85,0.41,0.6,-12.112,0.015,126.087,1,1,0.043,4,85,5681914,2003
Meendum Meendum Naa,S. P. Balasubrahmanyam,/artist/s-p-balasubrahamanyam,04:42,Tamil,02-03-2022,0.21,0.405,0.549,0.729,-8.492,0.027,132.155,1,0,0.02,4,94,3300835,2022
Gopala Yaen Sir,Malaysia Vasudevan|Usha,/artist/malaysia-vasudevan|/artist/usha,03:46,Tamil,12-02-2001,0.06,0.86,0.121,0.5,-12.767,0.0551,121.927,0,10,0.0587,4,73,5019404,2001
Thanneer Suduvathenna,P. Susheela|T.M. Soundararajan,/artist/p-suseela-2|/artist/tm-soundararajan,04:25,Tamil,11-05-2004,0.2,0.184,0.535,0.506,-13.724,0.095,152.11,1,7,0.06,4,45,3241855,2004
Vanthu Nindran,K. Veeramani,/artist/k-veeramani-1,08:59,Tamil,05-07-2002,0.29,0.05,0.076,0.9,-9.224,0.0,159.96,1,1,0.04,4,93,5078967,2002
Poo Malaigal Eru Thol,K J Yesudas|K. S. Chithra,/artist/k-j-yesudas|/artist/chitra,05:22,Tamil,08-10-2004,0.56,0.37,0.635,0.6,-4.951,0.067,163.002,0,11,0.06,4,63,195685,2004
Kannukkulle Kadhal Vandhu,P. Jayachandran|Uma Ramanan,/artist/p-jayachandran-1|/artist/uma-ramanan-1,04:18,Tamil,04-08-2007,0.37,0.28,0.271,0.3,-6.209,0.0454,146.461,1,11,0.095,4,82,6449815,2007
Gangai Nadhi Oram Raman Nadanthan,K J Yesudas|Vani Jairam,/artist/k-j-yesudas|/artist/vani-jayaram,03:28,Tamil,07-03-2020,0.46,0.019,0.796,0.497,-10.674,0.04,165.053,1,0,0.05,4,57,5465088,2020
Kavidhayil Ezhudhiya,P. Susheela,/artist/p-suseela-2,02:37,Tamil,06-09-2023,0.21,0.23,0.735,0.4,-13.752,0.008,170.532,1,5,0.041,4,38,8270547,2023
Hallo Hallo,T.M. Soundararajan|P. Susheela,/artist/tm-soundararajan|/artist/p-suseela-2,03:01,Tamil,05-07-2001,0.14,0.15,0.763,0.8,-10.696,0.0767,186.184,1,11,0.05,4,52,6522769,2001
Gettimelam Kottura Kalyanam,P. Susheela,/artist/p-suseela-2,03:41,Tamil,10-11-2008,0.9,0.516,0.482,0.8,-13.175,0.01,166.896,0,1,0.09,4,65,2384688,2008
Malarathudikkum,P. Susheela|S. P. Balasubrahmanyam,/artist/p-suseela-2|/artist/s-p-balasubrahamanyam,04:37,Tamil,08-02-2020,0.59,0.24,0.793,0.1,-11.735,0.06,182.204,0,10,0.0944,4,98,9659131,2020
Kalyanam Aanavare,P. Susheela,/artist/p-suseela-2,03:34,Tamil,01-12-2004,0.19,0.38,0.21,0.2,-12.242,0.0,150.09,0,11,0.0023,4,38,10697697,2004
Alli Thandu,T.M. Soundararajan|P. Susheela,/artist/tm-soundararajan|/artist/p-suseela-2,03:24,Tamil,07-06-2002,0.21,0.36,0.194,0.188,-13.404,0.06,163.956,1,1,0.045,4,58,9376118,2002
Yenunga Maappillai,P Suhseela|S. P. Balasubrahmanyam,/artist/p-suhseela|/artist/s-p-balasubrahamanyam,04:37,Tamil,05-04-2023,0.23,0.61,0.467,0.602,-2.043,0.08,193.486,1,9,0.07,4,30,110297,2023
Aadai Mariya Pani,L.R. Eswari|P. Susheela,/artist/lr-eswari-2|/artist/p-suseela-2,02:56,Tamil,01-09-2001,0.15,0.44,0.189,0.1,-2.322,0.04,199.89,1,7,0.0431,4,44,1577965,2001
Nalam Paaduven Nee Vazhathan,S. Janaki,/artist/s-janaki,04:35,Tamil,01-03-2007,0.83,0.02,0.842,0.875,-2.083,0.0379,126.889,0,6,0.0,4,37,8590561,2007
V,S. P. Balasubrahmanyam|S. Janaki,/artist/s-p-balasubrahamanyam|/artist/s-janaki,04:27,Tamil,12-02-2006,0.88,0.79,0.279,1.0,-11.103,0.08,165.99,0,10,0.0685,4,98,8153396,2006
Raghupathi Raagava,S. Balachander,/artist/s-balachander-1,06:36,Tamil,12-03-2009,0.08,0.887,0.805,0.287,-7.611,0.083,129.912,0,4,0.044,4,77,5719603,2009
Kathalika Kathukka,S. P. Balasubrahmanyam|Vani Jairam,/artist/s-p-balasubrahamanyam|/artist/vani-jayaram,04:15,Tamil,04-02-2001,0.85,0.82,0.923,0.5,-6.159,0.0962,166.922,0,1,0.0507,4,43,3209642,2001
Anthi Saayam,Sirkazhi Govindarajan|Jikki,/artist/sirkazhi-govindarajan|/artist/jikki,03:34,Tamil,11-02-2022,0.69,0.141,0.148,0.862,-12.386,0.08,135.939,1,1,0.0844,4,60,1354824,2022
Paarvai Ondre Pothume,T.M. Soundararajan|L.R. Eswari,/artist/tm-soundararajan|/artist/lr-eswari-2,04:22,Tamil,03-02-2009,0.85,0.21,0.446,0.9,-3.894,0.005,119.054,1,9,0.0607,4,74,5452076,2009
Nethiyile,P. Susheela,/artist/p-suseela-2,03:38,Tamil,09-10-2020,0.77,0.577,0.857,0.383,-4.934,0.1,139.999,1,9,0.01,4,67,3871444,2020
Sirippo Illai Nadippo,T.M. Soundararajan,/artist/tm-soundararajan,04:31,Tamil,12-12-2003,0.22,0.32,0.889,0.3,-9.216,0.079,160.083,1,1,0.0875,4,43,3049196,2003
Ivalavuthan Ulagam,T.M. Soundararajan|L.R. Eswari|S. V. Ponnusamy,/artist/tm-soundararajan|/artist/lr-eswari-2|/artist/s-v-ponnusamy,05:03,Tamil,10-03-2023,0.78,0.053,0.135,0.846,-13.115,0.073,135.064,0,11,0.04,4,92,7418644,2023
Vellikkizhamai,L.R. Eswari|Saibaba,/artist/lr-eswari-2|/artist/saibaba,04:25,Tamil,04-01-2023,0.78,0.161,0.231,0.048,-13.803,0.083,129.896,1,1,0.053,4,64,11049685,2023
Chinna Chinna Mookkuththiyaam,T.M. Soundararajan,/artist/tm-soundararajan,05:08,Tamil,04-05-2002,0.66,0.88,0.252,0.4,-2.189,0.082,148.015,0,1,0.0618,4,37,3997744,2002
Aanadavanin Thottathilae,P. Susheela,/artist/p-suseela-2,03:06,Tamil,10-02-2005,0.95,0.64,0.152,0.754,-7.045,0.0916,204.124,1,1,0.0912,4,97,1299999,2005
Aadharam Nin Thiru,T.M. Soundararajan,/artist/tm-soundararajan,03:15,Tamil,07-02-2007,0.42,0.38,0.463,0.2,-10.243,0.077,144.982,1,1,0.048,4,95,3699974,2007
Therukkootthu,N. S. Krishnan|T. A. Madhuram,/artist/n-s-krishnan-1|/artist/t-a-madhuram-1,13:34,Tamil,11-03-2003,0.89,0.03,0.947,0.2,-8.87,0.081,141.959,0,11,0.0801,4,53,6461961,2003
Ramanukke Seethai,P. Susheela,/artist/p-suseela-2,03:27,Tamil,01-11-2020,0.1,0.298,0.991,0.098,-12.136,0.0243,158.004,1,1,0.0796,4,87,9294776,2020
Oru Dimon Rani,S.N. Surendar,/artist/sn-surendar-1,04:34,Tamil,10-03-2009,0.78,0.86,0.902,0.3,-3.993,0.03,176.086,1,5,0.094,4,53,400476,2009
Aandavan Ulagathin With Dialogues,T M S Selvakumar,/artist/t-m-s-selvakumar,02:56,Tamil,01-05-2007,0.22,0.37,0.754,0.7,-10.998,0.07,140.019,1,6,0.08,4,84,5462012,2007
Neelakkadal Arugil,P. Susheela|Chorus,/artist/p-suseela-2|/artist/chorus,03:03,Tamil,07-06-2005,0.5,0.02,0.686,0.6,-5.781,0.02,182.0,0,7,0.0244,4,34,9226659,2005
Aathoram Manaleduthu (Happy),Latha|Ramamani,/artist/latha|/artist/ramamani,03:44,Tamil,05-11-2004,0.6,0.407,0.325,0.629,-3.733,0.044,193.968,1,1,0.0033,4,64,95624,2004
Manra Maravargale Vaarungal,T.M. Soundararajan|M. R. Vijaya|Sri Pathi,/artist/tm-soundararajan|/artist/m-r-vijaya-1|/artist/sri-pathi,04:00,Tamil,07-11-2007,0.62,0.35,0.774,0.7,-10.999,0.029,178.204,1,8,0.037,4,78,2615222,2007
Sirithalum Podhume,T.M. Soundararajan|P. Susheela,/artist/tm-soundararajan|/artist/p-suseela-2,02:57,Tamil,09-02-2020,0.69,0.87,0.213,0.2,-12.404,0.033,170.444,1,2,0.0897,4,37,3619317,2020
Vetri Murasu Olikka,P Leela|V.N. Sundaram,/artist/p-leela|/artist/vn-sundaram-7,03:27,Tamil,04-11-2008,0.03,0.8,0.307,0.5,-12.462,0.071,183.426,0,8,0.03,4,67,3722930,2008
Kadhal Raani,S. P. Balasubrahmanyam,/artist/s-p-balasubrahamanyam,05:05,Tamil,05-01-2000,0.95,0.691,0.39,0.062,-8.396,0.03,185.77,0,7,0.012,4,64,10632821,2000
Muthamo Mogamo,T.M. Soundararajan|L.R. Eswari,/artist/tm-soundararajan|/artist/lr-eswari-2,05:23,Tamil,12-07-2009,0.47,0.422,0.55,0.398,-4.792,0.003,203.768,1,0,0.01,4,49,2495849,2009
Thirunaal Vandhadhu,P. Susheela,/artist/p-suseela-2,04:06,Tamil,03-04-2003,0.08,0.6,0.828,0.6,-13.577,0.0362,190.172,0,1,0.0943,4,87,10995554,2003
Sandhegam Ennamma,Ghanatasala,/artist/ghanatasala,03:01,Tamil,06-03-2020,0.94,0.321,0.871,0.915,-10.928,0.01,130.086,1,2,0.0215,4,90,4670121,2020
Kasiyile Neeradi,Soolamangalam Sisters,/artist/soolamangalam-sisters,04:49,Tamil,10-11-2002,0.97,0.184,0.324,0.579,-8.794,0.098,162.0,1,1,0.01,4,80,5142203,2002
Seethakkalaba,Sirkazhi Govindarajan,/artist/sirkazhi-govindarajan,06:52,Tamil,12-03-2002,0.05,0.77,0.404,0.7,-4.525,0.035,180.876,0,10,0.03,4,67,1477032,2002
Iravil Ore,S. Janaki,/artist/s-janaki,04:18,Tamil,08-04-2021,0.48,0.33,0.901,0.7,-11.929,0.056,171.038,0,10,0.036,4,29,4922667,2021
Aah Aah Ithu Nalliravu,L.R. Eswari,/artist/lr-eswari-2,03:14,Tamil,09-08-2003,0.99,0.09,0.098,0.4,-11.281,0.063,117.864,0,1,0.01,4,53,4836358,2003
Oru Pullanguzhal,P. Susheela|Vani Jairam,/artist/p-suseela-2|/artist/vani-jayaram,04:38,Tamil,08-11-2003,0.71,0.51,0.688,0.703,-6.402,0.044,124.053,0,10,0.083,4,37,5775542,2003
Oorukku Uzhappavanadi,P. S. Subbiah,/artist/p-s-subbiah-1,02:52,Tamil,04-06-2020,0.73,0.55,0.977,0.4,-2.772,0.028,132.848,0,4,0.08,4,97,1130430,2020
Vazhdhal Unnodu,Vani Jairam,/artist/vani-jayaram,03:25,Tamil,10-11-2001,0.77,0.88,0.617,0.3,-7.674,0.0361,184.114,1,11,0.069,4,36,445862,2001
Pani Padarntha,T.M. Soundararajan,/artist/tm-soundararajan,06:07,Tamil,01-07-2005,0.01,0.677,0.398,0.574,-7.024,0.002,111.914,1,10,0.081,4,38,10914194,2005
Pagaliley,P. Susheela,/artist/p-suseela-2,03:19,Tamil,08-11-2000,0.45,0.44,0.381,0.1,-4.673,0.014,157.961,0,10,0.091,4,42,5367335,2000
Thenatrangkara Iyinile,L.R. Eswari,/artist/lr-eswari-2,03:23,Tamil,05-05-2002,0.82,0.416,0.942,0.751,-9.722,0.0559,123.988,0,7,0.06,4,32,8986076,2002
Ennadi Papa,T.M. Soundararajan,/artist/tm-soundararajan,03:15,Tamil,02-01-2007,0.54,0.484,0.822,0.469,-12.784,0.07,115.995,1,1,0.04,4,39,10642277,2007
Annai Bhavanikkoru,L.R. Eswari,/artist/lr-eswari-2,04:19,Tamil,03-09-2002,0.4,0.32,0.805,1.0,-4.56,0.031,157.98,1,2,0.05,4,32,10577447,2002
Mane Unnai,Vani Jairam|Mano,/artist/vani-jayaram|/artist/mano,07:01,Tamil,09-11-2020,0.33,0.163,0.73,0.212,-11.662,0.076,141.401,0,10,0.04,4,73,6107937,2020
Inbamaana Iraviduve,P. Susheela|A.L. Raghavan,/artist/p-suseela-2|/artist/al-raghavan-1,03:08,Tamil,04-07-2020,0.42,0.024,0.597,0.809,-8.573,0.045,150.003,0,0,0.082,4,55,6211295,2020
Karpanaikku,T.M. Soundararajan,/artist/tm-soundararajan,05:17,Tamil,01-03-2005,0.04,0.34,0.895,0.6,-13.032,0.036,114.044,0,5,0.0632,4,40,7132774,2005
Chella Kutti Chinna Kuttiya,K. S. Chithra,/artist/chitra,04:50,Tamil,12-10-2000,0.72,0.62,0.335,0.976,-13.258,0.03,199.99,1,2,0.024,4,65,1641908,2000
Porandhirukea Porandhirukea,S. P. Sailaja,/artist/s-p-sailaja-2,04:27,Tamil,04-11-2007,0.82,0.62,0.53,0.2,-13.587,0.074,129.925,1,1,0.001,4,32,3646841,2007
Brahmman Thaalam Poda,radha jaya lakshmi,/artist/radha-jaya-lakshmi,05:59,Tamil,01-02-2006,0.09,0.62,0.548,0.3,-10.349,0.0833,142.966,1,7,0.078,4,90,10598429,2006
Nee Engey Enn (Male),T.M. Soundararajan,/artist/tm-soundararajan,02:26,Tamil,05-01-2008,0.27,0.186,0.376,0.385,-12.549,0.01,204.152,1,0,0.07,4,32,7491451,2008
Kulunguthadi Kolusu,Asha Bhosle|Ramani|S. P. Sailaja,/artist/asha-bhosle-1|/artist/ramani|/artist/s-p-sailaja-2,04:46,Tamil,10-10-2021,0.78,0.78,0.605,0.7,-8.605,0.01,154.124,1,1,0.035,4,67,391542,2021
Kannukkul,T.M. Soundararajan|P. Susheela,/artist/tm-soundararajan|/artist/p-suseela-2,04:22,Tamil,10-06-2000,0.24,0.59,0.917,0.6,-4.892,0.0677,105.011,1,0,0.082,4,29,25683,2000
Singapooru Macchan,T.M. Soundararajan|L.R. Eswari,/artist/tm-soundararajan|/artist/lr-eswari-2,04:04,Tamil,05-05-2022,0.79,0.954,0.341,0.71,-7.606,0.0221,126.77,1,10,0.019,4,33,4852982,2022
Aadiya Paadhangal,P. Susheela,/artist/p-suseela-2,04:18,Tamil,05-11-2009,0.28,0.08,0.176,0.4,-12.365,0.0498,161.983,0,11,0.0956,4,43,7424502,2009
Fields And Storeys,M. S. Viswanathan,/artist/m-s-viswanathan-2,03:43,Tamil,01-03-2009,0.97,0.557,0.695,0.161,-6.299,0.0557,159.992,0,11,0.006,4,82,5382787,2009
Oorengum Maappillai,P. Susheela,/artist/p-suseela-2,04:11,Tamil,09-08-2021,0.61,0.26,0.024,0.5,-9.977,0.046,140.048,0,5,0.03,4,81,8871392,2021
Yesuvin Pinnal,P. Jayachandran,/artist/p-jayachandran-1,03:18,Tamil,10-01-2022,0.23,0.36,0.438,0.7,-4.975,0.07,199.545,1,9,0.0233,4,50,2493197,2022
Chittukkuruvikkenna,P. Susheela,/artist/p-suseela-2,04:29,Tamil,05-09-2003,0.47,0.974,0.171,0.707,-3.141,0.0,149.003,1,0,0.057,4,52,7775191,2003
V,S. P. Balasubrahmanyam|S. Janaki,/artist/s-p-balasubrahamanyam|/artist/s-janaki,04:35,Tamil,12-07-2003,0.58,0.43,0.535,0.7,-13.34,0.063,140.052,0,8,0.062,4,99,8450005,2003
Paattu Oru Paattu,T.M. Soundararajan|P. Susheela,/artist/tm-soundararajan|/artist/p-suseela-2,03:33,Tamil,03-01-2004,0.11,0.27,0.112,0.7,-5.062,0.03,129.945,0,5,0.09,4,25,3657652,2004
Kodi Kodi Paattum,T.M. Soundararajan,/artist/tm-soundararajan,03:58,Tamil,09-03-2023,0.87,0.457,0.422,0.637,-7.411,0.0131,189.942,1,2,0.03,4,99,8908284,2023
En Kadhhal Kannmani,S. P. Balasubrahmanyam,/artist/s-p-balasubrahamanyam,03:33,Tamil,09-04-2004,0.47,0.57,0.365,0.4,-3.202,0.01,183.848,0,11,0.01,4,73,8202950,2004
Kola Kola,Vani Jairam|Chorus,/artist/vani-jayaram|/artist/chorus,04:46,Tamil,08-11-2020,0.13,0.76,0.145,0.4,-13.343,0.06,125.985,1,8,0.002,4,27,5761083,2020
Kannane Kannane Un Radhai,S. Janaki,/artist/s-janaki,04:38,Tamil,09-01-2009,0.54,0.08,0.852,0.7,-4.533,0.036,104.958,1,10,0.048,4,98,2858433,2009
Madhu Malar Kodi Ival Mani Mozhi,S. Janaki|T.M. Soundararajan,/artist/s-janaki|/artist/tm-soundararajan,03:43,Tamil,04-09-2005,0.35,0.143,0.609,0.831,-8.123,0.004,138.836,0,10,0.031,4,30,8262867,2005
Ye Pille Sachayi,P. Susheela|T.M. Soundararajan,/artist/p-suseela-2|/artist/tm-soundararajan,03:15,Tamil,11-02-2021,0.81,0.57,0.573,0.2,-10.764,0.0356,176.006,1,1,0.036,4,54,10136774,2021
Vandhu Parungal,S.Sarala,/artist/ssarala,02:59,Tamil,02-01-2024,0.54,0.78,0.942,0.9,-12.859,0.04,140.952,0,5,0.0541,4,61,5803467,2024
Aasaigal Theinthathea,S. P. Balasubrahmanyam,/artist/s-p-balasubrahamanyam,04:23,Tamil,01-08-2001,0.46,0.54,0.583,0.3,-10.679,0.06,132.416,1,1,0.0725,4,35,2867242,2001
Kuthuna Kuththu,Vani Jairam,/artist/vani-jayaram,04:37,Tamil,09-03-2002,0.58,0.478,0.281,0.212,-7.069,0.1,105.165,1,9,0.094,4,96,8836736,2002
Kandathundo Kannan Pol,M.S. Subbulakshmi,/artist/ms-subbulakshmi,03:02,Tamil,07-08-2006,0.95,0.73,0.127,0.4,-12.373,0.03,199.96,1,11,0.0629,4,45,1577898,2006
Sollathe Sollathe,L.R. Eswari,/artist/lr-eswari-2,04:06,Tamil,05-06-2001,0.74,0.406,0.607,0.659,-8.893,0.074,162.818,1,1,0.026,4,58,11288705,2001
Koopitta Kuralukku,K.B. Sundarambal,/artist/kb-sundarambal,01:05:53,Tamil,08-05-2006,0.52,0.2,0.971,0.5,-11.466,0.066,119.983,0,6,0.036,4,34,4876844,2006
Vaaiyaa Nalla,L.R. Eswari,/artist/lr-eswari-2,04:26,Tamil,09-10-2001,0.56,0.71,0.167,0.4,-2.361,0.02,187.908,0,11,0.02,4,45,6156886,2001
Kodana Kodi Makkal,T.M. Soundararajan,/artist/tm-soundararajan,04:19,Tamil,03-07-2003,0.65,0.439,0.734,0.349,-6.139,0.0188,192.142,0,4,0.058,4,53,8672979,2003
Naan Teeratha Vilaiyattu,S. P. Balasubrahmanyam,/artist/s-p-balasubrahamanyam,04:19,Tamil,08-05-2002,0.72,0.88,0.702,0.2,-13.129,0.0687,114.007,1,8,0.06,4,49,9728268,2002
Meen Kodi Theril,T. Selvakumar,/artist/t-selvakumar-1,04:41,Tamil,05-06-2022,0.32,0.878,0.831,0.213,-9.699,0.0556,164.032,0,10,0.0475,4,76,8701154,2022
Suttum Vizhi,P Suhseela,/artist/p-suhseela,04:49,Tamil,01-01-2021,0.24,0.05,0.908,0.8,-2.211,0.06,150.013,0,6,0.02,4,43,1875571,2021
Sengallai Thookara,Malaysia Vasudevan|Uma Ramanan,/artist/malaysia-vasudevan|/artist/uma-ramanan-1,03:14,Tamil,07-05-2007,0.51,0.66,0.481,0.8,-5.29,0.001,162.584,1,7,0.049,4,83,8435572,2007
Enna Enna,Malaysia Vasudevan,/artist/malaysia-vasudevan,04:49,Tamil,01-07-2021,0.22,0.29,0.408,0.6,-11.79,0.005,160.211,1,7,0.01,4,73,2831646,2021
Hero Vandachudi,S. P. Balasubrahmanyam|K. S. Chithra,/artist/s-p-balasubrahamanyam|/artist/chitra,04:16,Tamil,05-08-2023,0.39,0.11,0.215,0.6,-11.496,0.0248,149.872,0,6,0.02,4,45,11307854,2023
Kodathavane,Dharmapuram P Swaminathan,/artist/dharmapuram-p-swaminathan,08:04,Tamil,03-06-2003,0.59,0.76,0.463,0.0,-9.489,0.1,161.181,1,1,0.0514,4,76,3019293,2003
Laahi Laaha,T.M. Soundararajan,/artist/tm-soundararajan,05:10,Tamil,02-12-2007,0.4,0.864,0.879,0.171,-9.067,0.0026,161.016,0,9,0.017,4,58,2071889,2007
Parameswari,T.M. Soundararajan|P. Susheela,/artist/tm-soundararajan|/artist/p-suseela-2,03:16,Tamil,07-08-2001,0.41,0.413,0.591,0.1,-12.45,0.0367,145.7,0,10,0.01,4,40,8956641,2001
Jago Jogmaya Jago Mrinmoyee,Manabendra Mukherjee,/artist/manabendra-mukherjee,03:32,Tamil,06-02-2008,0.15,0.785,0.679,0.424,-6.782,0.03,139.966,1,1,0.091,4,64,1062642,2008
Akka Akka,P. Susheela,/artist/p-suseela-2,03:17,Tamil,07-09-2006,0.54,0.58,0.237,0.8,-3.413,0.0053,130.007,1,1,0.093,4,90,1404670,2006
Vasam Sindum,Mano|Vani Jairam,/artist/mano|/artist/vani-jayaram,04:36,Tamil,12-04-2009,0.73,0.34,0.393,0.052,-10.79,0.0394,121.973,1,1,0.0845,4,60,2100451,2009
Unmaikku,Sirkazhi Govindarajan,/artist/sirkazhi-govindarajan,02:23,Tamil,05-03-2023,0.19,0.32,0.459,0.1,-5.436,0.04,120.06,1,0,0.01,4,67,11114938,2023
Paadum Vayirumdhan,Malaysia Vasudevan,/artist/malaysia-vasudevan,05:04,Tamil,06-11-2004,0.58,0.361,0.556,0.229,-3.718,0.09,154.053,1,6,0.081,4,80,7772585,2004
Nee Oru Kaditham,S. P. Balasubrahmanyam|P. Susheela,/artist/s-p-balasubrahamanyam|/artist/p-suseela-2,04:21,Tamil,12-02-2004,0.57,0.469,0.495,0.553,-12.875,0.0535,177.668,1,1,0.0721,4,73,7313997,2004
Velli Mooku Minna Minna,P. Jayachandran,/artist/p-jayachandran-1,04:53,Tamil,08-05-2003,0.43,0.03,0.808,0.8,-7.937,0.06,150.038,0,0,0.0643,4,100,9413518,2003
Nalamo Ena,Vani Jairam,/artist/vani-jayaram,04:29,Tamil,03-06-2008,0.05,0.646,0.84,0.646,-10.799,0.0385,160.052,0,1,0.046,4,86,4434054,2008
Pottalum Erale,S. P. Balasubrahmanyam,/artist/s-p-balasubrahamanyam,04:44,Tamil,07-04-2006,0.43,0.584,0.258,0.043,-13.466,0.003,151.059,1,1,0.015,4,94,7679901,2006
Pathuka Pattabhishekham - Part 1,Kripanandavariar,/artist/kripanandavariar,21:09,Tamil,03-02-2006,0.64,0.7,0.82,1.0,-7.368,0.0314,139.895,0,10,0.02,4,46,3453989,2006
Barla Barla,Malaysia Vasudevan,/artist/malaysia-vasudevan,04:36,Tamil,05-04-2023,0.63,0.46,0.227,0.0,-9.076,0.0258,149.965,1,5,0.073,4,81,3412120,2023
Nee Pogumidamellam,P.B. Sreenivas|P Suhseela,/artist/pb-sreenivas|/artist/p-suhseela,04:37,Tamil,02-10-2002,0.01,0.543,0.436,0.125,-4.671,0.054,176.076,0,10,0.04,4,81,1304448,2002
Moongil Katoram (Sad),S. P. Balasubrahmanyam,/artist/s-p-balasubrahamanyam,01:36,Tamil,10-01-2006,0.45,0.9,0.798,0.5,-10.46,0.0754,144.968,1,11,0.064,4,96,3528810,2006
Kuk Kukoo Ena Koovum,S. P. Balasubrahmanyam|S. Janaki,/artist/s-p-balasubrahamanyam|/artist/s-janaki,04:31,Tamil,10-02-2004,0.56,0.264,0.119,0.467,-9.363,0.0718,129.975,0,6,0.08,4,32,5548970,2004
Deviyar Iruvar,P. Susheela,/artist/p-suseela-2,03:47,Tamil,09-09-2004,0.21,0.15,0.002,0.7,-6.842,0.06,140.059,1,1,0.087,4,51,7048414,2004
Iraiyonin Sudarana Nabi Nadhare,K. Mohideen Baig,/artist/k-mohideen-baig-9,03:11,Tamil,04-03-2004,0.34,0.946,0.335,0.178,-11.937,0.08,181.982,1,9,0.062,4,30,405655,2004
Annamitta Kai,T.M. Soundararajan,/artist/tm-soundararajan,03:56,Tamil,02-03-2009,0.81,0.83,0.155,0.8,-7.681,0.09,112.23,1,1,0.06,4,74,9530416,2009
Pannodu Piranthathu,Jikki|P.B. Sreenivas,/artist/jikki|/artist/pb-sreenivas,03:51,Tamil,01-04-2007,0.59,0.58,0.54,1.0,-3.496,0.03,178.958,1,10,0.0674,4,65,4777830,2007
Adal Padal oodal,Vani Jairam,/artist/vani-jayaram,05:16,Tamil,05-04-2006,0.96,0.69,0.33,0.6,-10.387,0.069,154.322,0,11,0.03,4,29,1938497,2006
Kalluri Ranithan,Jamuna Rani|A.L. Raghavan,/artist/jamuna-rani|/artist/al-raghavan-1,05:18,Tamil,04-12-2001,0.51,0.427,0.438,0.881,-11.957,0.06,185.992,1,2,0.0521,4,47,8179080,2001
Kola Kolaya,S. Janaki,/artist/s-janaki,03:14,Tamil,04-12-2004,0.06,0.77,0.392,0.1,-5.248,0.001,192.376,0,6,0.098,4,56,7744202,2004
Ninaithal Unnaithan Ninaipen,K J Yesudas|P. Susheela,/artist/k-j-yesudas|/artist/p-suseela-2,04:35,Tamil,07-08-2004,0.61,0.618,0.683,0.658,-3.885,0.05,180.564,1,9,0.031,4,93,1256126,2004
Amba Paradevathe - Raga - Rudrapriya,Jon B. Higgins,/artist/jon-b-higgins-11,04:00,Tamil,09-03-2004,0.11,0.72,0.638,0.1,-5.341,0.09,196.908,1,1,0.03,4,54,7761965,2004
Enthan Kannil (Saxophone),Jadav,/artist/jadav,05:10,Tamil,06-04-2023,0.39,0.599,0.591,0.838,-9.261,0.026,176.598,1,7,0.06,4,99,6621709,2023
Vadakke Veguthuram - Sindhu Bairavi,M.L.Vasanthakumari,/artist/mlvasanthakumari-1,02:30,Tamil,11-04-2022,0.63,0.54,0.704,0.1,-12.162,0.043,179.24,1,5,0.04,4,46,9543432,2022
Devan Thiruchabai,Indhra|Poorani,/artist/indhra|/artist/poorani,04:23,Tamil,06-07-2001,0.56,0.815,0.188,0.943,-4.92,0.0927,148.026,1,1,0.0275,4,47,3604382,2001
Aazham Theriyaamal,Sirkazhi Govindarajan|L.R. Eswari,/artist/sirkazhi-govindarajan|/artist/lr-eswari-2,03:17,Tamil,01-10-2006,0.17,0.59,0.302,0.8,-13.852,0.08,160.041,1,9,0.0756,4,90,6729461,2006
Aalamaram Urangum,S. Janaki|T.M. Soundararajan,/artist/s-janaki|/artist/tm-soundararajan,04:11,Tamil,03-04-2023,0.57,0.91,0.823,0.137,-8.249,0.06,134.04,0,11,0.05,4,100,7479414,2023
En Ithaya Rani,S. P. Balasubrahmanyam|P. Susheela,/artist/s-p-balasubrahamanyam|/artist/p-suseela-2,04:44,Tamil,06-10-2003,0.24,0.27,0.928,0.6,-2.755,0.0829,152.047,0,9,0.0008,4,34,11160783,2003
Unnai Partha,Vani Jairam|Chandra Bose,/artist/vani-jayaram|/artist/chandra-bose,04:38,Tamil,10-06-2004,0.37,0.623,0.91,0.675,-2.469,0.002,190.1,1,6,0.097,4,76,824098,2004
Koothaadum Kondaiyile,Sirkazhi Govindarajan|P. Susheela,/artist/sirkazhi-govindarajan|/artist/p-suseela-2,03:03,Tamil,02-07-2004,0.94,0.721,0.476,0.523,-8.299,0.0423,156.05,0,11,0.07,4,29,8813769,2004
Vasandhamum Neeye,S. Janaki,/artist/s-janaki,04:45,Tamil,01-06-2006,0.87,0.13,0.618,0.1,-13.074,0.0283,207.898,1,1,0.019,4,51,8222277,2006
Vizhiyae Vizhiyae,T.M. Soundararajan|P. Susheela,/artist/tm-soundararajan|/artist/p-suseela-2,03:36,Tamil,02-04-2000,0.77,0.742,0.68,0.531,-5.872,0.07,129.964,1,10,0.014,4,34,5418611,2000
Penmai Konda,S. P. Balasubrahmanyam,/artist/s-p-balasubrahamanyam,04:09,Tamil,05-03-2009,0.81,0.55,0.182,1.0,-5.082,0.04,109.963,0,0,0.057,4,94,10579450,2009
Ullamellam,T.M. Soundararajan,/artist/tm-soundararajan,03:48,Tamil,03-09-2007,0.89,0.79,0.721,0.4,-11.067,0.0827,147.878,1,4,0.04,4,63,542276,2007
Inggey Inggey,S. Janaki|S. P. Balasubrahmanyam,/artist/s-janaki|/artist/s-p-balasubrahamanyam,04:38,Tamil,08-05-2005,0.42,0.998,0.636,0.711,-10.202,0.0775,120.188,1,1,0.088,4,28,2350603,2005
Ammadi Kannaippaaru,S. Janaki|S. P. Balasubrahmanyam,/artist/s-janaki|/artist/s-p-balasubrahamanyam,04:45,Tamil,02-09-2004,0.98,0.752,0.715,0.556,-12.707,0.0462,182.082,0,1,0.0519,4,75,9199053,2004
Achamilla Pathaliel,K. S. Chithra,/artist/chitra,05:37,Tamil,10-03-2007,0.67,0.81,0.008,0.4,-7.284,0.015,109.917,1,4,0.07,4,52,5406010,2007
Kaala Muthu - Pathos,P. Susheela,/artist/p-suseela-2,05:18,Tamil,01-04-2003,0.1,0.021,0.592,0.066,-11.421,0.0928,150.047,1,1,0.0445,4,88,9941222,2003
Aadi Aadi Nee Odi Vaa,T. K. S. Natarajan,/artist/t-k-s-natarajan-1,05:00,Tamil,07-08-2005,0.92,0.208,0.268,0.5,-10.73,0.091,131.747,1,2,0.0776,4,64,8640069,2005
Annai Mookambikayae,K. S. Chithra,/artist/chitra,03:22,Tamil,10-10-2021,0.19,0.28,0.769,0.1,-4.493,0.0667,126.802,1,8,0.0762,4,57,3290592,2021
Thookam Un Kangalai,S. Janaki,/artist/s-janaki,03:29,Tamil,12-09-2005,0.71,0.275,0.953,0.315,-12.725,0.007,111.924,1,8,0.0955,4,46,11028559,2005
Panchangam Yeanga,S. P. Balasubrahmanyam|S. Janaki,/artist/s-p-balasubrahamanyam|/artist/s-janaki,04:24,Tamil,10-03-2002,0.58,0.46,0.088,0.4,-10.72,0.02,190.13,0,9,0.02,4,81,4034512,2002
Ellorum Nalam Vaazha,T.M. Soundararajan,/artist/tm-soundararajan,03:32,Tamil,07-02-2006,0.49,0.254,0.584,0.589,-10.072,0.081,155.946,0,6,0.078,4,46,730189,2006
Aruviyilae,P. Susheela,/artist/p-suseela-2,04:20,Tamil,03-02-2006,0.02,0.87,0.979,0.6,-2.331,0.038,134.308,0,10,0.056,4,33,1864019,2006
Koluvai Unnade (Nadhaswaram),Andankovil Selvarathinam|Valangaiman Shanmugasundaram,/artist/andankovil-selvarathinam|/artist/valangaiman-shanmugasundaram,16:23,Tamil,11-03-2024,0.92,0.723,0.699,0.719,-12.622,0.046,134.945,0,1,0.0248,4,83,10629393,2024
Happy Indrumudal Happy,P. Susheela|T.M. Soundararajan,/artist/p-suseela-2|/artist/tm-soundararajan,04:34,Tamil,07-02-2002,0.89,0.83,0.206,0.9,-3.777,0.0398,120.029,0,10,0.051,4,83,9491723,2002
Maadiyeri Vaama,S. P. Balasubrahmanyam|S. Janaki,/artist/s-p-balasubrahamanyam|/artist/s-janaki,05:04,Tamil,10-08-2008,0.49,0.148,0.099,0.162,-11.059,0.07,155.25,1,4,0.0388,4,100,1536393,2008
Kadellam Thedi ? Aarabi,M.L.Vasanthakumari,/artist/mlvasanthakumari-1,03:09,Tamil,01-11-2000,0.97,0.349,0.524,0.464,-10.521,0.046,155.025,1,8,0.0387,4,72,839948,2000
Anbu Megame,S. P. Balasubrahmanyam|Vani Jairam,/artist/s-p-balasubrahamanyam|/artist/vani-jayaram,03:03,Tamil,06-07-2004,0.68,0.82,0.267,0.5,-5.582,0.054,143.057,1,11,0.006,4,92,7441551,2004
Kaavanna Thaana,S. P. Sailaja|Malaysia Vasudevan,/artist/s-p-sailaja-2|/artist/malaysia-vasudevan,04:44,Tamil,10-06-2001,0.29,0.104,0.524,0.027,-12.947,0.1,140.078,1,6,0.059,4,60,6933769,2001
Varuvaan Mohana,S. Janaki,/artist/s-janaki,03:21,Tamil,01-03-2021,0.24,0.13,0.158,0.8,-6.224,0.01,106.95,0,10,0.012,4,43,4404690,2021
En Kanmani Pone Mangani,P. Jayachandran,/artist/p-jayachandran-1,04:36,Tamil,09-11-2009,0.5,0.529,0.767,0.075,-10.235,0.09,142.933,1,1,0.081,4,73,7587597,2009
Karugamani Frusaradu-Bit,REQ.,/artist/req,01:29,Tamil,09-02-2007,0.44,0.269,0.178,0.664,-9.449,0.071,111.989,1,2,0.08,4,94,3028338,2007
Naan Podiyum Kavithayin,T.M. Soundararajan,/artist/tm-soundararajan,03:15,Tamil,09-10-2022,0.65,0.97,0.478,0.9,-12.74,0.04,155.996,0,6,0.008,4,93,2751281,2022
V,S. P. Balasubrahmanyam|S. Janaki,/artist/s-p-balasubrahamanyam|/artist/s-janaki,04:35,Tamil,04-04-2020,0.65,0.401,0.601,0.997,-6.462,0.1,124.059,1,9,0.03,4,36,5859078,2020
Ithukku Enna Artham,Yugendharan,/artist/yugendharan,04:32,Tamil,09-03-2004,0.9,0.308,0.616,0.508,-5.618,0.0602,130.037,1,0,0.0827,4,69,11215759,2004
Yezhai Yen Mael,Soolamangalam Sisters,/artist/soolamangalam-sisters,04:25,Tamil,01-06-2020,0.85,0.91,0.278,0.8,-7.95,0.07,148.844,1,9,0.052,4,65,6693618,2020
Munnam Avan,P Leela,/artist/p-leela,03:03,Tamil,12-02-2024,0.96,0.28,0.766,0.91,-5.446,0.04,159.107,1,6,0.03,4,42,10412601,2024
Ezhumalai Irukka,K. B. Sundarambal,/artist/k-b-sundarambal-1,03:07,Tamil,01-07-2003,0.58,0.761,0.218,0.502,-9.38,0.09,191.032,0,9,0.05,4,31,6259729,2003
Naan Aayirakkankali,P. Susheela,/artist/p-suseela-2,03:22,Tamil,08-05-2004,0.31,0.9,0.209,0.9,-2.332,0.045,149.982,0,2,0.06,4,61,1778613,2004
Nyayathai,Dheepan Chakravarthy|Chorus,/artist/dheepan-chakravarthy|/artist/chorus,04:08,Tamil,10-05-2005,0.24,0.125,0.851,0.574,-12.555,0.08,125.91,1,7,0.02,4,60,3154855,2005
Kannizhandha,P Suhseela,/artist/p-suhseela,03:14,Tamil,02-11-2006,0.51,0.4,0.401,0.2,-6.632,0.005,173.596,1,1,0.041,4,69,4682084,2006
Unnai Vittu Poonaal,Haricharan,/artist/haricharan,04:14,Tamil,03-08-2009,0.11,0.67,0.146,0.2,-2.401,0.0246,142.054,0,6,0.026,4,39,9503335,2009
Aayiram Mutham,P. Susheela|T.M. Soundararajan,/artist/p-suseela-2|/artist/tm-soundararajan,03:12,Tamil,05-08-2008,0.95,0.33,0.925,0.2,-5.297,0.017,149.762,0,8,0.083,4,73,9646928,2008
Thenuruthe Aasaiyo Neeluthe,S. Janaki,/artist/s-janaki,04:36,Tamil,10-07-2007,0.09,0.66,0.627,0.2,-12.158,0.089,151.979,1,10,0.06,4,58,131611,2007
Aluthu Pona Pazhaiya Mugangal,Mano|Sunandha,/artist/mano|/artist/sunandha,03:00,Tamil,01-06-2022,0.36,0.628,0.769,0.045,-4.919,0.07,159.927,1,11,0.04,4,67,3959871,2022
Vaadai Kaatramma,L.R. Eswari,/artist/lr-eswari-2,03:28,Tamil,02-11-2020,0.17,0.991,0.813,0.32,-7.308,0.063,118.051,0,10,0.02,4,68,3414116,2020
Hap Hap,L.Andrewkumar,/artist/landrewkumar,04:30,Tamil,06-09-2002,0.09,0.63,0.993,0.9,-5.863,0.036,132.957,0,10,0.09,4,95,1101475,2002
Ennadi Ennadi Kannama,S. P. Sailaja,/artist/s-p-sailaja-2,04:10,Tamil,08-07-2001,0.02,0.21,0.928,0.4,-4.768,0.05,201.41,1,7,0.04,4,34,6852684,2001
Neeril Oru Thamarai,P. Jayachandran,/artist/p-jayachandran-1,04:43,Tamil,06-12-2020,0.09,0.517,0.877,0.358,-12.965,0.06,119.954,1,7,0.01,4,27,11290383,2020
Poovukkulle,Sailaja|Mano,/artist/sailaja|/artist/mano,04:20,Tamil,11-04-2009,0.71,0.99,0.361,0.1,-2.006,0.08,166.079,0,4,0.0505,4,45,3993494,2009
Sirikkindra Mugaththai,S. Janaki,/artist/s-janaki,02:59,Tamil,10-04-2004,0.66,0.27,0.841,0.0,-11.552,0.051,190.614,0,11,0.0444,4,62,3299791,2004
Jillendra Kaatru,T.M. Soundararajan|P. Susheela,/artist/tm-soundararajan|/artist/p-suseela-2,04:18,Tamil,09-01-2008,0.07,0.61,0.616,0.1,-4.918,0.1,172.882,1,1,0.03,4,64,7389887,2008
Ennamma Sowkiyama,T.M. Soundararajan|P. Susheela,/artist/tm-soundararajan|/artist/p-suseela-2,02:51,Tamil,08-01-2008,0.25,0.61,0.231,0.1,-7.618,0.045,178.181,1,0,0.02,4,51,7223659,2008
Aaradhipom,Justin Prabhakaran,/artist/justin-prabhakaran,03:35,Tamil,12-07-2009,0.94,0.13,0.635,0.2,-7.577,0.08,193.408,1,1,0.051,4,52,4965935,2009
Vaanam Engay,S. Janaki|P. Jayachandran,/artist/s-janaki|/artist/p-jayachandran-1,04:38,Tamil,06-11-2005,0.91,0.129,0.97,0.556,-9.38,0.0108,179.576,0,1,0.03,4,66,1980274,2005
Poonthotta Kaavalkara,T.M. Soundararajan|P. Susheela,/artist/tm-soundararajan|/artist/p-suseela-2,03:49,Tamil,09-09-2003,0.88,0.52,0.071,0.3,-5.327,0.05,189.968,1,1,0.01,4,85,9768313,2003
Kadan Vaangi,Malaysia Vasudevan,/artist/malaysia-vasudevan,04:23,Tamil,03-04-2000,0.95,0.65,0.423,0.364,-12.688,0.05,184.566,1,1,0.091,4,29,154710,2000
Yaar Yaar Yaar Aval,P.B. Sreenivas|P. Susheela,/artist/pb-sreenivas|/artist/p-suseela-2,04:22,Tamil,08-04-2002,0.37,0.52,0.606,0.4,-8.303,0.0005,193.142,1,1,0.09,4,76,5177471,2002
Idhu Nalliravu,L.R. Eswari,/artist/lr-eswari-2,03:25,Tamil,08-11-2003,0.72,0.905,0.925,0.102,-5.173,0.088,151.997,0,2,0.08,4,59,4359833,2003
Mutthukumaranai,P. Susheela|Chorus,/artist/p-suseela-2|/artist/chorus,06:36,Tamil,10-02-2003,0.33,0.681,0.373,0.944,-7.069,0.0578,191.758,1,1,0.07,4,84,1576653,2003
Ada Vaada,S. P. Balasubrahmanyam,/artist/s-p-balasubrahamanyam,04:25,Tamil,04-03-2022,0.97,0.78,0.305,0.2,-5.44,0.0641,201.684,0,11,0.035,4,89,11004438,2022
Manmadha Ragangalae,Vani Jairam,/artist/vani-jayaram,04:23,Tamil,12-01-2002,0.11,0.659,0.997,0.324,-11.772,0.04,177.886,1,9,0.043,4,77,8481098,2002
Ariyathu Ariyathu,K.B. Sundarambal,/artist/kb-sundarambal,05:42,Tamil,09-05-2007,0.68,0.925,0.312,0.108,-4.332,0.004,166.056,1,1,0.04,4,90,7728312,2007
Maamarakkuyil,Ramana|Edwin,/artist/ramana|/artist/edwin,04:42,Tamil,04-11-2005,0.81,0.79,0.652,1.0,-7.225,0.056,185.774,1,7,0.068,4,32,9402261,2005
Muzhanguthu Guitar,Malaysia Vasudevan|S. P. Sailaja,/artist/malaysia-vasudevan|/artist/s-p-sailaja-2,04:38,Tamil,06-01-2020,0.98,0.099,0.193,0.965,-11.177,0.004,175.426,0,4,0.006,4,28,7028760,2020
Kannapuram Selven,Sirkazhi Govindarajan,/artist/sirkazhi-govindarajan,04:24,Tamil,05-02-2003,0.97,0.85,0.249,0.2,-3.319,0.0185,177.398,1,9,0.09,4,96,10280782,2003
Arumugam Kandu,Soolamangalam Sisters,/artist/soolamangalam-sisters,04:09,Tamil,04-01-2004,0.4,0.18,0.01,0.3,-9.537,0.09,194.082,1,7,0.057,4,76,2770786,2004
Kaathal Oru,S. Janaki|S. P. Balasubrahmanyam,/artist/s-janaki|/artist/s-p-balasubrahamanyam,04:51,Tamil,07-02-2007,0.32,0.564,0.971,0.288,-6.243,0.091,189.39,0,0,0.032,4,81,11035757,2007
Kuladeivame (Part 1) and 02,K.B. Sundarambal,/artist/kb-sundarambal,10:01,Tamil,10-04-2001,0.01,0.363,0.384,0.447,-13.644,0.0952,190.162,0,11,0.0282,4,60,6190289,2001
Engae Poividum Kaalam,T.M. Soundararajan,/artist/tm-soundararajan,04:04,Tamil,06-04-2022,0.39,0.27,0.924,0.3,-11.164,0.0974,173.497,0,10,0.05,4,75,2980962,2022
Enathu Paattai,Vani Jairam,/artist/vani-jayaram,03:39,Tamil,08-03-2006,0.0,0.671,0.225,0.434,-12.922,0.0616,196.61,0,10,0.048,4,45,7575524,2006
Ammaanai,Vani Jairam|T.M. Soundararajan,/artist/vani-jayaram|/artist/tm-soundararajan,04:45,Tamil,12-03-2005,0.29,0.34,0.485,0.5,-12.531,0.011,203.778,1,2,0.06,4,47,4524713,2005
Sonthamum Illai,G.K.Venkatesh,/artist/gkvenkatesh,03:02,Tamil,01-12-2006,0.56,0.57,0.45,0.813,-4.341,0.07,188.0,1,8,0.049,4,34,7963828,2006
Gnabakam Illaiyo (Duet),S. Janaki|K J Yesudas,/artist/s-janaki|/artist/k-j-yesudas,04:14,Tamil,05-05-2023,0.58,0.17,0.113,0.1,-2.78,0.0382,184.084,1,2,0.038,4,94,363927,2023
En Vaazhvil,Malaysia Vasudevan|Vani Jairam,/artist/malaysia-vasudevan|/artist/vani-jayaram,03:57,Tamil,01-02-2008,0.44,0.253,0.892,0.794,-12.783,0.007,180.894,1,2,0.06,4,63,3337277,2008
Idhayam Idhayam,S. Janaki|S. P. Balasubrahmanyam,/artist/s-janaki|/artist/s-p-balasubrahamanyam,04:04,Tamil,03-02-2002,0.58,0.0,0.529,0.7,-6.517,0.063,185.212,1,9,0.0013,4,81,7107718,2002
Rasathi Rosapoo Vektam Eno Innum,Vani Jairam|K J Yesudas,/artist/vani-jayaram|/artist/k-j-yesudas,04:17,Tamil,06-03-2003,0.08,0.016,0.886,0.417,-5.027,0.0225,196.486,1,5,0.02,4,78,1707197,2003
Chinnapattam Poochi,Mano|K. S. Chithra,/artist/mano|/artist/chitra,04:23,Tamil,02-09-2004,0.44,0.71,0.201,0.2,-3.778,0.05,192.504,1,8,0.039,4,69,5345376,2004
Adiye Dindukal Vetthala,Malaysia Vasudevan|S. P. Sailaja,/artist/malaysia-vasudevan|/artist/s-p-sailaja-2,04:17,Tamil,02-01-2008,0.48,0.95,0.278,0.623,-7.519,0.067,188.246,1,1,0.0923,4,50,5298043,2008
Allavai Thozhudhidu Muslim Penne,Nagore E.M. Hanifa,/artist/nagore-em-hanifa-58,03:19,Tamil,07-10-2021,0.32,0.66,0.549,0.914,-6.903,0.0106,177.987,0,5,0.083,4,58,10495925,2021
Naan Satham Pottuthan,P. Susheela,/artist/p-suseela-2,02:48,Tamil,12-10-2020,0.89,0.628,0.337,0.913,-4.099,0.09,205.772,1,1,0.017,4,91,7177339,2020
Andru Nee Veloondri (Virutham),K.B. Sundarambal,/artist/kb-sundarambal,01:15,Tamil,06-06-2020,0.43,0.14,0.386,0.3,-2.878,0.0,183.008,1,2,0.038,4,81,5150312,2020
Sandhana Podhigayin,C. S. Jayaraman,/artist/c-s-jayaraman-1,03:13,Tamil,05-09-2021,0.53,0.543,0.781,0.416,-3.199,0.1,178.04,1,11,0.0476,4,83,1813402,2021
Kadavul (Kannukkul Aayiram),Sirkazhi Govindarajan,/artist/sirkazhi-govindarajan,03:51,Tamil,06-06-2001,0.03,0.63,0.024,0.5,-4.472,0.0846,192.566,1,9,0.005,4,41,3005038,2001
En Manathu,P. Susheela|T.M. Soundararajan,/artist/p-suseela-2|/artist/tm-soundararajan,03:09,Tamil,02-05-2021,0.14,0.543,0.648,0.692,-6.283,0.0108,183.0,0,10,0.096,4,56,5701237,2021
Nenjukku Nimmathi,P. Susheela,/artist/p-suseela-2,03:27,Tamil,03-05-2023,0.4,0.62,0.89,0.3,-9.737,0.016,201.112,1,4,0.08,4,45,4985428,2023
Adi Vannakiliye Ingu,T.M. Soundararajan|P. Susheela,/artist/tm-soundararajan|/artist/p-suseela-2,04:43,Tamil,02-06-2001,0.51,0.43,0.632,0.9,-11.234,0.049,148.913,1,1,0.0971,4,43,11318914,2001
Meghamthaan,S. P. Balasubrahmanyam,/artist/s-p-balasubrahamanyam,04:40,Tamil,12-05-2002,0.29,0.877,0.005,0.246,-6.063,0.03,173.468,1,0,0.0288,4,97,808731,2002
Jare Haat Diye Mala Diye Paro Nai,Manabendra Mukherjee,/artist/manabendra-mukherjee,03:28,Tamil,02-11-2003,0.43,0.382,0.225,0.884,-6.303,0.066,151.888,1,11,0.0187,4,51,10108620,2003
Azhage Azhugai Enna,S. P. Balasubrahmanyam|S. Janaki,/artist/s-p-balasubrahamanyam|/artist/s-janaki,04:11,Tamil,10-01-2005,0.47,0.24,0.792,0.0,-6.281,0.083,200.358,1,1,0.089,4,63,6956415,2005
Sangu Chakra Sami vanthu,Malaysia Vasudevan|M.S.Rajeswari,/artist/malaysia-vasudevan|/artist/msrajeswari-1,04:56,Tamil,08-07-2008,0.69,0.675,0.238,0.584,-6.348,0.034,163.944,1,0,0.064,4,77,7530313,2008
Azhagana Vaazhai,P. Susheela,/artist/p-suseela-2,03:39,Tamil,09-05-2008,0.79,0.02,0.6,0.2,-8.754,0.01,169.942,0,7,0.084,4,65,11038706,2008
Panam Panthiyile,Sirkazhi Govindarajan,/artist/sirkazhi-govindarajan,03:36,Tamil,07-07-2020,0.71,0.12,0.853,0.6,-7.121,0.03,180.064,0,5,0.083,4,58,9475027,2020
Swing Swing,S. Janaki,/artist/s-janaki,01:54,Tamil,05-02-2001,0.41,0.898,0.296,0.818,-11.827,0.0324,137.934,1,6,0.031,4,67,487610,2001
Sirippo Super Sirippu-Mimicry In Tamil,Harishankar|Lakshmi|Mayilswamy,/artist/harishankar|/artist/lakshmi|/artist/mayilswamy,45:00:00,Tamil,01-03-2005,0.05,0.54,0.349,0.4,-11.238,0.037,110.031,1,2,0.018,4,89,1228568,2005
Maiyendhum Vizhiyodu,P.B. Sreenivas|P. Susheela,/artist/pb-sreenivas|/artist/p-suseela-2,04:19,Tamil,09-08-2008,0.28,0.453,0.205,0.414,-5.473,0.09,140.087,1,1,0.04,4,40,3868400,2008
Intha Intha Rukkumani,T. K. S. Natarajan,/artist/t-k-s-natarajan-1,05:00,Tamil,01-02-2003,0.17,0.65,0.663,0.1,-4.552,0.036,129.958,0,10,0.068,4,46,5243339,2003
Kalyaana Thirukolam,S. P. Balasubrahmanyam|Mohan,/artist/s-p-balasubrahamanyam|/artist/mohan,04:19,Tamil,10-03-2005,0.56,0.269,0.16,0.869,-8.555,0.069,181.885,0,0,0.07,4,57,1311889,2005
Ithu Aanandham Vilaiyaadum Veedu,T.M. Soundararajan|P. Susheela,/artist/tm-soundararajan|/artist/p-suseela-2,04:20,Tamil,10-04-2009,0.45,0.27,0.905,0.324,-6.555,0.05,122.626,0,2,0.03,4,66,4532923,2009
Vanamevum Rajakumara,Jikki|Sirkazhi Govindarajan,/artist/jikki|/artist/sirkazhi-govindarajan,04:17,Tamil,06-12-2020,0.98,0.89,0.354,0.3,-13.211,0.0893,177.371,1,7,0.01,4,76,2725892,2020
Megam Thiraluthadi Minniruttu,Malaysia Vasudevan|S. Janaki,/artist/malaysia-vasudevan|/artist/s-janaki,06:41,Tamil,03-12-2006,0.02,0.086,0.36,0.515,-9.989,0.01,158.831,0,1,0.0927,4,94,5435227,2006
Oru Vargappuratchi,T.M. Soundararajan,/artist/tm-soundararajan,03:54,Tamil,01-11-2008,0.27,0.47,0.741,0.6,-12.682,0.05,149.915,1,1,0.0508,4,72,5914116,2008
Sandai Podaathe,M. S. Viswanathan,/artist/m-s-viswanathan-2,03:46,Tamil,05-10-2022,0.44,0.454,0.619,0.254,-5.201,0.0731,140.04,0,6,0.052,4,26,10145918,2022
Aayiramper Solli,Soolamangalam Sisters,/artist/soolamangalam-sisters,04:26,Tamil,11-03-2024,0.71,0.413,0.728,0.151,-12.619,0.06,203.12,0,8,0.002,4,73,10997563,2024
Unnai Yenni,P. Susheela,/artist/p-suseela-2,02:41,Tamil,11-10-2021,0.71,0.12,0.176,1.0,-10.274,0.0959,104.959,1,2,0.04,4,51,344506,2021
Amm Bharathi Thamizhukku,Saritha,/artist/saritha,04:04,Tamil,12-04-2023,0.35,0.48,0.912,0.965,-6.956,0.064,194.086,0,11,0.08,4,68,1126609,2023
Pambai Karaiyil,Soolamangalam Sisters,/artist/soolamangalam-sisters,05:01,Tamil,04-05-2005,0.84,0.0,0.512,0.9,-10.438,0.1,138.077,0,4,0.035,4,42,6250917,2005
Vandomayya Sabrikku,A.R. Ramani Ammal,/artist/ar-ramani-ammal-35,02:51,Tamil,08-04-2009,0.56,0.429,0.772,0.524,-6.162,0.0346,165.024,0,7,0.0436,4,35,9622891,2009
Thirumal Perumai Part Ii,A. P. Nagarajan,/artist/a-p-nagarajan-3,29:15:00,Tamil,10-09-2005,0.99,0.1,0.071,0.5,-8.411,0.1,200.044,0,5,0.01,4,28,5363843,2005
Instrumental Tunes (Jigu Jiguchang Kannadi),Chandrabose,/artist/chandrabose,02:59,Tamil,08-09-2009,0.77,0.153,0.009,0.114,-6.163,0.0,128.031,0,10,0.013,4,78,6400441,2009
Gokula,Uma Raman|A.V.Ramanan,/artist/uma-raman|/artist/avramanan,04:36,Tamil,05-01-2021,0.9,0.34,0.86,1.0,-3.001,0.06,165.43,1,2,0.09,4,85,6623250,2021
Calvary Malaiyoram,Mallika Duraipandian,/artist/mallika-duraipandian,03:04,Tamil,03-11-2004,0.24,0.744,0.881,0.482,-13.253,0.021,188.004,1,1,0.05,4,85,7685876,2004
Mangiyathore Nilavinile,C.S. Jayaraman,/artist/cs-jayaraman-61,02:59,Tamil,04-06-2020,0.61,0.24,0.939,0.7,-4.655,0.04,163.084,1,2,0.09,4,62,3867994,2020
Kadavul Ennum,T.M. Soundararajan,/artist/tm-soundararajan,03:33,Tamil,05-11-2022,0.01,0.59,0.658,0.4,-6.981,0.047,180.196,0,6,0.0639,4,39,10151139,2022
Sandhanatthil,T.M. Soundararajan,/artist/tm-soundararajan,05:11,Tamil,11-02-2020,0.2,0.29,0.382,0.9,-5.663,0.079,160.101,1,1,0.1,4,96,2323712,2020
Rajavae Unthan Rajiyathil,S. P. Balasubrahmanyam|Vani Jairam,/artist/s-p-balasubrahamanyam|/artist/vani-jayaram,04:42,Tamil,01-09-2007,0.73,0.47,0.004,0.437,-5.303,0.047,111.008,1,1,0.057,4,96,3366552,2007
Vara Raga Laya,Disciples|Dr. N. Ramani,/artist/disciples|/artist/dr-n-ramani-2,04:05,Tamil,10-06-2003,0.23,0.85,0.883,0.9,-2.32,0.075,174.992,1,11,0.081,4,44,10919192,2003
Katti thangamea unnai_Male,K J Yesudas|S. P. Sailaja,/artist/k-j-yesudas|/artist/s-p-sailaja-2,04:15,Tamil,07-12-2023,0.28,0.061,0.831,0.889,-4.998,0.07,154.988,1,6,0.07,4,54,4016891,2023
Kalviyil Saraswathi,Vani Jairam|Uma Ramanan|B.S. Sasirekha|S. P. Sailaja,/artist/vani-jayaram|/artist/uma-ramanan-1|/artist/bs-sasirekha-1|/artist/s-p-sailaja-2,07:06,Tamil,01-03-2009,0.79,0.62,0.24,0.9,-13.763,0.079,145.127,1,1,0.0581,4,81,4291695,2009
Yerikkarai Orathile,S.P. SAILAJA GANGAI AMARAN,/artist/sp-sailaja-gangai-amaran,04:36,Tamil,05-03-2002,0.54,0.48,0.489,0.7,-8.08,0.099,156.95,0,10,0.0983,4,69,1363434,2002
Hari Hari Om Om,Malaysia Vasudevan|Vani Jairam,/artist/malaysia-vasudevan|/artist/vani-jayaram,05:03,Tamil,03-08-2005,0.51,0.917,0.503,0.221,-2.896,0.0956,155.096,1,10,0.079,4,32,10935152,2005
Ninaithen Ennai,L.R. Eswari,/artist/lr-eswari-2,03:59,Tamil,08-04-2022,0.05,0.012,0.105,0.175,-12.916,0.06,161.74,1,11,0.0587,4,89,280261,2022
Tharamani Thara,Karunas,/artist/karunas,03:39,Tamil,09-08-2006,0.35,0.11,0.823,0.9,-8.47,0.0735,147.017,0,5,0.069,4,61,8475137,2006
Kondadum Thiruchendur,K.B. Sundarambal,/artist/kb-sundarambal,01:23,Tamil,09-12-2002,0.08,0.465,0.627,0.049,-9.494,0.058,117.005,0,6,0.0718,4,40,2245877,2002
Rafiyul Avval,A.R. Sheik Mohammed,/artist/ar-sheik-mohammed,03:30,Tamil,07-12-2002,0.45,0.833,0.698,0.934,-7.475,0.05,128.905,1,5,0.05,4,25,5917442,2002
En Jodi Kile Poguthamma,S. P. Balasubrahmanyam|S. Janaki,/artist/s-p-balasubrahamanyam|/artist/s-janaki,03:39,Tamil,05-02-2007,0.06,0.82,0.459,0.4,-8.484,0.0904,106.996,0,4,0.0573,4,61,7622452,2007
Story Set Part 2,A. P. Nagarajan,/artist/a-p-nagarajan-2,20:16,Tamil,04-04-2007,0.05,0.325,0.163,0.68,-9.027,0.043,130.14,1,0,0.0189,4,53,484134,2007
Thai Sathiyam,S. P. Balasubrahmanyam|Chorus,/artist/s-p-balasubrahamanyam|/artist/chorus,04:10,Tamil,05-03-2000,0.36,0.33,0.067,0.1,-6.582,0.0431,180.88,0,0,0.06,4,40,2156634,2000
Kasturi Maan,S. Janaki|Malaysia Vasudevan,/artist/s-janaki|/artist/malaysia-vasudevan,04:36,Tamil,09-12-2023,0.73,0.39,0.689,0.7,-12.329,0.0664,139.948,1,7,0.0614,4,90,3740864,2023
Pattuvanna Chittu,T.M. Soundararajan,/artist/tm-soundararajan,03:36,Tamil,10-06-2003,0.9,0.237,0.641,0.11,-5.005,0.076,163.797,0,6,0.1,4,40,9399872,2003
Vangada Vangada,Malaysia Vasudevan,/artist/malaysia-vasudevan,04:37,Tamil,04-08-2022,0.65,0.24,0.839,0.1,-7.47,0.086,119.962,0,6,0.073,4,30,8618041,2022
Thanikkudithanam - Part - 4,Sri Jayan|Parvathi Ramanathan|Gemini Mahalingam|Shobha|Poornam Viswanathan|Vijayapriya|Manakkal Mani|Chandru|Kovai Bathu|T. V. C. N. Rajagopal|Karur Nagaraj,/artist/sri-jayan|/artist/parvathi-ramanathan|/artist/gemini-mahalingam|/artist/shobha|/artist/poornam-viswanathan|/artist/vijayapriya|/artist/manakkal-mani|/artist/chandru|/artist/kovai-bathu|/artist/t-v-c-n-rajagopal|/artist/karur-nagaraj,22:07,Tamil,05-09-2009,0.92,0.192,0.254,0.769,-13.775,0.021,119.992,1,1,0.0355,4,51,2731211,2009
Ithanai Naalaana Pinnum,M.S. Subbulakshmi,/artist/ms-subbulakshmi,02:41,Tamil,08-02-2001,0.57,0.26,0.325,0.7,-8.696,0.029,136.581,0,1,0.01,4,61,563267,2001
L O V E - Lovethaan,S. P. Balasubrahmanyam|S. P. Sailaja,/artist/s-p-balasubrahamanyam|/artist/s-p-sailaja-2,04:19,Tamil,11-06-2021,0.33,0.37,0.756,0.2,-9.004,0.037,120.016,1,10,0.0288,4,65,1553249,2021
Thangidathan Vanthan,Soolamangalam Sisters,/artist/soolamangalam-sisters,05:23,Tamil,07-06-2001,0.2,0.975,0.363,0.715,-4.071,0.07,180.022,0,6,0.084,4,97,506408,2001
Ungappa Vangi Thanda,S. Janaki|Vidya,/artist/s-janaki|/artist/vidya,04:49,Tamil,08-12-2008,0.47,0.39,0.509,0.204,-2.784,0.06,156.01,1,1,0.03,4,76,4659731,2008
Anandha Veenai Naan Meetum Podhu,S. P. Balasubrahmanyam|P. Susheela,/artist/s-p-balasubrahamanyam|/artist/p-suseela-2,04:17,Tamil,01-08-2021,0.05,0.45,0.392,1.0,-3.44,0.009,110.014,1,0,0.081,4,72,8859687,2021
Anbukku Naan Adimai,K J Yesudas,/artist/k-j-yesudas,04:55,Tamil,02-10-2003,1.0,0.52,0.446,0.258,-8.486,0.071,112.938,1,11,0.09,4,55,3998638,2003
Yenamma Sivanthathu,Vani Jairam,/artist/vani-jayaram,04:45,Tamil,06-11-2001,0.88,0.421,0.648,0.939,-10.381,0.07,177.314,1,2,0.0754,4,36,7617657,2001
Sudaana Ennangal,S. Janaki|P. Jayachandran,/artist/s-janaki|/artist/p-jayachandran-1,04:37,Tamil,11-05-2021,0.99,0.61,0.643,0.5,-11.09,0.03,111.772,0,5,0.018,4,48,9551537,2021
Enna Enna Inikkithu,T.M. Soundararajan|P. Susheela,/artist/tm-soundararajan|/artist/p-suseela-2,03:49,Tamil,07-01-2005,0.9,0.65,0.897,1.0,-13.805,0.07,159.212,0,6,0.038,4,27,6213436,2005
Vatcha Paarvai,K J Yesudas,/artist/k-j-yesudas,04:08,Tamil,04-10-2008,0.66,0.16,0.867,0.3,-9.739,0.0403,129.165,1,8,0.0151,4,28,4252909,2008
Oh Little Flower,T.M. Soundararajan,/artist/tm-soundararajan,03:27,Tamil,02-01-2020,0.5,0.16,0.046,0.237,-7.632,0.0318,129.041,0,10,0.04,4,90,2308291,2020
Umbar Tharuthenum,Pitthukuli Murugadas,/artist/pitthukuli-murugadas,02:59,Tamil,11-09-2006,0.56,0.43,0.043,0.8,-6.272,0.079,105.99,1,11,0.07,4,66,6548509,2006
Idhu Kaala Kaalam,P. Jayachandran|S. Janaki,/artist/p-jayachandran-1|/artist/s-janaki,04:31,Tamil,09-03-2007,0.12,0.725,0.599,0.745,-2.279,0.075,107.661,1,8,0.015,4,27,6528463,2007
Yogam un Vasal Thedi,Malaysia Vasudevan|S. P. Sailaja,/artist/malaysia-vasudevan|/artist/s-p-sailaja-2,03:39,Tamil,04-08-2022,0.22,0.763,0.278,0.182,-9.057,0.0457,155.984,0,1,0.054,4,80,6034744,2022
Aananda Raagam,K J Yesudas,/artist/k-j-yesudas,04:03,Tamil,07-02-2008,0.02,0.8,0.653,0.2,-6.742,0.0991,174.994,1,6,0.084,4,79,6265560,2008
Yae Paadal Ondru (Saxophone),Jadav,/artist/jadav,04:06,Tamil,06-10-2020,0.24,0.87,0.57,0.0,-10.603,0.0726,199.912,1,8,0.06,4,39,5137356,2020
Naalai Muthal,Vani Jairam,/artist/vani-jayaram,04:50,Tamil,09-09-2023,0.23,0.794,0.293,0.84,-7.395,0.01,133.02,1,8,0.096,4,86,608018,2023
Malare Malare Unekendru,P. Susheela,/artist/p-suseela-2,04:50,Tamil,07-07-2009,0.97,0.25,0.996,0.7,-2.811,0.032,135.999,1,10,0.0163,4,43,1330604,2009
Vol 1 - Part - 1,M. L. Vasanthakumari,/artist/m-l-vasanthakumari-1,16:17,Tamil,02-02-2004,0.72,0.052,0.266,0.09,-10.861,0.0766,151.955,1,8,0.005,4,67,8855021,2004
Vazhi Maele,M.L. Vasanthakumari,/artist/ml-vasanthakumari,02:25,Tamil,11-11-2001,0.79,0.857,0.089,0.629,-5.942,0.07,143.014,0,8,0.0716,4,34,5475027,2001
Thane Paduthe,P Suhseela,/artist/p-suhseela,04:20,Tamil,05-12-2001,0.94,0.628,0.497,0.948,-11.354,0.06,129.996,1,0,0.059,4,95,10962434,2001
Penkulathin,Nagoor M. M. Yoosuff,/artist/nagoor-m-m-yoosuff-1,03:01,Tamil,10-07-2021,0.44,0.99,0.988,0.8,-10.227,0.0023,138.06,1,3,0.0885,4,46,4339003,2021
Kirukku Paiyaa Kirukku Paiyya,Prasanthini|Sathyan,/artist/prasanthini|/artist/sathyan,05:03,Tamil,05-11-2023,0.85,0.37,0.115,0.6,-11.641,0.0439,157.242,0,6,0.08,4,74,8662114,2023
Ennaththil (Ondre Solvaan),T.M. Soundararajan,/artist/tm-soundararajan,05:25,Tamil,12-02-2008,0.26,0.62,0.631,0.9,-12.271,0.076,180.05,1,1,0.0215,4,25,1885215,2008
Manasirukkanum,P. Susheela|T.M. Soundararajan,/artist/p-suseela-2|/artist/tm-soundararajan,03:57,Tamil,05-08-2021,0.56,0.778,0.328,0.708,-7.106,0.085,139.639,0,6,0.0901,4,52,9877956,2021
Neraana Nedumsaalai,M. S. Viswanathan,/artist/m-s-viswanathan-2,03:14,Tamil,05-06-2004,0.04,0.43,0.991,0.2,-7.753,0.067,135.035,0,8,0.03,4,99,10369777,2004
Ellorum Paarka,L.R. Eswari,/artist/lr-eswari-2,03:30,Tamil,07-04-2002,0.02,0.158,0.546,0.892,-9.836,0.01,134.943,0,7,0.04,4,56,4930095,2002
Ungu Unnada Selvamae,L.R. Eswari,/artist/lr-eswari-2,03:26,Tamil,07-05-2021,0.21,0.459,0.192,0.815,-3.176,0.06,200.09,0,6,0.04,4,56,3115726,2021
Chinnanchiru,K. S. Chithra,/artist/chitra,04:29,Tamil,09-12-2023,0.54,0.183,0.172,0.427,-6.691,0.008,157.01,1,9,0.083,4,80,10264314,2023
Manmatha Rojave Unai,S. P. Balasubrahmanyam|S. P. Sailaja,/artist/s-p-balasubrahamanyam|/artist/s-p-sailaja-2,04:49,Tamil,02-06-2007,0.19,0.69,0.378,0.6,-8.383,0.081,147.959,1,6,0.09,4,38,2884383,2007
Nabiye Nirai Saadhakare,K. Mohideen Baig,/artist/k-mohideen-baig-7,03:11,Tamil,09-10-2006,0.48,0.932,0.033,0.387,-2.493,0.01,139.941,0,6,0.0609,4,99,7811905,2006
Neeye Sollu,L.R. Eswari|P.B. Sreenivas,/artist/lr-eswari-2|/artist/pb-sreenivas,04:26,Tamil,03-02-2023,0.74,0.01,0.608,0.1,-2.864,0.099,147.118,1,11,0.023,4,66,581755,2023
Enna Enthan Nenjukkulle,P. Susheela|T.M. Soundararajan,/artist/p-suseela-2|/artist/tm-soundararajan,04:16,Tamil,03-03-2004,0.66,0.011,0.535,0.704,-8.517,0.052,137.061,0,1,0.032,4,94,8203456,2004
Chennaiyaippaarkkappora,T. K. S. Natarajan,/artist/t-k-s-natarajan-1,06:00,Tamil,03-05-2004,0.51,0.76,0.26,0.0,-12.974,0.038,174.949,0,3,0.076,4,66,2123268,2004
Koonthalukku,T.M. Soundararajan,/artist/tm-soundararajan,03:10,Tamil,03-11-2003,0.22,0.44,0.441,0.626,-10.135,0.0359,139.995,1,9,0.074,4,63,9212155,2003
Sollathe - With Dialogues,T.M. Soundararajan,/artist/tm-soundararajan,03:35,Tamil,02-11-2003,0.39,0.413,0.156,0.027,-5.122,0.0423,142.013,0,7,0.057,4,81,8406556,2003
Varavendum,L.R. Eswari,/artist/lr-eswari-2,03:45,Tamil,10-08-2000,0.43,0.54,0.737,0.6,-5.183,0.0882,142.959,0,10,0.064,4,30,10902250,2000
Kaaviri Penne,P. Susheela|T.M. Soundararajan,/artist/p-suseela-2|/artist/tm-soundararajan,03:04,Tamil,03-04-2003,0.37,0.796,0.519,0.448,-3.01,0.05,199.968,1,3,0.0212,4,95,9869618,2003
Ayaappa Ayaappa,Soolamangalam Sisters,/artist/soolamangalam-sisters,04:32,Tamil,07-03-2004,0.57,0.304,0.075,0.194,-3.835,0.093,119.882,0,10,0.0675,4,82,5862813,2004
Vaali Vatham - Part 2,Kripanandavariar,/artist/kripanandavariar,21:57,Tamil,09-09-2006,0.05,0.87,0.741,0.4,-13.008,0.047,180.02,1,5,0.09,4,79,9155095,2006
Nilave Nee Satchchi,P. Susheela,/artist/p-suseela-2,03:33,Tamil,08-08-2008,0.86,0.61,0.888,0.4,-10.607,0.0588,169.008,1,6,0.097,4,99,6232682,2008
Ennai Azhaithadhu Yaaradi Kanne,S. Janaki|K J Yesudas,/artist/s-janaki|/artist/k-j-yesudas,03:07,Tamil,03-01-2021,0.71,0.4,0.619,1.0,-6.957,0.07,184.05,0,11,0.039,4,37,3381777,2021
Uppaithinavan Thanikudipan,Kovai Soundarajan|M. S. Viswanathan,/artist/kovai-soundaraj|/artist/m-s-viswanathan-2,06:05,Tamil,05-06-2020,0.88,0.574,0.692,0.826,-8.523,0.052,207.958,1,8,0.0507,4,51,4449619,2020
Poottu Vachi Poomudichi,S. P. Balasubrahmanyam|P. Susheela,/artist/s-p-balasubrahamanyam|/artist/p-suseela-2,04:50,Tamil,01-04-2004,0.98,0.863,0.551,0.402,-6.542,0.0031,130.063,0,6,0.0531,4,41,97806,2004
Nenachen Nadanthathamma,Vani Jairam,/artist/vani-jayaram,04:36,Tamil,07-09-2009,0.01,0.22,0.758,0.8,-11.9,0.037,186.048,1,8,0.0344,4,34,5384174,2009
Inangalile,K J Yesudas|Swarna,/artist/k-j-yesudas|/artist/swarna,04:01,Tamil,07-12-2003,0.11,0.312,0.984,0.15,-3.38,0.072,144.081,1,5,0.0867,4,27,527073,2003
Kunguma Pottu Kulunguthadi,S. Janaki|P. Susheela,/artist/s-janaki|/artist/p-suseela-2,05:52,Tamil,11-07-2009,0.07,0.36,0.596,0.6,-2.148,0.0243,155.938,1,11,0.089,4,43,8242523,2009
Raman Yethanai,P. Susheela,/artist/p-suseela-2,03:26,Tamil,12-08-2001,0.98,0.21,0.691,0.529,-12.359,0.0447,151.85,1,5,0.0354,4,89,1281066,2001
Rosave Rasa,K. S. Chithra|Mano,/artist/chitra|/artist/mano,04:23,Tamil,06-04-2002,0.44,0.755,0.185,0.337,-12.201,0.0627,129.975,1,1,0.01,4,39,1858159,2002
Koluse Koluse _Male,S. P. Balasubrahmanyam,/artist/s-p-balasubrahamanyam,04:33,Tamil,04-03-2002,0.62,0.397,0.6,0.698,-8.434,0.045,146.142,0,11,0.048,4,72,7579424,2002
Malargale Edho Edho,S. P. Balasubrahmanyam|S. P. Sailaja,/artist/s-p-balasubrahamanyam|/artist/s-p-sailaja-2,04:16,Tamil,12-03-2004,0.6,0.6,0.9,0.4,-4.459,0.04,109.003,1,1,0.013,4,85,5257819,2004
Vedathim Ulle,Soolamangalam Sisters,/artist/soolamangalam-sisters,03:03,Tamil,01-03-2006,0.29,0.512,0.721,0.764,-4.3,0.02,130.146,0,10,0.0549,4,49,1419503,2006
Ah Aha Indru Then Nilavu,L.R. Eswari,/artist/lr-eswari-2,03:42,Tamil,04-03-2009,0.4,0.09,0.873,0.6,-6.232,0.0928,144.999,1,8,0.055,4,30,7315247,2009
Hallo My Darling,Saibaba|L.R. Eswari,/artist/saibaba|/artist/lr-eswari-2,04:02,Tamil,10-03-2002,0.88,0.28,0.73,0.3,-5.037,0.08,140.931,1,1,0.058,4,62,2699087,2002
Kottayile Oru Aalamaram,Sirkazhi Govindarajan,/artist/sirkazhi-govindarajan,03:25,Tamil,03-03-2005,0.06,0.128,0.043,0.965,-8.715,0.045,130.053,1,9,0.0138,4,52,5111083,2005
Aarambame Ippathannu,Malaysia Vasudevan|T.L. Magarajan|S. P. Sailaja,/artist/malaysia-vasudevan|/artist/tl-magarajan|/artist/s-p-sailaja-2,07:58,Tamil,09-05-2008,0.66,0.045,0.618,0.805,-4.58,0.017,145.97,1,8,0.004,4,40,8881641,2008
Unakkakavea naan uyir,S. Janaki,/artist/s-janaki,04:23,Tamil,03-11-2007,0.3,0.25,0.538,0.262,-7.924,0.0759,135.019,0,4,0.0386,4,69,11300741,2007
Quo-Dharma,M. S. Viswanathan,/artist/m-s-viswanathan-2,03:45,Tamil,06-02-2004,0.42,0.28,0.315,0.2,-6.475,0.063,189.01,0,6,0.005,4,88,1873523,2004
Konja Neram Ennai Marenthean,S. Janaki|T M S Selvakumar,/artist/s-janaki|/artist/t-m-s-selvakumar,05:38,Tamil,06-06-2002,0.09,0.42,0.753,0.4,-8.038,0.0836,104.082,0,6,0.08,4,78,3168714,2002
Thattu Thadumari Nenjam,Sirkazhi Govindarajan|L.R. Eswari,/artist/sirkazhi-govindarajan|/artist/lr-eswari-2,03:40,Tamil,11-12-2001,0.93,0.655,0.924,0.636,-9.528,0.098,193.976,1,11,0.02,4,43,2038282,2001
Neeraadum,P. Susheela,/artist/p-suseela-2,03:29,Tamil,09-06-2002,0.3,0.799,0.915,0.992,-8.619,0.029,166.145,1,6,0.0292,4,41,265575,2002
Raathiri Mella - 2,S. P. Balasubrahmanyam|K. S. Chithra,/artist/s-p-balasubrahamanyam|/artist/chitra,05:14,Tamil,11-09-2006,0.94,0.343,0.896,0.668,-3.938,0.0802,155.062,0,10,0.07,4,43,6775055,2006
Bajanai Pazhakkamilla,S. P. Balasubrahmanyam,/artist/s-p-balasubrahamanyam,05:21,Tamil,01-12-2008,0.13,0.59,0.446,0.8,-9.99,0.0718,179.604,1,1,0.07,4,82,9242095,2008
Maalaiyittaan,Vani Jairam|T.M. Soundararajan,/artist/vani-jayaram|/artist/tm-soundararajan,03:19,Tamil,11-02-2005,0.55,0.863,0.309,0.166,-7.784,0.069,131.093,1,9,0.0225,4,48,2486406,2005
Naakkile Mookkile,Vani Jairam|Malaysia Vasudevan,/artist/vani-jayaram|/artist/malaysia-vasudevan,03:57,Tamil,04-11-2008,0.61,0.517,0.355,0.899,-12.631,0.0491,119.979,1,3,0.03,4,76,10150482,2008
Angayarkkanni,Kalaimamani L.R. Easwari,/artist/kalaimamani-lr-easwari,04:48,Tamil,06-12-2005,0.84,0.7,0.157,0.8,-8.14,0.08,163.949,0,10,0.078,4,51,11261658,2005
Azhakana Sonthangal,K J Yesudas|Vani Jairam,/artist/k-j-yesudas|/artist/vani-jayaram,04:40,Tamil,01-05-2003,0.25,0.225,0.232,0.001,-8.463,0.0067,172.382,1,0,0.07,4,44,2272711,2003
Yesunathar Pesinal,B Vasanta,/artist/b-vasanta,03:46,Tamil,09-03-2006,0.2,0.1,0.963,0.2,-4.066,0.0544,176.841,1,1,0.056,4,41,5310614,2006
Nitham Nitham Yen Kannodu,S. P. Balasubrahmanyam|M. S. Viswanathan,/artist/s-p-balasubrahamanyam|/artist/m-s-viswanathan-2,05:19,Tamil,06-05-2007,0.01,0.487,0.864,0.209,-12.583,0.0613,141.039,1,2,0.036,4,68,9992889,2007
Ponaale,T.M. Soundararajan,/artist/tm-soundararajan,03:52,Tamil,12-01-2009,0.11,0.5,0.413,0.4,-8.889,0.082,157.97,0,8,0.05,4,37,7620900,2009
Neerazhi Mandabathil,P. Susheela|S. P. Balasubrahmanyam,/artist/p-suseela-2|/artist/s-p-balasubrahamanyam,04:35,Tamil,04-01-2002,0.45,0.545,0.392,0.184,-3.8,0.0503,134.955,0,10,0.09,4,66,8056312,2002
Indru Vantha Sonthama,T.M. Soundararajan,/artist/tm-soundararajan,03:33,Tamil,05-05-2001,0.24,0.06,0.206,0.9,-9.907,0.044,128.202,1,6,0.058,4,37,7332618,2001
Naan Uyir Pizhaithaen,T.M. Soundararajan,/artist/tm-soundararajan,03:05,Tamil,01-09-2002,0.08,0.262,0.906,0.449,-4.436,0.04,199.932,1,0,0.0,4,71,4795599,2002
Theru Paarkka Vanthirukkum,T.M. Soundararajan|P. Susheela,/artist/tm-soundararajan|/artist/p-suseela-2,05:34,Tamil,03-02-2002,0.17,0.71,0.876,0.8,-7.631,0.095,149.991,0,11,0.0031,4,28,4434391,2002
Iru Vizhigal,S. Janaki|P. Jayachandran,/artist/s-janaki|/artist/p-jayachandran-1,04:02,Tamil,08-02-2001,0.85,0.453,0.064,0.332,-5.483,0.028,146.975,0,10,0.07,4,45,6938950,2001
Vaanuyarntha,P. Jayachandran,/artist/p-jayachandran-1,03:36,Tamil,03-12-2006,0.27,0.47,0.58,0.8,-12.91,0.0019,150.098,1,1,0.0,4,46,11119786,2006
Utrumai Servathu Pann Pazham Panjuram,Sirkazhi Govindarajan,/artist/sirkazhi-govindarajan,01:55,Tamil,02-05-2005,0.83,0.18,0.614,0.7,-13.689,0.08,195.958,1,0,0.003,4,70,8878314,2005
Ithu Ragazhi Matham,L.R. Eswari,/artist/lr-eswari-2,03:28,Tamil,05-12-2008,0.3,0.122,0.749,0.628,-7.303,0.003,164.902,0,1,0.0179,4,92,9409894,2008
Neengatha Ennam,Malaysia Vasudevan|S. Janaki,/artist/malaysia-vasudevan|/artist/s-janaki,04:07,Tamil,02-07-2001,0.18,0.08,0.234,0.8,-7.501,0.01,172.045,1,8,0.0564,4,97,10941315,2001
Kalidasa Mahakavi,Sirkazhi Govindarajan|P Leela,/artist/sirkazhi-govindarajan|/artist/p-leela,05:01,Tamil,06-04-2001,0.16,0.823,0.09,0.211,-11.18,0.09,150.19,0,7,0.096,4,95,9423416,2001
Manjal Andhi,S. P. Balasubrahmanyam|K. S. Chithra,/artist/s-p-balasubrahamanyam|/artist/chitra,04:09,Tamil,04-04-2001,0.12,0.17,0.254,1.0,-11.458,0.04,162.043,0,3,0.04,4,67,257420,2001
Adi Mathalam Kotti,L.R. Eswari,/artist/lr-eswari-2,04:03,Tamil,11-12-2021,0.6,0.66,0.734,0.2,-9.411,0.058,172.066,0,2,0.1,4,98,3968898,2021
Instrumental Tunes (Thiruvizha Thiruvizha),Gangai Amaran,/artist/gangai-amaran,05:25,Tamil,05-09-2021,0.51,0.631,0.59,0.264,-2.46,0.0091,119.998,1,4,0.0305,4,44,6685511,2021
Kalyana Naal Paarkka,P. Susheela|T.M. Soundararajan,/artist/p-suseela-2|/artist/tm-soundararajan,04:28,Tamil,05-04-2023,0.82,0.02,0.358,0.8,-6.04,0.05,170.808,1,1,0.0019,4,32,8111205,2023
He Mantharappoove,S. P. Balasubrahmanyam|P. Susheela,/artist/s-p-balasubrahamanyam|/artist/p-suseela-2,04:28,Tamil,09-04-2009,0.91,0.215,0.12,0.475,-13.757,0.06,139.918,0,3,0.04,4,69,4275862,2009
Vettina Thappu Ille,S. P. Balasubrahmanyam,/artist/s-p-balasubrahamanyam,04:35,Tamil,09-08-2003,0.09,0.53,0.726,0.4,-12.294,0.0253,148.098,1,2,0.0737,4,86,6068820,2003
Sondhil Andavan,Soolamangalam Sisters,/artist/soolamangalam-sisters,03:42,Tamil,02-07-2006,0.84,0.93,0.39,1.0,-4.927,0.09,134.227,0,0,0.081,4,95,6742566,2006
Polla Pokkiri,Malaysia Vasudevan,/artist/malaysia-vasudevan,03:45,Tamil,08-01-2020,0.84,0.78,0.966,0.6,-9.696,0.07,159.931,1,8,0.016,4,92,1756500,2020
Kandathai Kettathai,Sirkazhi Govindarajan,/artist/sirkazhi-govindarajan,03:18,Tamil,12-05-2022,0.21,0.062,0.646,0.05,-10.135,0.0859,145.053,0,11,0.0445,4,26,7830736,2022
Thaikkulame Thaikkulame,T.M. Soundararajan|M. R. Vijaya|Sri Pathi,/artist/tm-soundararajan|/artist/m-r-vijaya-1|/artist/sri-pathi,05:00,Tamil,01-01-2023,0.3,0.138,0.183,0.1,-4.162,0.04,155.063,0,11,0.0639,4,82,730708,2023
Then Mazhaiyile,S. P. Balasubrahmanyam,/artist/s-p-balasubrahamanyam,03:42,Tamil,05-08-2006,0.1,0.306,0.93,0.569,-13.199,0.026,164.564,1,10,0.03,4,89,8915007,2006
Amaidhiyana,K. S. Chithra,/artist/chitra,04:29,Tamil,05-07-2004,0.66,0.3,0.657,0.2,-9.158,0.0514,184.024,1,10,0.0482,4,54,6746830,2004
Aruppu Kotta Machchan,L.R. Eswari,/artist/lr-eswari-2,03:17,Tamil,01-12-2002,0.21,0.418,0.967,0.438,-10.856,0.0947,202.002,1,1,0.0819,4,97,3040080,2002
Thodudaiya Seviyan,Dharmapuram P. Swaminathan,/artist/dharmapuram-p-swaminathan-2,03:31,Tamil,06-02-2003,0.82,0.43,0.598,0.8,-12.5,0.0764,164.037,1,10,0.02,4,92,7323684,2003
Chinna Chinaa Kannanukku,T.M. Soundararajan|P. Susheela,/artist/tm-soundararajan|/artist/p-suseela-2,03:14,Tamil,06-05-2007,0.05,0.03,0.786,0.792,-6.728,0.03,159.897,0,9,0.0463,4,37,5401360,2007
Kanna Vaa (Pathos),M.S.Rajeswari,/artist/msrajeswari-1,04:28,Tamil,09-09-2005,0.7,0.27,0.63,0.6,-4.599,0.08,105.039,1,5,0.04,4,69,4102710,2005
Azhagiya Kanne,S. Janaki,/artist/s-janaki,04:52,Tamil,06-11-2006,0.82,0.225,0.833,0.947,-3.089,0.0465,199.97,0,11,0.0,4,53,202656,2006
Sirippen Sirippen,Dr Sirkazhi G. Sivachidambaram|L.R. Eswari,/artist/dr-sirkazhi-g-sivachidambaram|/artist/lr-eswari-2,03:23,Tamil,09-02-2009,0.98,0.1,0.835,0.6,-10.706,0.052,170.77,0,0,0.097,4,84,9525621,2009
Thenoorum Thanneerin,P. Susheela,/artist/p-suseela-2,04:01,Tamil,04-02-2002,0.69,0.179,0.762,0.199,-12.874,0.08,160.024,0,0,0.0682,4,60,3764223,2002
Yaaraithaan Nambuvatho,P. Susheela,/artist/p-suseela-2,03:39,Tamil,03-11-2022,0.48,0.679,0.802,0.655,-7.556,0.095,123.985,0,4,0.06,4,51,1698274,2022
Sayonara - Spbalasubramaniam,S. P. Balasubrahmanyam,/artist/s-p-balasubrahamanyam,01:46,Tamil,09-03-2008,0.39,0.92,0.329,0.7,-10.862,0.0435,164.54,0,9,0.047,4,86,546659,2008
Adhey Mugam,T.M. Soundararajan|P. Susheela,/artist/tm-soundararajan|/artist/p-suseela-2,05:00,Tamil,09-04-2006,0.38,0.535,0.301,0.969,-10.215,0.08,169.83,1,1,0.08,4,74,7804786,2006
Penn Paarkka Maapppillai,Jamuna Rani,/artist/jamuna-rani,03:38,Tamil,12-07-2004,0.1,0.195,0.978,0.779,-10.373,0.03,174.748,1,2,0.01,4,57,11119706,2004
Aadamal Aadugiren,P. Susheela,/artist/p-suseela-2,04:04,Tamil,04-03-2005,0.02,0.38,0.712,0.2,-5.371,0.02,139.985,1,2,0.0176,4,78,10272651,2005
Hey Kannamma,K J Yesudas|S. Janaki,/artist/k-j-yesudas|/artist/s-janaki,04:45,Tamil,11-12-2008,0.51,0.287,0.557,0.147,-9.436,0.048,177.251,1,1,0.06,4,50,11110096,2008
Aarivar Aararo,Helen Satya,/artist/helen-satya,04:23,Tamil,09-01-2008,0.92,0.87,0.248,0.2,-8.987,0.0422,195.996,0,4,0.02,4,26,10856397,2008
Baley Baley,Malaysia Vasudevan Kveeramani,/artist/malaysia-vasudevan-kveeramani,04:32,Tamil,06-05-2006,0.14,0.31,0.803,0.6,-6.165,0.0055,164.256,0,4,0.04,4,36,3664709,2006
Abirami,S. Sarala,/artist/s-sarala-1,03:02,Tamil,09-11-2006,0.49,0.878,0.446,0.406,-10.325,0.0113,129.103,1,11,0.07,4,52,7719390,2006
Thayangathy Mayangathey,K. Mohideen Baig,/artist/k-mohideen-baig-5,02:55,Tamil,09-08-2008,0.73,0.93,0.809,0.6,-10.624,0.0,184.104,0,10,0.01,4,64,9718051,2008
Govinda Nama,T.M. Soundararajan|Rajkumar Bharathi,/artist/tm-soundararajan|/artist/rajkumar-bharathi,03:24,Tamil,01-12-2002,0.84,0.792,0.536,0.132,-7.81,0.09,196.272,0,6,0.014,4,70,8648014,2002
Malar Pol Sirippathu (Sweet Sixteen),Vani Jairam,/artist/vani-jayaram,04:28,Tamil,04-03-2021,0.81,0.43,0.75,0.4,-11.246,0.08,138.491,0,11,0.06,4,94,5885338,2021
Kannapura Ooraathaa,P. Susheela,/artist/p-suseela-2,03:46,Tamil,01-06-2004,0.98,0.05,0.04,0.0,-2.103,0.0721,130.112,1,4,0.0598,4,100,3678832,2004
Thalaiyil Kiridangal,S. P. Balasubrahmanyam,/artist/s-p-balasubrahamanyam,04:33,Tamil,06-11-2005,0.76,0.048,0.024,0.153,-12.218,0.01,140.04,0,5,0.0353,4,38,626505,2005
Oru Ooril,Malaysia Vasudevan,/artist/malaysia-vasudevan,04:26,Tamil,09-03-2003,0.7,0.2,0.454,0.5,-4.849,0.066,191.972,1,1,0.097,4,25,1214155,2003
Ponnuna Ponnu Yemmamperiya,Malaysia Vasudevan|S. Janaki,/artist/malaysia-vasudevan|/artist/s-janaki,04:28,Tamil,12-12-2023,0.99,0.88,0.619,0.0,-9.852,0.1,112.048,1,2,0.07,4,29,2809228,2023
Janani Janani,P. Jayachandran|S. P. Sailaja,/artist/p-jayachandran-1|/artist/s-p-sailaja-2,05:05,Tamil,08-04-2006,0.88,0.238,0.089,0.402,-13.853,0.049,127.026,1,1,0.0813,4,98,8377233,2006
Kaalai Neram Oruvan,P. Susheela|T.M. Soundararajan,/artist/p-suseela-2|/artist/tm-soundararajan,04:06,Tamil,05-06-2021,0.73,0.3,0.48,0.0,-12.109,0.07,199.955,1,1,0.0854,4,78,9450802,2021
Kattippidi Kathal Kodi,Asha Ramani|P. Jayachandran,/artist/asha-ramani|/artist/p-jayachandran-1,02:15,Tamil,05-01-2021,0.14,0.056,0.766,0.003,-7.913,0.082,175.837,1,9,0.05,4,45,1362020,2021
Irandu Kaigal - Duet,K J Yesudas|S. P. Balasubrahmanyam,/artist/k-j-yesudas|/artist/s-p-balasubrahamanyam,04:06,Tamil,07-01-2007,0.75,0.33,0.388,0.5,-10.012,0.078,135.044,1,2,0.089,4,66,1790155,2007
Pachaikkili,S.Padma,/artist/spadma,02:07,Tamil,12-04-2021,0.89,0.32,0.066,0.3,-12.14,0.0853,151.916,0,10,0.04,4,54,1689501,2021
Kanniparuvam,Jamuna Rani|Tiruchi Loganathan,/artist/jamuna-rani|/artist/tiruchi-loganathan,03:13,Tamil,11-03-2008,0.83,0.542,0.061,0.888,-9.839,0.09,149.994,0,2,0.0244,4,92,8974610,2008
Poomudippaal,T.M. Soundararajan,/artist/tm-soundararajan,06:21,Tamil,02-01-2001,0.55,0.22,0.798,0.2,-9.298,0.05,159.992,1,8,0.0,4,69,3870204,2001
Ethazhil Thenpandi Muthukkal,Malaysia Vasudevan|S. Janaki,/artist/malaysia-vasudevan|/artist/s-janaki,04:03,Tamil,05-05-2001,0.86,0.535,0.914,0.808,-8.123,0.03,150.408,0,1,0.07,4,95,2891062,2001
Vananthiram Theem,A Sven Peter,/artist/a-sven-peter,06:08,Tamil,07-01-2002,0.96,0.689,0.177,0.119,-7.401,0.038,137.398,1,6,0.012,4,58,837352,2002
Unakhage Poojai Seyda,P. Jayachandran|S. P. Sailaja,/artist/p-jayachandran-1|/artist/s-p-sailaja-2,04:19,Tamil,05-07-2006,0.52,0.23,0.459,0.1,-11.051,0.009,117.974,1,6,0.04,4,79,3507048,2006
Oh Mr.Balu,Jikki,/artist/jikki,02:48,Tamil,12-10-2009,0.29,0.427,0.009,0.632,-3.219,0.06,184.094,1,6,0.09,4,29,4795168,2009
Ponmana Semmalai,Vani Jairam|T.M. Soundararajan,/artist/vani-jayaram|/artist/tm-soundararajan,03:18,Tamil,02-12-2004,0.05,0.01,0.003,0.3,-4.238,0.0307,151.016,1,1,0.05,4,61,8712270,2004
Kangalirandum Vizhi Vilakaga,T.M. Soundararajan|P. Susheela,/artist/tm-soundararajan|/artist/p-suseela-2,03:19,Tamil,10-01-2004,0.33,0.15,0.389,0.5,-7.807,0.04,154.996,1,0,0.0683,4,70,10987022,2004
Neram Varum,K J Yesudas|B.S. Sasirekha,/artist/k-j-yesudas|/artist/bs-sasirekha-1,04:03,Tamil,10-05-2002,0.8,0.222,0.501,0.794,-12.723,0.1,166.196,1,7,0.08,4,27,7757987,2002
Elankiliyae,S. Janaki|S. P. Balasubrahmanyam,/artist/s-janaki|/artist/s-p-balasubrahamanyam,04:34,Tamil,06-07-2022,0.37,0.12,0.583,0.1,-4.015,0.07,165.582,1,10,0.017,4,50,4217864,2022
Brindavanathukku,P. Susheela,/artist/p-suseela-2,04:38,Tamil,02-07-2009,0.5,0.016,0.849,0.971,-13.97,0.02,160.079,0,10,0.07,4,84,8781123,2009
Podhikai Malai,Vani Jairam,/artist/vani-jayaram,03:01,Tamil,02-02-2022,0.8,0.87,0.818,0.1,-3.884,0.059,137.904,0,1,0.02,4,71,5657799,2022
Allah Unnai,S.Sarala,/artist/ssarala,03:04,Tamil,03-06-2001,0.73,0.56,0.076,0.459,-7.987,0.007,160.047,1,6,0.02,4,58,3563004,2001
Lakshmi Padmavathi,T.M. Soundararajan|Rajkumar Bharathi,/artist/tm-soundararajan|/artist/rajkumar-bharathi,05:17,Tamil,04-01-2000,0.86,0.97,0.563,0.9,-9.586,0.0756,111.001,1,6,0.0675,4,33,798848,2000
Raja Vaada,S. Janaki|P. Jayachandran,/artist/s-janaki|/artist/p-jayachandran-1,04:17,Tamil,04-08-2020,0.87,0.734,0.661,0.065,-13.506,0.01,175.92,1,2,0.022,4,49,10805047,2020
Paaduvome,S. Varalakshmi,/artist/s-varalakshmi-1,03:27,Tamil,07-08-2020,0.63,0.37,0.635,0.0,-7.367,0.0148,141.016,0,10,0.098,4,73,3543660,2020
Nenjukkulle,S. Janaki,/artist/s-janaki,04:28,Tamil,10-07-2008,0.11,0.077,0.141,0.012,-3.268,0.0238,126.091,1,11,0.037,4,43,4044248,2008
Aadum Alaigal,S. Janaki,/artist/s-janaki,02:42,Tamil,03-02-2007,0.44,0.68,0.384,0.1,-3.968,0.001,149.33,1,1,0.0679,4,52,6405854,2007
Katcherika,S. Janaki,/artist/s-janaki,04:18,Tamil,02-02-2000,0.99,0.48,0.247,0.603,-3.838,0.0,140.141,1,9,0.0707,4,69,6617962,2000
Sandhana Kudatthukkule,P Suhseela|T M S Selvakumar,/artist/p-suhseela|/artist/t-m-s-selvakumar,03:19,Tamil,12-12-2003,0.27,0.864,0.174,0.132,-3.922,0.034,130.999,1,2,0.047,4,90,1149101,2003
Pathinettu Vayasu,Malaysia Vasudevan|Swarnalatha,/artist/malaysia-vasudevan|/artist/swarnalatha,04:00,Tamil,09-07-2008,0.7,0.85,0.797,0.1,-10.821,0.09,144.982,1,1,0.07,4,87,8110440,2008
Yedhaiyum Thanguven,T.M. Soundararajan,/artist/tm-soundararajan,04:26,Tamil,04-04-2020,0.79,0.698,0.068,0.069,-5.772,0.0865,150.047,1,9,0.094,4,84,1856927,2020
Machchane Achcharampodu,T.M. Soundararajan|P. Susheela,/artist/tm-soundararajan|/artist/p-suseela-2,03:26,Tamil,06-06-2006,0.67,0.01,0.174,0.8,-12.399,0.02,179.932,1,0,0.0311,4,89,11376155,2006
Thottu Kondal Oru Inbam Punnagai,K J Yesudas,/artist/k-j-yesudas,04:33,Tamil,06-08-2001,0.8,0.83,0.239,0.6,-12.741,0.0787,126.03,1,1,0.072,4,33,4447495,2001
Ondrupatta Makkalundu,M. S. Viswanathan|Vijayaramani,/artist/m-s-viswanathan-2|/artist/vijayaramani,03:41,Tamil,08-11-2020,0.23,0.415,0.972,0.819,-2.911,0.0621,138.075,0,1,0.02,4,45,7824872,2020
Kannizhnda Manithar,A. M. Rajah|P Suhseela,/artist/a-m-rajah-1|/artist/p-suhseela,03:14,Tamil,07-03-2006,0.49,0.07,0.793,0.7,-6.01,0.006,120.106,1,1,0.082,4,55,3746777,2006
Allaahuvin,A.R. Sheik Mohammed,/artist/ar-sheik-mohammed,04:47,Tamil,01-05-2007,0.47,0.82,0.301,0.9,-13.709,0.095,143.997,1,1,0.06,4,31,5961731,2007
Thedi Varum Deiva Sugam,T.M. Soundararajan|P. Susheela,/artist/tm-soundararajan|/artist/p-suseela-2,03:38,Tamil,03-01-2009,0.27,0.32,0.286,0.0,-10.526,0.055,190.006,1,1,0.05,4,29,2088474,2009
Sevikka Vendum Ayya,Sirkazhi Govindarajan,/artist/sirkazhi-govindarajan,08:36,Tamil,06-05-2003,0.23,0.706,0.05,0.583,-3.373,0.06,131.023,0,1,0.049,4,43,3444317,2003
Paalaattril,Jamuna Rani|Sirkazhi Govindarajan,/artist/jamuna-rani|/artist/sirkazhi-govindarajan,03:17,Tamil,09-11-2006,0.21,0.59,0.886,0.5,-8.717,0.028,180.02,1,6,0.005,4,72,4752104,2006
Angalamma,P Suhseela|Malaysia Vasudevan,/artist/p-suhseela|/artist/malaysia-vasudevan,05:29,Tamil,01-06-2004,0.96,0.67,0.438,0.505,-5.733,0.0793,140.042,1,10,0.0102,4,72,3917101,2004
Aalam Padaiththavane,Nellai S.M.Abul Barakath,/artist/nellai-smabul-barakath,07:50,Tamil,12-08-2002,0.91,0.68,0.69,0.2,-7.41,0.0964,159.806,1,5,0.04,4,53,6000742,2002
